
simpleserial-hwchar-tbl-CWNANO.elf:     file format elf32-littlearm

Sections:
Idx Name          Size      VMA       LMA       File off  Algn
  0 .isr_vector   00000188  08000000  08000000  00001000  2**0
                  CONTENTS, ALLOC, LOAD, READONLY, DATA
  1 .text         000025b4  08000188  08000188  00001188  2**2
                  CONTENTS, ALLOC, LOAD, READONLY, CODE
  2 .rodata       00000000  0800273c  0800273c  00004114  2**0
                  CONTENTS, ALLOC, LOAD, DATA
  3 .ARM.extab    00000000  0800273c  0800273c  00004114  2**0
                  CONTENTS
  4 .ARM          00000000  0800273c  0800273c  00004114  2**0
                  CONTENTS
  5 .preinit_array 00000000  0800273c  0800273c  00004114  2**0
                  CONTENTS, ALLOC, LOAD, DATA
  6 .init_array   00000004  0800273c  0800273c  0000373c  2**2
                  CONTENTS, ALLOC, LOAD, DATA
  7 .fini_array   00000004  08002740  08002740  00003740  2**2
                  CONTENTS, ALLOC, LOAD, DATA
  8 .data         00000114  20000000  08002744  00004000  2**8
                  CONTENTS, ALLOC, LOAD, DATA
  9 .bss          00000394  20000200  08002858  00004200  2**8
                  ALLOC
 10 ._user_heap_stack 00000404  20000594  08002858  00004594  2**0
                  ALLOC
 11 .ARM.attributes 00000028  00000000  00000000  00004114  2**0
                  CONTENTS, READONLY
 12 .debug_info   000027ff  00000000  00000000  0000413c  2**0
                  CONTENTS, READONLY, DEBUGGING, OCTETS
 13 .debug_abbrev 000007b1  00000000  00000000  0000693b  2**0
                  CONTENTS, READONLY, DEBUGGING, OCTETS
 14 .debug_loc    0000083a  00000000  00000000  000070ec  2**0
                  CONTENTS, READONLY, DEBUGGING, OCTETS
 15 .debug_aranges 00000198  00000000  00000000  00007926  2**0
                  CONTENTS, READONLY, DEBUGGING, OCTETS
 16 .debug_ranges 00000188  00000000  00000000  00007abe  2**0
                  CONTENTS, READONLY, DEBUGGING, OCTETS
 17 .debug_line   000016b8  00000000  00000000  00007c46  2**0
                  CONTENTS, READONLY, DEBUGGING, OCTETS
 18 .debug_str    00000dbb  00000000  00000000  000092fe  2**0
                  CONTENTS, READONLY, DEBUGGING, OCTETS
 19 .comment      00000045  00000000  00000000  0000a0b9  2**0
                  CONTENTS, READONLY
 20 .debug_frame  0000055c  00000000  00000000  0000a100  2**2
                  CONTENTS, READONLY, DEBUGGING, OCTETS
 21 .stab         00000144  00000000  00000000  0000a65c  2**2
                  CONTENTS, READONLY, DEBUGGING
 22 .stabstr      00000055  00000000  00000000  0000a7a0  2**0
                  CONTENTS, READONLY, DEBUGGING
 23 .debug_line_str 000000c9  00000000  00000000  0000a7f5  2**0
                  CONTENTS, READONLY, DEBUGGING, OCTETS

Disassembly of section .text:

08000188 <__udivsi3>:
 8000188:	2200      	movs	r2, #0
 800018a:	0843      	lsrs	r3, r0, #1
 800018c:	428b      	cmp	r3, r1
 800018e:	d374      	bcc.n	800027a <__udivsi3+0xf2>
 8000190:	0903      	lsrs	r3, r0, #4
 8000192:	428b      	cmp	r3, r1
 8000194:	d35f      	bcc.n	8000256 <__udivsi3+0xce>
 8000196:	0a03      	lsrs	r3, r0, #8
 8000198:	428b      	cmp	r3, r1
 800019a:	d344      	bcc.n	8000226 <__udivsi3+0x9e>
 800019c:	0b03      	lsrs	r3, r0, #12
 800019e:	428b      	cmp	r3, r1
 80001a0:	d328      	bcc.n	80001f4 <__udivsi3+0x6c>
 80001a2:	0c03      	lsrs	r3, r0, #16
 80001a4:	428b      	cmp	r3, r1
 80001a6:	d30d      	bcc.n	80001c4 <__udivsi3+0x3c>
 80001a8:	22ff      	movs	r2, #255	@ 0xff
 80001aa:	0209      	lsls	r1, r1, #8
 80001ac:	ba12      	rev	r2, r2
 80001ae:	0c03      	lsrs	r3, r0, #16
 80001b0:	428b      	cmp	r3, r1
 80001b2:	d302      	bcc.n	80001ba <__udivsi3+0x32>
 80001b4:	1212      	asrs	r2, r2, #8
 80001b6:	0209      	lsls	r1, r1, #8
 80001b8:	d065      	beq.n	8000286 <__udivsi3+0xfe>
 80001ba:	0b03      	lsrs	r3, r0, #12
 80001bc:	428b      	cmp	r3, r1
 80001be:	d319      	bcc.n	80001f4 <__udivsi3+0x6c>
 80001c0:	e000      	b.n	80001c4 <__udivsi3+0x3c>
 80001c2:	0a09      	lsrs	r1, r1, #8
 80001c4:	0bc3      	lsrs	r3, r0, #15
 80001c6:	428b      	cmp	r3, r1
 80001c8:	d301      	bcc.n	80001ce <__udivsi3+0x46>
 80001ca:	03cb      	lsls	r3, r1, #15
 80001cc:	1ac0      	subs	r0, r0, r3
 80001ce:	4152      	adcs	r2, r2
 80001d0:	0b83      	lsrs	r3, r0, #14
 80001d2:	428b      	cmp	r3, r1
 80001d4:	d301      	bcc.n	80001da <__udivsi3+0x52>
 80001d6:	038b      	lsls	r3, r1, #14
 80001d8:	1ac0      	subs	r0, r0, r3
 80001da:	4152      	adcs	r2, r2
 80001dc:	0b43      	lsrs	r3, r0, #13
 80001de:	428b      	cmp	r3, r1
 80001e0:	d301      	bcc.n	80001e6 <__udivsi3+0x5e>
 80001e2:	034b      	lsls	r3, r1, #13
 80001e4:	1ac0      	subs	r0, r0, r3
 80001e6:	4152      	adcs	r2, r2
 80001e8:	0b03      	lsrs	r3, r0, #12
 80001ea:	428b      	cmp	r3, r1
 80001ec:	d301      	bcc.n	80001f2 <__udivsi3+0x6a>
 80001ee:	030b      	lsls	r3, r1, #12
 80001f0:	1ac0      	subs	r0, r0, r3
 80001f2:	4152      	adcs	r2, r2
 80001f4:	0ac3      	lsrs	r3, r0, #11
 80001f6:	428b      	cmp	r3, r1
 80001f8:	d301      	bcc.n	80001fe <__udivsi3+0x76>
 80001fa:	02cb      	lsls	r3, r1, #11
 80001fc:	1ac0      	subs	r0, r0, r3
 80001fe:	4152      	adcs	r2, r2
 8000200:	0a83      	lsrs	r3, r0, #10
 8000202:	428b      	cmp	r3, r1
 8000204:	d301      	bcc.n	800020a <__udivsi3+0x82>
 8000206:	028b      	lsls	r3, r1, #10
 8000208:	1ac0      	subs	r0, r0, r3
 800020a:	4152      	adcs	r2, r2
 800020c:	0a43      	lsrs	r3, r0, #9
 800020e:	428b      	cmp	r3, r1
 8000210:	d301      	bcc.n	8000216 <__udivsi3+0x8e>
 8000212:	024b      	lsls	r3, r1, #9
 8000214:	1ac0      	subs	r0, r0, r3
 8000216:	4152      	adcs	r2, r2
 8000218:	0a03      	lsrs	r3, r0, #8
 800021a:	428b      	cmp	r3, r1
 800021c:	d301      	bcc.n	8000222 <__udivsi3+0x9a>
 800021e:	020b      	lsls	r3, r1, #8
 8000220:	1ac0      	subs	r0, r0, r3
 8000222:	4152      	adcs	r2, r2
 8000224:	d2cd      	bcs.n	80001c2 <__udivsi3+0x3a>
 8000226:	09c3      	lsrs	r3, r0, #7
 8000228:	428b      	cmp	r3, r1
 800022a:	d301      	bcc.n	8000230 <__udivsi3+0xa8>
 800022c:	01cb      	lsls	r3, r1, #7
 800022e:	1ac0      	subs	r0, r0, r3
 8000230:	4152      	adcs	r2, r2
 8000232:	0983      	lsrs	r3, r0, #6
 8000234:	428b      	cmp	r3, r1
 8000236:	d301      	bcc.n	800023c <__udivsi3+0xb4>
 8000238:	018b      	lsls	r3, r1, #6
 800023a:	1ac0      	subs	r0, r0, r3
 800023c:	4152      	adcs	r2, r2
 800023e:	0943      	lsrs	r3, r0, #5
 8000240:	428b      	cmp	r3, r1
 8000242:	d301      	bcc.n	8000248 <__udivsi3+0xc0>
 8000244:	014b      	lsls	r3, r1, #5
 8000246:	1ac0      	subs	r0, r0, r3
 8000248:	4152      	adcs	r2, r2
 800024a:	0903      	lsrs	r3, r0, #4
 800024c:	428b      	cmp	r3, r1
 800024e:	d301      	bcc.n	8000254 <__udivsi3+0xcc>
 8000250:	010b      	lsls	r3, r1, #4
 8000252:	1ac0      	subs	r0, r0, r3
 8000254:	4152      	adcs	r2, r2
 8000256:	08c3      	lsrs	r3, r0, #3
 8000258:	428b      	cmp	r3, r1
 800025a:	d301      	bcc.n	8000260 <__udivsi3+0xd8>
 800025c:	00cb      	lsls	r3, r1, #3
 800025e:	1ac0      	subs	r0, r0, r3
 8000260:	4152      	adcs	r2, r2
 8000262:	0883      	lsrs	r3, r0, #2
 8000264:	428b      	cmp	r3, r1
 8000266:	d301      	bcc.n	800026c <__udivsi3+0xe4>
 8000268:	008b      	lsls	r3, r1, #2
 800026a:	1ac0      	subs	r0, r0, r3
 800026c:	4152      	adcs	r2, r2
 800026e:	0843      	lsrs	r3, r0, #1
 8000270:	428b      	cmp	r3, r1
 8000272:	d301      	bcc.n	8000278 <__udivsi3+0xf0>
 8000274:	004b      	lsls	r3, r1, #1
 8000276:	1ac0      	subs	r0, r0, r3
 8000278:	4152      	adcs	r2, r2
 800027a:	1a41      	subs	r1, r0, r1
 800027c:	d200      	bcs.n	8000280 <__udivsi3+0xf8>
 800027e:	4601      	mov	r1, r0
 8000280:	4152      	adcs	r2, r2
 8000282:	4610      	mov	r0, r2
 8000284:	4770      	bx	lr
 8000286:	e7ff      	b.n	8000288 <__udivsi3+0x100>
 8000288:	b501      	push	{r0, lr}
 800028a:	2000      	movs	r0, #0
 800028c:	f000 f806 	bl	800029c <__aeabi_idiv0>
 8000290:	bd02      	pop	{r1, pc}
 8000292:	46c0      	nop			@ (mov r8, r8)

08000294 <__aeabi_uidivmod>:
 8000294:	2900      	cmp	r1, #0
 8000296:	d0f7      	beq.n	8000288 <__udivsi3+0x100>
 8000298:	e776      	b.n	8000188 <__udivsi3>
 800029a:	4770      	bx	lr

0800029c <__aeabi_idiv0>:
 800029c:	4770      	bx	lr
 800029e:	46c0      	nop			@ (mov r8, r8)

080002a0 <deregister_tm_clones>:
 80002a0:	4804      	ldr	r0, [pc, #16]	@ (80002b4 <deregister_tm_clones+0x14>)
 80002a2:	4b05      	ldr	r3, [pc, #20]	@ (80002b8 <deregister_tm_clones+0x18>)
 80002a4:	b510      	push	{r4, lr}
 80002a6:	4283      	cmp	r3, r0
 80002a8:	d003      	beq.n	80002b2 <deregister_tm_clones+0x12>
 80002aa:	4b04      	ldr	r3, [pc, #16]	@ (80002bc <deregister_tm_clones+0x1c>)
 80002ac:	2b00      	cmp	r3, #0
 80002ae:	d000      	beq.n	80002b2 <deregister_tm_clones+0x12>
 80002b0:	4798      	blx	r3
 80002b2:	bd10      	pop	{r4, pc}
 80002b4:	20000114 	.word	0x20000114
 80002b8:	20000114 	.word	0x20000114
 80002bc:	00000000 	.word	0x00000000

080002c0 <register_tm_clones>:
 80002c0:	4806      	ldr	r0, [pc, #24]	@ (80002dc <register_tm_clones+0x1c>)
 80002c2:	4907      	ldr	r1, [pc, #28]	@ (80002e0 <register_tm_clones+0x20>)
 80002c4:	1a09      	subs	r1, r1, r0
 80002c6:	108b      	asrs	r3, r1, #2
 80002c8:	0fc9      	lsrs	r1, r1, #31
 80002ca:	18c9      	adds	r1, r1, r3
 80002cc:	b510      	push	{r4, lr}
 80002ce:	1049      	asrs	r1, r1, #1
 80002d0:	d003      	beq.n	80002da <register_tm_clones+0x1a>
 80002d2:	4b04      	ldr	r3, [pc, #16]	@ (80002e4 <register_tm_clones+0x24>)
 80002d4:	2b00      	cmp	r3, #0
 80002d6:	d000      	beq.n	80002da <register_tm_clones+0x1a>
 80002d8:	4798      	blx	r3
 80002da:	bd10      	pop	{r4, pc}
 80002dc:	20000114 	.word	0x20000114
 80002e0:	20000114 	.word	0x20000114
 80002e4:	00000000 	.word	0x00000000

080002e8 <__do_global_dtors_aux>:
 80002e8:	b510      	push	{r4, lr}
 80002ea:	4c07      	ldr	r4, [pc, #28]	@ (8000308 <__do_global_dtors_aux+0x20>)
 80002ec:	7823      	ldrb	r3, [r4, #0]
 80002ee:	2b00      	cmp	r3, #0
 80002f0:	d109      	bne.n	8000306 <__do_global_dtors_aux+0x1e>
 80002f2:	f7ff ffd5 	bl	80002a0 <deregister_tm_clones>
 80002f6:	4b05      	ldr	r3, [pc, #20]	@ (800030c <__do_global_dtors_aux+0x24>)
 80002f8:	2b00      	cmp	r3, #0
 80002fa:	d002      	beq.n	8000302 <__do_global_dtors_aux+0x1a>
 80002fc:	4804      	ldr	r0, [pc, #16]	@ (8000310 <__do_global_dtors_aux+0x28>)
 80002fe:	e000      	b.n	8000302 <__do_global_dtors_aux+0x1a>
 8000300:	bf00      	nop
 8000302:	2301      	movs	r3, #1
 8000304:	7023      	strb	r3, [r4, #0]
 8000306:	bd10      	pop	{r4, pc}
 8000308:	20000578 	.word	0x20000578
 800030c:	00000000 	.word	0x00000000
 8000310:	08002724 	.word	0x08002724

08000314 <frame_dummy>:
 8000314:	4b05      	ldr	r3, [pc, #20]	@ (800032c <frame_dummy+0x18>)
 8000316:	b510      	push	{r4, lr}
 8000318:	2b00      	cmp	r3, #0
 800031a:	d003      	beq.n	8000324 <frame_dummy+0x10>
 800031c:	4904      	ldr	r1, [pc, #16]	@ (8000330 <frame_dummy+0x1c>)
 800031e:	4805      	ldr	r0, [pc, #20]	@ (8000334 <frame_dummy+0x20>)
 8000320:	e000      	b.n	8000324 <frame_dummy+0x10>
 8000322:	bf00      	nop
 8000324:	f7ff ffcc 	bl	80002c0 <register_tm_clones>
 8000328:	bd10      	pop	{r4, pc}
 800032a:	46c0      	nop			@ (mov r8, r8)
 800032c:	00000000 	.word	0x00000000
 8000330:	2000057c 	.word	0x2000057c
 8000334:	08002724 	.word	0x08002724

08000338 <ev_fixed>:
 8000338:	b590      	push	{r4, r7, lr}
 800033a:	b083      	sub	sp, #12
 800033c:	af00      	add	r7, sp, #0
 800033e:	6078      	str	r0, [r7, #4]
 8000340:	6039      	str	r1, [r7, #0]
 8000342:	687b      	ldr	r3, [r7, #4]
 8000344:	683c      	ldr	r4, [r7, #0]
 8000346:	2000      	movs	r0, #0
 8000348:	2100      	movs	r1, #0
 800034a:	2200      	movs	r2, #0
 800034c:	4621      	mov	r1, r4
 800034e:	bf00      	nop
 8000350:	bf00      	nop
 8000352:	bf00      	nop
 8000354:	bf00      	nop
 8000356:	bf00      	nop
 8000358:	bf00      	nop
 800035a:	bf00      	nop
 800035c:	bf00      	nop
 800035e:	bf00      	nop
 8000360:	bf00      	nop
 8000362:	bf00      	nop
 8000364:	bf00      	nop
 8000366:	bf00      	nop
 8000368:	bf00      	nop
 800036a:	bf00      	nop
 800036c:	bf00      	nop
 800036e:	bf00      	nop
 8000370:	bf00      	nop
 8000372:	bf00      	nop
 8000374:	bf00      	nop
 8000376:	bf00      	nop
 8000378:	bf00      	nop
 800037a:	bf00      	nop
 800037c:	bf00      	nop
 800037e:	bf00      	nop
 8000380:	bf00      	nop
 8000382:	bf00      	nop
 8000384:	bf00      	nop
 8000386:	bf00      	nop
 8000388:	bf00      	nop
 800038a:	bf00      	nop
 800038c:	bf00      	nop
 800038e:	bf00      	nop
 8000390:	bf00      	nop
 8000392:	bf00      	nop
 8000394:	bf00      	nop
 8000396:	bf00      	nop
 8000398:	bf00      	nop
 800039a:	bf00      	nop
 800039c:	bf00      	nop
 800039e:	bf00      	nop
 80003a0:	bf00      	nop
 80003a2:	bf00      	nop
 80003a4:	bf00      	nop
 80003a6:	bf00      	nop
 80003a8:	bf00      	nop
 80003aa:	bf00      	nop
 80003ac:	bf00      	nop
 80003ae:	bf00      	nop
 80003b0:	bf00      	nop
 80003b2:	bf00      	nop
 80003b4:	bf00      	nop
 80003b6:	bf00      	nop
 80003b8:	bf00      	nop
 80003ba:	bf00      	nop
 80003bc:	bf00      	nop
 80003be:	bf00      	nop
 80003c0:	bf00      	nop
 80003c2:	bf00      	nop
 80003c4:	bf00      	nop
 80003c6:	bf00      	nop
 80003c8:	bf00      	nop
 80003ca:	bf00      	nop
 80003cc:	bf00      	nop
 80003ce:	bf00      	nop
 80003d0:	bf00      	nop
 80003d2:	bf00      	nop
 80003d4:	bf00      	nop
 80003d6:	bf00      	nop
 80003d8:	bf00      	nop
 80003da:	bf00      	nop
 80003dc:	bf00      	nop
 80003de:	bf00      	nop
 80003e0:	bf00      	nop
 80003e2:	bf00      	nop
 80003e4:	bf00      	nop
 80003e6:	bf00      	nop
 80003e8:	bf00      	nop
 80003ea:	bf00      	nop
 80003ec:	bf00      	nop
 80003ee:	bf00      	nop
 80003f0:	bf00      	nop
 80003f2:	bf00      	nop
 80003f4:	bf00      	nop
 80003f6:	bf00      	nop
 80003f8:	bf00      	nop
 80003fa:	bf00      	nop
 80003fc:	bf00      	nop
 80003fe:	bf00      	nop
 8000400:	bf00      	nop
 8000402:	bf00      	nop
 8000404:	bf00      	nop
 8000406:	bf00      	nop
 8000408:	bf00      	nop
 800040a:	bf00      	nop
 800040c:	bf00      	nop
 800040e:	bf00      	nop
 8000410:	bf00      	nop
 8000412:	bf00      	nop
 8000414:	bf00      	nop
 8000416:	781a      	ldrb	r2, [r3, #0]
 8000418:	bf00      	nop
 800041a:	bf00      	nop
 800041c:	bf00      	nop
 800041e:	bf00      	nop
 8000420:	bf00      	nop
 8000422:	bf00      	nop
 8000424:	bf00      	nop
 8000426:	bf00      	nop
 8000428:	bf00      	nop
 800042a:	bf00      	nop
 800042c:	bf00      	nop
 800042e:	bf00      	nop
 8000430:	bf00      	nop
 8000432:	bf00      	nop
 8000434:	bf00      	nop
 8000436:	bf00      	nop
 8000438:	bf00      	nop
 800043a:	bf00      	nop
 800043c:	bf00      	nop
 800043e:	bf00      	nop
 8000440:	bf00      	nop
 8000442:	bf00      	nop
 8000444:	bf00      	nop
 8000446:	bf00      	nop
 8000448:	bf00      	nop
 800044a:	bf00      	nop
 800044c:	bf00      	nop
 800044e:	bf00      	nop
 8000450:	bf00      	nop
 8000452:	bf00      	nop
 8000454:	bf00      	nop
 8000456:	bf00      	nop
 8000458:	bf00      	nop
 800045a:	bf00      	nop
 800045c:	bf00      	nop
 800045e:	bf00      	nop
 8000460:	bf00      	nop
 8000462:	bf00      	nop
 8000464:	bf00      	nop
 8000466:	bf00      	nop
 8000468:	bf00      	nop
 800046a:	bf00      	nop
 800046c:	bf00      	nop
 800046e:	bf00      	nop
 8000470:	bf00      	nop
 8000472:	bf00      	nop
 8000474:	bf00      	nop
 8000476:	bf00      	nop
 8000478:	bf00      	nop
 800047a:	bf00      	nop
 800047c:	bf00      	nop
 800047e:	bf00      	nop
 8000480:	bf00      	nop
 8000482:	bf00      	nop
 8000484:	bf00      	nop
 8000486:	bf00      	nop
 8000488:	bf00      	nop
 800048a:	bf00      	nop
 800048c:	bf00      	nop
 800048e:	bf00      	nop
 8000490:	bf00      	nop
 8000492:	bf00      	nop
 8000494:	bf00      	nop
 8000496:	bf00      	nop
 8000498:	bf00      	nop
 800049a:	bf00      	nop
 800049c:	bf00      	nop
 800049e:	bf00      	nop
 80004a0:	bf00      	nop
 80004a2:	bf00      	nop
 80004a4:	bf00      	nop
 80004a6:	bf00      	nop
 80004a8:	bf00      	nop
 80004aa:	bf00      	nop
 80004ac:	bf00      	nop
 80004ae:	bf00      	nop
 80004b0:	bf00      	nop
 80004b2:	bf00      	nop
 80004b4:	bf00      	nop
 80004b6:	bf00      	nop
 80004b8:	bf00      	nop
 80004ba:	bf00      	nop
 80004bc:	bf00      	nop
 80004be:	bf00      	nop
 80004c0:	bf00      	nop
 80004c2:	bf00      	nop
 80004c4:	bf00      	nop
 80004c6:	bf00      	nop
 80004c8:	bf00      	nop
 80004ca:	bf00      	nop
 80004cc:	bf00      	nop
 80004ce:	bf00      	nop
 80004d0:	bf00      	nop
 80004d2:	bf00      	nop
 80004d4:	bf00      	nop
 80004d6:	bf00      	nop
 80004d8:	bf00      	nop
 80004da:	bf00      	nop
 80004dc:	bf00      	nop
 80004de:	bf00      	nop
 80004e0:	7818      	ldrb	r0, [r3, #0]
 80004e2:	bf00      	nop
 80004e4:	bf00      	nop
 80004e6:	bf00      	nop
 80004e8:	bf00      	nop
 80004ea:	bf00      	nop
 80004ec:	bf00      	nop
 80004ee:	bf00      	nop
 80004f0:	bf00      	nop
 80004f2:	bf00      	nop
 80004f4:	bf00      	nop
 80004f6:	bf00      	nop
 80004f8:	bf00      	nop
 80004fa:	bf00      	nop
 80004fc:	bf00      	nop
 80004fe:	bf00      	nop
 8000500:	bf00      	nop
 8000502:	bf00      	nop
 8000504:	bf00      	nop
 8000506:	bf00      	nop
 8000508:	bf00      	nop
 800050a:	bf00      	nop
 800050c:	bf00      	nop
 800050e:	bf00      	nop
 8000510:	bf00      	nop
 8000512:	bf00      	nop
 8000514:	bf00      	nop
 8000516:	bf00      	nop
 8000518:	bf00      	nop
 800051a:	bf00      	nop
 800051c:	bf00      	nop
 800051e:	bf00      	nop
 8000520:	bf00      	nop
 8000522:	bf00      	nop
 8000524:	bf00      	nop
 8000526:	bf00      	nop
 8000528:	bf00      	nop
 800052a:	bf00      	nop
 800052c:	bf00      	nop
 800052e:	bf00      	nop
 8000530:	bf00      	nop
 8000532:	bf00      	nop
 8000534:	bf00      	nop
 8000536:	bf00      	nop
 8000538:	bf00      	nop
 800053a:	bf00      	nop
 800053c:	bf00      	nop
 800053e:	bf00      	nop
 8000540:	bf00      	nop
 8000542:	bf00      	nop
 8000544:	bf00      	nop
 8000546:	bf00      	nop
 8000548:	bf00      	nop
 800054a:	bf00      	nop
 800054c:	bf00      	nop
 800054e:	bf00      	nop
 8000550:	bf00      	nop
 8000552:	bf00      	nop
 8000554:	bf00      	nop
 8000556:	bf00      	nop
 8000558:	bf00      	nop
 800055a:	bf00      	nop
 800055c:	bf00      	nop
 800055e:	bf00      	nop
 8000560:	bf00      	nop
 8000562:	bf00      	nop
 8000564:	bf00      	nop
 8000566:	bf00      	nop
 8000568:	bf00      	nop
 800056a:	bf00      	nop
 800056c:	bf00      	nop
 800056e:	bf00      	nop
 8000570:	bf00      	nop
 8000572:	bf00      	nop
 8000574:	bf00      	nop
 8000576:	bf00      	nop
 8000578:	bf00      	nop
 800057a:	bf00      	nop
 800057c:	bf00      	nop
 800057e:	bf00      	nop
 8000580:	bf00      	nop
 8000582:	bf00      	nop
 8000584:	bf00      	nop
 8000586:	bf00      	nop
 8000588:	bf00      	nop
 800058a:	bf00      	nop
 800058c:	bf00      	nop
 800058e:	bf00      	nop
 8000590:	bf00      	nop
 8000592:	bf00      	nop
 8000594:	bf00      	nop
 8000596:	bf00      	nop
 8000598:	bf00      	nop
 800059a:	bf00      	nop
 800059c:	bf00      	nop
 800059e:	bf00      	nop
 80005a0:	bf00      	nop
 80005a2:	bf00      	nop
 80005a4:	bf00      	nop
 80005a6:	bf00      	nop
 80005a8:	bf00      	nop
 80005aa:	2000      	movs	r0, #0
 80005ac:	2100      	movs	r1, #0
 80005ae:	2200      	movs	r2, #0
 80005b0:	bf00      	nop
 80005b2:	bf00      	nop
 80005b4:	bf00      	nop
 80005b6:	bf00      	nop
 80005b8:	bf00      	nop
 80005ba:	bf00      	nop
 80005bc:	bf00      	nop
 80005be:	bf00      	nop
 80005c0:	bf00      	nop
 80005c2:	bf00      	nop
 80005c4:	bf00      	nop
 80005c6:	bf00      	nop
 80005c8:	bf00      	nop
 80005ca:	bf00      	nop
 80005cc:	bf00      	nop
 80005ce:	bf00      	nop
 80005d0:	bf00      	nop
 80005d2:	bf00      	nop
 80005d4:	bf00      	nop
 80005d6:	bf00      	nop
 80005d8:	46c0      	nop			@ (mov r8, r8)
 80005da:	46bd      	mov	sp, r7
 80005dc:	b003      	add	sp, #12
 80005de:	bd90      	pop	{r4, r7, pc}

080005e0 <ev_table>:
 80005e0:	b590      	push	{r4, r7, lr}
 80005e2:	b083      	sub	sp, #12
 80005e4:	af00      	add	r7, sp, #0
 80005e6:	6078      	str	r0, [r7, #4]
 80005e8:	6039      	str	r1, [r7, #0]
 80005ea:	687b      	ldr	r3, [r7, #4]
 80005ec:	683c      	ldr	r4, [r7, #0]
 80005ee:	2000      	movs	r0, #0
 80005f0:	2100      	movs	r1, #0
 80005f2:	2200      	movs	r2, #0
 80005f4:	4621      	mov	r1, r4
 80005f6:	bf00      	nop
 80005f8:	bf00      	nop
 80005fa:	bf00      	nop
 80005fc:	bf00      	nop
 80005fe:	bf00      	nop
 8000600:	bf00      	nop
 8000602:	bf00      	nop
 8000604:	bf00      	nop
 8000606:	bf00      	nop
 8000608:	bf00      	nop
 800060a:	bf00      	nop
 800060c:	bf00      	nop
 800060e:	bf00      	nop
 8000610:	bf00      	nop
 8000612:	bf00      	nop
 8000614:	bf00      	nop
 8000616:	bf00      	nop
 8000618:	bf00      	nop
 800061a:	bf00      	nop
 800061c:	bf00      	nop
 800061e:	bf00      	nop
 8000620:	bf00      	nop
 8000622:	bf00      	nop
 8000624:	bf00      	nop
 8000626:	bf00      	nop
 8000628:	bf00      	nop
 800062a:	bf00      	nop
 800062c:	bf00      	nop
 800062e:	bf00      	nop
 8000630:	bf00      	nop
 8000632:	bf00      	nop
 8000634:	bf00      	nop
 8000636:	bf00      	nop
 8000638:	bf00      	nop
 800063a:	bf00      	nop
 800063c:	bf00      	nop
 800063e:	bf00      	nop
 8000640:	bf00      	nop
 8000642:	bf00      	nop
 8000644:	bf00      	nop
 8000646:	bf00      	nop
 8000648:	bf00      	nop
 800064a:	bf00      	nop
 800064c:	bf00      	nop
 800064e:	bf00      	nop
 8000650:	bf00      	nop
 8000652:	bf00      	nop
 8000654:	bf00      	nop
 8000656:	bf00      	nop
 8000658:	bf00      	nop
 800065a:	bf00      	nop
 800065c:	bf00      	nop
 800065e:	bf00      	nop
 8000660:	bf00      	nop
 8000662:	bf00      	nop
 8000664:	bf00      	nop
 8000666:	bf00      	nop
 8000668:	bf00      	nop
 800066a:	bf00      	nop
 800066c:	bf00      	nop
 800066e:	bf00      	nop
 8000670:	bf00      	nop
 8000672:	bf00      	nop
 8000674:	bf00      	nop
 8000676:	bf00      	nop
 8000678:	bf00      	nop
 800067a:	bf00      	nop
 800067c:	bf00      	nop
 800067e:	bf00      	nop
 8000680:	bf00      	nop
 8000682:	bf00      	nop
 8000684:	bf00      	nop
 8000686:	bf00      	nop
 8000688:	bf00      	nop
 800068a:	bf00      	nop
 800068c:	bf00      	nop
 800068e:	bf00      	nop
 8000690:	bf00      	nop
 8000692:	bf00      	nop
 8000694:	bf00      	nop
 8000696:	bf00      	nop
 8000698:	bf00      	nop
 800069a:	bf00      	nop
 800069c:	bf00      	nop
 800069e:	bf00      	nop
 80006a0:	bf00      	nop
 80006a2:	bf00      	nop
 80006a4:	bf00      	nop
 80006a6:	bf00      	nop
 80006a8:	bf00      	nop
 80006aa:	bf00      	nop
 80006ac:	bf00      	nop
 80006ae:	bf00      	nop
 80006b0:	bf00      	nop
 80006b2:	bf00      	nop
 80006b4:	bf00      	nop
 80006b6:	bf00      	nop
 80006b8:	bf00      	nop
 80006ba:	bf00      	nop
 80006bc:	bf00      	nop
 80006be:	781a      	ldrb	r2, [r3, #0]
 80006c0:	bf00      	nop
 80006c2:	bf00      	nop
 80006c4:	bf00      	nop
 80006c6:	bf00      	nop
 80006c8:	bf00      	nop
 80006ca:	bf00      	nop
 80006cc:	bf00      	nop
 80006ce:	bf00      	nop
 80006d0:	bf00      	nop
 80006d2:	bf00      	nop
 80006d4:	bf00      	nop
 80006d6:	bf00      	nop
 80006d8:	bf00      	nop
 80006da:	bf00      	nop
 80006dc:	bf00      	nop
 80006de:	bf00      	nop
 80006e0:	bf00      	nop
 80006e2:	bf00      	nop
 80006e4:	bf00      	nop
 80006e6:	bf00      	nop
 80006e8:	bf00      	nop
 80006ea:	bf00      	nop
 80006ec:	bf00      	nop
 80006ee:	bf00      	nop
 80006f0:	bf00      	nop
 80006f2:	bf00      	nop
 80006f4:	bf00      	nop
 80006f6:	bf00      	nop
 80006f8:	bf00      	nop
 80006fa:	bf00      	nop
 80006fc:	bf00      	nop
 80006fe:	bf00      	nop
 8000700:	bf00      	nop
 8000702:	bf00      	nop
 8000704:	bf00      	nop
 8000706:	bf00      	nop
 8000708:	bf00      	nop
 800070a:	bf00      	nop
 800070c:	bf00      	nop
 800070e:	bf00      	nop
 8000710:	bf00      	nop
 8000712:	bf00      	nop
 8000714:	bf00      	nop
 8000716:	bf00      	nop
 8000718:	bf00      	nop
 800071a:	bf00      	nop
 800071c:	bf00      	nop
 800071e:	bf00      	nop
 8000720:	bf00      	nop
 8000722:	bf00      	nop
 8000724:	bf00      	nop
 8000726:	bf00      	nop
 8000728:	bf00      	nop
 800072a:	bf00      	nop
 800072c:	bf00      	nop
 800072e:	bf00      	nop
 8000730:	bf00      	nop
 8000732:	bf00      	nop
 8000734:	bf00      	nop
 8000736:	bf00      	nop
 8000738:	bf00      	nop
 800073a:	bf00      	nop
 800073c:	bf00      	nop
 800073e:	bf00      	nop
 8000740:	bf00      	nop
 8000742:	bf00      	nop
 8000744:	bf00      	nop
 8000746:	bf00      	nop
 8000748:	bf00      	nop
 800074a:	bf00      	nop
 800074c:	bf00      	nop
 800074e:	bf00      	nop
 8000750:	bf00      	nop
 8000752:	bf00      	nop
 8000754:	bf00      	nop
 8000756:	bf00      	nop
 8000758:	bf00      	nop
 800075a:	bf00      	nop
 800075c:	bf00      	nop
 800075e:	bf00      	nop
 8000760:	bf00      	nop
 8000762:	bf00      	nop
 8000764:	bf00      	nop
 8000766:	bf00      	nop
 8000768:	bf00      	nop
 800076a:	bf00      	nop
 800076c:	bf00      	nop
 800076e:	bf00      	nop
 8000770:	bf00      	nop
 8000772:	bf00      	nop
 8000774:	bf00      	nop
 8000776:	bf00      	nop
 8000778:	bf00      	nop
 800077a:	bf00      	nop
 800077c:	bf00      	nop
 800077e:	bf00      	nop
 8000780:	bf00      	nop
 8000782:	bf00      	nop
 8000784:	bf00      	nop
 8000786:	bf00      	nop
 8000788:	5c88      	ldrb	r0, [r1, r2]
 800078a:	bf00      	nop
 800078c:	bf00      	nop
 800078e:	bf00      	nop
 8000790:	bf00      	nop
 8000792:	bf00      	nop
 8000794:	bf00      	nop
 8000796:	bf00      	nop
 8000798:	bf00      	nop
 800079a:	bf00      	nop
 800079c:	bf00      	nop
 800079e:	bf00      	nop
 80007a0:	bf00      	nop
 80007a2:	bf00      	nop
 80007a4:	bf00      	nop
 80007a6:	bf00      	nop
 80007a8:	bf00      	nop
 80007aa:	bf00      	nop
 80007ac:	bf00      	nop
 80007ae:	bf00      	nop
 80007b0:	bf00      	nop
 80007b2:	bf00      	nop
 80007b4:	bf00      	nop
 80007b6:	bf00      	nop
 80007b8:	bf00      	nop
 80007ba:	bf00      	nop
 80007bc:	bf00      	nop
 80007be:	bf00      	nop
 80007c0:	bf00      	nop
 80007c2:	bf00      	nop
 80007c4:	bf00      	nop
 80007c6:	bf00      	nop
 80007c8:	bf00      	nop
 80007ca:	bf00      	nop
 80007cc:	bf00      	nop
 80007ce:	bf00      	nop
 80007d0:	bf00      	nop
 80007d2:	bf00      	nop
 80007d4:	bf00      	nop
 80007d6:	bf00      	nop
 80007d8:	bf00      	nop
 80007da:	bf00      	nop
 80007dc:	bf00      	nop
 80007de:	bf00      	nop
 80007e0:	bf00      	nop
 80007e2:	bf00      	nop
 80007e4:	bf00      	nop
 80007e6:	bf00      	nop
 80007e8:	bf00      	nop
 80007ea:	bf00      	nop
 80007ec:	bf00      	nop
 80007ee:	bf00      	nop
 80007f0:	bf00      	nop
 80007f2:	bf00      	nop
 80007f4:	bf00      	nop
 80007f6:	bf00      	nop
 80007f8:	bf00      	nop
 80007fa:	bf00      	nop
 80007fc:	bf00      	nop
 80007fe:	bf00      	nop
 8000800:	bf00      	nop
 8000802:	bf00      	nop
 8000804:	bf00      	nop
 8000806:	bf00      	nop
 8000808:	bf00      	nop
 800080a:	bf00      	nop
 800080c:	bf00      	nop
 800080e:	bf00      	nop
 8000810:	bf00      	nop
 8000812:	bf00      	nop
 8000814:	bf00      	nop
 8000816:	bf00      	nop
 8000818:	bf00      	nop
 800081a:	bf00      	nop
 800081c:	bf00      	nop
 800081e:	bf00      	nop
 8000820:	bf00      	nop
 8000822:	bf00      	nop
 8000824:	bf00      	nop
 8000826:	bf00      	nop
 8000828:	bf00      	nop
 800082a:	bf00      	nop
 800082c:	bf00      	nop
 800082e:	bf00      	nop
 8000830:	bf00      	nop
 8000832:	bf00      	nop
 8000834:	bf00      	nop
 8000836:	bf00      	nop
 8000838:	bf00      	nop
 800083a:	bf00      	nop
 800083c:	bf00      	nop
 800083e:	bf00      	nop
 8000840:	bf00      	nop
 8000842:	bf00      	nop
 8000844:	bf00      	nop
 8000846:	bf00      	nop
 8000848:	bf00      	nop
 800084a:	bf00      	nop
 800084c:	bf00      	nop
 800084e:	bf00      	nop
 8000850:	bf00      	nop
 8000852:	2000      	movs	r0, #0
 8000854:	2100      	movs	r1, #0
 8000856:	2200      	movs	r2, #0
 8000858:	bf00      	nop
 800085a:	bf00      	nop
 800085c:	bf00      	nop
 800085e:	bf00      	nop
 8000860:	bf00      	nop
 8000862:	bf00      	nop
 8000864:	bf00      	nop
 8000866:	bf00      	nop
 8000868:	bf00      	nop
 800086a:	bf00      	nop
 800086c:	bf00      	nop
 800086e:	bf00      	nop
 8000870:	bf00      	nop
 8000872:	bf00      	nop
 8000874:	bf00      	nop
 8000876:	bf00      	nop
 8000878:	bf00      	nop
 800087a:	bf00      	nop
 800087c:	bf00      	nop
 800087e:	bf00      	nop
 8000880:	46c0      	nop			@ (mov r8, r8)
 8000882:	46bd      	mov	sp, r7
 8000884:	b003      	add	sp, #12
 8000886:	bd90      	pop	{r4, r7, pc}

08000888 <ev_table_pre>:
 8000888:	b5f0      	push	{r4, r5, r6, r7, lr}
 800088a:	b083      	sub	sp, #12
 800088c:	af00      	add	r7, sp, #0
 800088e:	6078      	str	r0, [r7, #4]
 8000890:	6039      	str	r1, [r7, #0]
 8000892:	687b      	ldr	r3, [r7, #4]
 8000894:	683c      	ldr	r4, [r7, #0]
 8000896:	2000      	movs	r0, #0
 8000898:	2100      	movs	r1, #0
 800089a:	2200      	movs	r2, #0
 800089c:	4621      	mov	r1, r4
 800089e:	bf00      	nop
 80008a0:	bf00      	nop
 80008a2:	bf00      	nop
 80008a4:	bf00      	nop
 80008a6:	bf00      	nop
 80008a8:	bf00      	nop
 80008aa:	bf00      	nop
 80008ac:	bf00      	nop
 80008ae:	bf00      	nop
 80008b0:	bf00      	nop
 80008b2:	bf00      	nop
 80008b4:	bf00      	nop
 80008b6:	bf00      	nop
 80008b8:	bf00      	nop
 80008ba:	bf00      	nop
 80008bc:	bf00      	nop
 80008be:	bf00      	nop
 80008c0:	bf00      	nop
 80008c2:	bf00      	nop
 80008c4:	bf00      	nop
 80008c6:	bf00      	nop
 80008c8:	bf00      	nop
 80008ca:	bf00      	nop
 80008cc:	bf00      	nop
 80008ce:	bf00      	nop
 80008d0:	bf00      	nop
 80008d2:	bf00      	nop
 80008d4:	bf00      	nop
 80008d6:	bf00      	nop
 80008d8:	bf00      	nop
 80008da:	bf00      	nop
 80008dc:	bf00      	nop
 80008de:	bf00      	nop
 80008e0:	bf00      	nop
 80008e2:	bf00      	nop
 80008e4:	bf00      	nop
 80008e6:	bf00      	nop
 80008e8:	bf00      	nop
 80008ea:	bf00      	nop
 80008ec:	bf00      	nop
 80008ee:	bf00      	nop
 80008f0:	bf00      	nop
 80008f2:	bf00      	nop
 80008f4:	bf00      	nop
 80008f6:	bf00      	nop
 80008f8:	bf00      	nop
 80008fa:	bf00      	nop
 80008fc:	bf00      	nop
 80008fe:	bf00      	nop
 8000900:	bf00      	nop
 8000902:	bf00      	nop
 8000904:	bf00      	nop
 8000906:	bf00      	nop
 8000908:	bf00      	nop
 800090a:	bf00      	nop
 800090c:	bf00      	nop
 800090e:	bf00      	nop
 8000910:	bf00      	nop
 8000912:	bf00      	nop
 8000914:	bf00      	nop
 8000916:	bf00      	nop
 8000918:	bf00      	nop
 800091a:	bf00      	nop
 800091c:	bf00      	nop
 800091e:	bf00      	nop
 8000920:	bf00      	nop
 8000922:	bf00      	nop
 8000924:	bf00      	nop
 8000926:	bf00      	nop
 8000928:	bf00      	nop
 800092a:	bf00      	nop
 800092c:	bf00      	nop
 800092e:	bf00      	nop
 8000930:	bf00      	nop
 8000932:	bf00      	nop
 8000934:	bf00      	nop
 8000936:	bf00      	nop
 8000938:	bf00      	nop
 800093a:	bf00      	nop
 800093c:	bf00      	nop
 800093e:	bf00      	nop
 8000940:	bf00      	nop
 8000942:	bf00      	nop
 8000944:	bf00      	nop
 8000946:	bf00      	nop
 8000948:	bf00      	nop
 800094a:	bf00      	nop
 800094c:	bf00      	nop
 800094e:	bf00      	nop
 8000950:	bf00      	nop
 8000952:	bf00      	nop
 8000954:	bf00      	nop
 8000956:	bf00      	nop
 8000958:	bf00      	nop
 800095a:	bf00      	nop
 800095c:	bf00      	nop
 800095e:	bf00      	nop
 8000960:	bf00      	nop
 8000962:	bf00      	nop
 8000964:	bf00      	nop
 8000966:	781a      	ldrb	r2, [r3, #0]
 8000968:	bf00      	nop
 800096a:	bf00      	nop
 800096c:	bf00      	nop
 800096e:	bf00      	nop
 8000970:	bf00      	nop
 8000972:	bf00      	nop
 8000974:	bf00      	nop
 8000976:	bf00      	nop
 8000978:	bf00      	nop
 800097a:	bf00      	nop
 800097c:	bf00      	nop
 800097e:	bf00      	nop
 8000980:	bf00      	nop
 8000982:	bf00      	nop
 8000984:	bf00      	nop
 8000986:	bf00      	nop
 8000988:	bf00      	nop
 800098a:	bf00      	nop
 800098c:	bf00      	nop
 800098e:	bf00      	nop
 8000990:	bf00      	nop
 8000992:	bf00      	nop
 8000994:	bf00      	nop
 8000996:	bf00      	nop
 8000998:	bf00      	nop
 800099a:	bf00      	nop
 800099c:	bf00      	nop
 800099e:	bf00      	nop
 80009a0:	bf00      	nop
 80009a2:	bf00      	nop
 80009a4:	bf00      	nop
 80009a6:	bf00      	nop
 80009a8:	bf00      	nop
 80009aa:	bf00      	nop
 80009ac:	bf00      	nop
 80009ae:	bf00      	nop
 80009b0:	bf00      	nop
 80009b2:	bf00      	nop
 80009b4:	bf00      	nop
 80009b6:	bf00      	nop
 80009b8:	bf00      	nop
 80009ba:	bf00      	nop
 80009bc:	bf00      	nop
 80009be:	bf00      	nop
 80009c0:	bf00      	nop
 80009c2:	bf00      	nop
 80009c4:	bf00      	nop
 80009c6:	bf00      	nop
 80009c8:	bf00      	nop
 80009ca:	bf00      	nop
 80009cc:	bf00      	nop
 80009ce:	bf00      	nop
 80009d0:	bf00      	nop
 80009d2:	bf00      	nop
 80009d4:	bf00      	nop
 80009d6:	bf00      	nop
 80009d8:	bf00      	nop
 80009da:	bf00      	nop
 80009dc:	bf00      	nop
 80009de:	bf00      	nop
 80009e0:	bf00      	nop
 80009e2:	bf00      	nop
 80009e4:	bf00      	nop
 80009e6:	bf00      	nop
 80009e8:	bf00      	nop
 80009ea:	bf00      	nop
 80009ec:	bf00      	nop
 80009ee:	bf00      	nop
 80009f0:	bf00      	nop
 80009f2:	bf00      	nop
 80009f4:	bf00      	nop
 80009f6:	bf00      	nop
 80009f8:	bf00      	nop
 80009fa:	bf00      	nop
 80009fc:	bf00      	nop
 80009fe:	bf00      	nop
 8000a00:	bf00      	nop
 8000a02:	bf00      	nop
 8000a04:	bf00      	nop
 8000a06:	bf00      	nop
 8000a08:	bf00      	nop
 8000a0a:	789d      	ldrb	r5, [r3, #2]
 8000a0c:	78de      	ldrb	r6, [r3, #3]
 8000a0e:	4075      	eors	r5, r6
 8000a10:	19ae      	adds	r6, r5, r6
 8000a12:	402e      	ands	r6, r5
 8000a14:	00ed      	lsls	r5, r5, #3
 8000a16:	721e      	strb	r6, [r3, #8]
 8000a18:	791d      	ldrb	r5, [r3, #4]
 8000a1a:	4075      	eors	r5, r6
 8000a1c:	795e      	ldrb	r6, [r3, #5]
 8000a1e:	bf00      	nop
 8000a20:	bf00      	nop
 8000a22:	bf00      	nop
 8000a24:	bf00      	nop
 8000a26:	5c88      	ldrb	r0, [r1, r2]
 8000a28:	bf00      	nop
 8000a2a:	bf00      	nop
 8000a2c:	bf00      	nop
 8000a2e:	bf00      	nop
 8000a30:	bf00      	nop
 8000a32:	bf00      	nop
 8000a34:	bf00      	nop
 8000a36:	bf00      	nop
 8000a38:	bf00      	nop
 8000a3a:	bf00      	nop
 8000a3c:	bf00      	nop
 8000a3e:	bf00      	nop
 8000a40:	bf00      	nop
 8000a42:	bf00      	nop
 8000a44:	bf00      	nop
 8000a46:	bf00      	nop
 8000a48:	bf00      	nop
 8000a4a:	bf00      	nop
 8000a4c:	bf00      	nop
 8000a4e:	bf00      	nop
 8000a50:	bf00      	nop
 8000a52:	bf00      	nop
 8000a54:	bf00      	nop
 8000a56:	bf00      	nop
 8000a58:	bf00      	nop
 8000a5a:	bf00      	nop
 8000a5c:	bf00      	nop
 8000a5e:	bf00      	nop
 8000a60:	bf00      	nop
 8000a62:	bf00      	nop
 8000a64:	bf00      	nop
 8000a66:	bf00      	nop
 8000a68:	bf00      	nop
 8000a6a:	bf00      	nop
 8000a6c:	bf00      	nop
 8000a6e:	bf00      	nop
 8000a70:	bf00      	nop
 8000a72:	bf00      	nop
 8000a74:	bf00      	nop
 8000a76:	bf00      	nop
 8000a78:	bf00      	nop
 8000a7a:	bf00      	nop
 8000a7c:	bf00      	nop
 8000a7e:	bf00      	nop
 8000a80:	bf00      	nop
 8000a82:	bf00      	nop
 8000a84:	bf00      	nop
 8000a86:	bf00      	nop
 8000a88:	bf00      	nop
 8000a8a:	bf00      	nop
 8000a8c:	bf00      	nop
 8000a8e:	bf00      	nop
 8000a90:	bf00      	nop
 8000a92:	bf00      	nop
 8000a94:	bf00      	nop
 8000a96:	bf00      	nop
 8000a98:	bf00      	nop
 8000a9a:	bf00      	nop
 8000a9c:	bf00      	nop
 8000a9e:	bf00      	nop
 8000aa0:	bf00      	nop
 8000aa2:	bf00      	nop
 8000aa4:	bf00      	nop
 8000aa6:	bf00      	nop
 8000aa8:	bf00      	nop
 8000aaa:	bf00      	nop
 8000aac:	bf00      	nop
 8000aae:	bf00      	nop
 8000ab0:	bf00      	nop
 8000ab2:	bf00      	nop
 8000ab4:	bf00      	nop
 8000ab6:	bf00      	nop
 8000ab8:	bf00      	nop
 8000aba:	bf00      	nop
 8000abc:	bf00      	nop
 8000abe:	bf00      	nop
 8000ac0:	bf00      	nop
 8000ac2:	bf00      	nop
 8000ac4:	bf00      	nop
 8000ac6:	bf00      	nop
 8000ac8:	bf00      	nop
 8000aca:	bf00      	nop
 8000acc:	bf00      	nop
 8000ace:	bf00      	nop
 8000ad0:	bf00      	nop
 8000ad2:	bf00      	nop
 8000ad4:	bf00      	nop
 8000ad6:	bf00      	nop
 8000ad8:	bf00      	nop
 8000ada:	bf00      	nop
 8000adc:	bf00      	nop
 8000ade:	bf00      	nop
 8000ae0:	bf00      	nop
 8000ae2:	bf00      	nop
 8000ae4:	bf00      	nop
 8000ae6:	bf00      	nop
 8000ae8:	bf00      	nop
 8000aea:	bf00      	nop
 8000aec:	bf00      	nop
 8000aee:	bf00      	nop
 8000af0:	2000      	movs	r0, #0
 8000af2:	2100      	movs	r1, #0
 8000af4:	2200      	movs	r2, #0
 8000af6:	2500      	movs	r5, #0
 8000af8:	2600      	movs	r6, #0
 8000afa:	bf00      	nop
 8000afc:	bf00      	nop
 8000afe:	bf00      	nop
 8000b00:	bf00      	nop
 8000b02:	bf00      	nop
 8000b04:	bf00      	nop
 8000b06:	bf00      	nop
 8000b08:	bf00      	nop
 8000b0a:	bf00      	nop
 8000b0c:	bf00      	nop
 8000b0e:	bf00      	nop
 8000b10:	bf00      	nop
 8000b12:	bf00      	nop
 8000b14:	bf00      	nop
 8000b16:	bf00      	nop
 8000b18:	bf00      	nop
 8000b1a:	bf00      	nop
 8000b1c:	bf00      	nop
 8000b1e:	bf00      	nop
 8000b20:	bf00      	nop
 8000b22:	46c0      	nop			@ (mov r8, r8)
 8000b24:	46bd      	mov	sp, r7
 8000b26:	b003      	add	sp, #12
 8000b28:	bdf0      	pop	{r4, r5, r6, r7, pc}
 8000b2a:	0000      	movs	r0, r0

08000b2c <get_pt>:
 8000b2c:	b580      	push	{r7, lr}
 8000b2e:	b084      	sub	sp, #16
 8000b30:	af00      	add	r7, sp, #0
 8000b32:	6078      	str	r0, [r7, #4]
 8000b34:	000a      	movs	r2, r1
 8000b36:	1cfb      	adds	r3, r7, #3
 8000b38:	701a      	strb	r2, [r3, #0]
 8000b3a:	210b      	movs	r1, #11
 8000b3c:	187b      	adds	r3, r7, r1
 8000b3e:	687a      	ldr	r2, [r7, #4]
 8000b40:	7852      	ldrb	r2, [r2, #1]
 8000b42:	701a      	strb	r2, [r3, #0]
 8000b44:	187b      	adds	r3, r7, r1
 8000b46:	781b      	ldrb	r3, [r3, #0]
 8000b48:	2b02      	cmp	r3, #2
 8000b4a:	d102      	bne.n	8000b52 <get_pt+0x26>
 8000b4c:	4b1c      	ldr	r3, [pc, #112]	@ (8000bc0 <get_pt+0x94>)
 8000b4e:	60fb      	str	r3, [r7, #12]
 8000b50:	e001      	b.n	8000b56 <get_pt+0x2a>
 8000b52:	4b1c      	ldr	r3, [pc, #112]	@ (8000bc4 <get_pt+0x98>)
 8000b54:	60fb      	str	r3, [r7, #12]
 8000b56:	230b      	movs	r3, #11
 8000b58:	18fb      	adds	r3, r7, r3
 8000b5a:	781b      	ldrb	r3, [r3, #0]
 8000b5c:	2b00      	cmp	r3, #0
 8000b5e:	d10a      	bne.n	8000b76 <get_pt+0x4a>
 8000b60:	f000 fc4e 	bl	8001400 <trigger_high>
 8000b64:	68fa      	ldr	r2, [r7, #12]
 8000b66:	687b      	ldr	r3, [r7, #4]
 8000b68:	0011      	movs	r1, r2
 8000b6a:	0018      	movs	r0, r3
 8000b6c:	f7ff fbe4 	bl	8000338 <ev_fixed>
 8000b70:	f000 fc52 	bl	8001418 <trigger_low>
 8000b74:	e019      	b.n	8000baa <get_pt+0x7e>
 8000b76:	230b      	movs	r3, #11
 8000b78:	18fb      	adds	r3, r7, r3
 8000b7a:	781b      	ldrb	r3, [r3, #0]
 8000b7c:	2b03      	cmp	r3, #3
 8000b7e:	d10a      	bne.n	8000b96 <get_pt+0x6a>
 8000b80:	f000 fc3e 	bl	8001400 <trigger_high>
 8000b84:	4a0f      	ldr	r2, [pc, #60]	@ (8000bc4 <get_pt+0x98>)
 8000b86:	687b      	ldr	r3, [r7, #4]
 8000b88:	0011      	movs	r1, r2
 8000b8a:	0018      	movs	r0, r3
 8000b8c:	f7ff fe7c 	bl	8000888 <ev_table_pre>
 8000b90:	f000 fc42 	bl	8001418 <trigger_low>
 8000b94:	e009      	b.n	8000baa <get_pt+0x7e>
 8000b96:	f000 fc33 	bl	8001400 <trigger_high>
 8000b9a:	68fa      	ldr	r2, [r7, #12]
 8000b9c:	687b      	ldr	r3, [r7, #4]
 8000b9e:	0011      	movs	r1, r2
 8000ba0:	0018      	movs	r0, r3
 8000ba2:	f7ff fd1d 	bl	80005e0 <ev_table>
 8000ba6:	f000 fc37 	bl	8001418 <trigger_low>
 8000baa:	687b      	ldr	r3, [r7, #4]
 8000bac:	001a      	movs	r2, r3
 8000bae:	2110      	movs	r1, #16
 8000bb0:	2072      	movs	r0, #114	@ 0x72
 8000bb2:	f000 fac9 	bl	8001148 <simpleserial_put>
 8000bb6:	2300      	movs	r3, #0
 8000bb8:	0018      	movs	r0, r3
 8000bba:	46bd      	mov	sp, r7
 8000bbc:	b004      	add	sp, #16
 8000bbe:	bd80      	pop	{r7, pc}
 8000bc0:	20000000 	.word	0x20000000
 8000bc4:	20000200 	.word	0x20000200

08000bc8 <main>:
 8000bc8:	b580      	push	{r7, lr}
 8000bca:	b082      	sub	sp, #8
 8000bcc:	af00      	add	r7, sp, #0
 8000bce:	2300      	movs	r3, #0
 8000bd0:	607b      	str	r3, [r7, #4]
 8000bd2:	e009      	b.n	8000be8 <main+0x20>
 8000bd4:	687b      	ldr	r3, [r7, #4]
 8000bd6:	b2d9      	uxtb	r1, r3
 8000bd8:	4a0d      	ldr	r2, [pc, #52]	@ (8000c10 <main+0x48>)
 8000bda:	687b      	ldr	r3, [r7, #4]
 8000bdc:	18d3      	adds	r3, r2, r3
 8000bde:	1c0a      	adds	r2, r1, #0
 8000be0:	701a      	strb	r2, [r3, #0]
 8000be2:	687b      	ldr	r3, [r7, #4]
 8000be4:	3301      	adds	r3, #1
 8000be6:	607b      	str	r3, [r7, #4]
 8000be8:	687b      	ldr	r3, [r7, #4]
 8000bea:	2bff      	cmp	r3, #255	@ 0xff
 8000bec:	ddf2      	ble.n	8000bd4 <main+0xc>
 8000bee:	f000 faeb 	bl	80011c8 <platform_init>
 8000bf2:	f000 fb3b 	bl	800126c <init_uart>
 8000bf6:	f000 fb9d 	bl	8001334 <trigger_setup>
 8000bfa:	f000 f94d 	bl	8000e98 <simpleserial_init>
 8000bfe:	4b05      	ldr	r3, [pc, #20]	@ (8000c14 <main+0x4c>)
 8000c00:	001a      	movs	r2, r3
 8000c02:	2110      	movs	r1, #16
 8000c04:	2070      	movs	r0, #112	@ 0x70
 8000c06:	f000 f965 	bl	8000ed4 <simpleserial_addcmd>
 8000c0a:	f000 f9c3 	bl	8000f94 <simpleserial_get>
 8000c0e:	e7fc      	b.n	8000c0a <main+0x42>
 8000c10:	20000200 	.word	0x20000200
 8000c14:	08000b2d 	.word	0x08000b2d

08000c18 <check_version>:
 8000c18:	b580      	push	{r7, lr}
 8000c1a:	b082      	sub	sp, #8
 8000c1c:	af00      	add	r7, sp, #0
 8000c1e:	6078      	str	r0, [r7, #4]
 8000c20:	000a      	movs	r2, r1
 8000c22:	1cfb      	adds	r3, r7, #3
 8000c24:	701a      	strb	r2, [r3, #0]
 8000c26:	2301      	movs	r3, #1
 8000c28:	0018      	movs	r0, r3
 8000c2a:	46bd      	mov	sp, r7
 8000c2c:	b002      	add	sp, #8
 8000c2e:	bd80      	pop	{r7, pc}

08000c30 <ss_num_commands>:
 8000c30:	b580      	push	{r7, lr}
 8000c32:	b084      	sub	sp, #16
 8000c34:	af00      	add	r7, sp, #0
 8000c36:	6078      	str	r0, [r7, #4]
 8000c38:	000a      	movs	r2, r1
 8000c3a:	1cfb      	adds	r3, r7, #3
 8000c3c:	701a      	strb	r2, [r3, #0]
 8000c3e:	4b08      	ldr	r3, [pc, #32]	@ (8000c60 <ss_num_commands+0x30>)
 8000c40:	681b      	ldr	r3, [r3, #0]
 8000c42:	b2da      	uxtb	r2, r3
 8000c44:	210f      	movs	r1, #15
 8000c46:	187b      	adds	r3, r7, r1
 8000c48:	701a      	strb	r2, [r3, #0]
 8000c4a:	187b      	adds	r3, r7, r1
 8000c4c:	001a      	movs	r2, r3
 8000c4e:	2101      	movs	r1, #1
 8000c50:	2072      	movs	r0, #114	@ 0x72
 8000c52:	f000 fa79 	bl	8001148 <simpleserial_put>
 8000c56:	2300      	movs	r3, #0
 8000c58:	0018      	movs	r0, r3
 8000c5a:	46bd      	mov	sp, r7
 8000c5c:	b004      	add	sp, #16
 8000c5e:	bd80      	pop	{r7, pc}
 8000c60:	20000300 	.word	0x20000300

08000c64 <ss_get_commands>:
 8000c64:	b5b0      	push	{r4, r5, r7, lr}
 8000c66:	b09c      	sub	sp, #112	@ 0x70
 8000c68:	af00      	add	r7, sp, #0
 8000c6a:	6078      	str	r0, [r7, #4]
 8000c6c:	000a      	movs	r2, r1
 8000c6e:	1cfb      	adds	r3, r7, #3
 8000c70:	701a      	strb	r2, [r3, #0]
 8000c72:	236f      	movs	r3, #111	@ 0x6f
 8000c74:	18fb      	adds	r3, r7, r3
 8000c76:	2200      	movs	r2, #0
 8000c78:	701a      	strb	r2, [r3, #0]
 8000c7a:	e036      	b.n	8000cea <ss_get_commands+0x86>
 8000c7c:	246f      	movs	r4, #111	@ 0x6f
 8000c7e:	193b      	adds	r3, r7, r4
 8000c80:	7819      	ldrb	r1, [r3, #0]
 8000c82:	193b      	adds	r3, r7, r4
 8000c84:	781a      	ldrb	r2, [r3, #0]
 8000c86:	4b27      	ldr	r3, [pc, #156]	@ (8000d24 <ss_get_commands+0xc0>)
 8000c88:	0109      	lsls	r1, r1, #4
 8000c8a:	5cc8      	ldrb	r0, [r1, r3]
 8000c8c:	250c      	movs	r5, #12
 8000c8e:	1979      	adds	r1, r7, r5
 8000c90:	0013      	movs	r3, r2
 8000c92:	005b      	lsls	r3, r3, #1
 8000c94:	189b      	adds	r3, r3, r2
 8000c96:	1c02      	adds	r2, r0, #0
 8000c98:	545a      	strb	r2, [r3, r1]
 8000c9a:	193b      	adds	r3, r7, r4
 8000c9c:	781b      	ldrb	r3, [r3, #0]
 8000c9e:	4a21      	ldr	r2, [pc, #132]	@ (8000d24 <ss_get_commands+0xc0>)
 8000ca0:	011b      	lsls	r3, r3, #4
 8000ca2:	18d3      	adds	r3, r2, r3
 8000ca4:	3304      	adds	r3, #4
 8000ca6:	6819      	ldr	r1, [r3, #0]
 8000ca8:	193b      	adds	r3, r7, r4
 8000caa:	781a      	ldrb	r2, [r3, #0]
 8000cac:	b2c8      	uxtb	r0, r1
 8000cae:	1979      	adds	r1, r7, r5
 8000cb0:	0013      	movs	r3, r2
 8000cb2:	005b      	lsls	r3, r3, #1
 8000cb4:	189b      	adds	r3, r3, r2
 8000cb6:	18cb      	adds	r3, r1, r3
 8000cb8:	3301      	adds	r3, #1
 8000cba:	1c02      	adds	r2, r0, #0
 8000cbc:	701a      	strb	r2, [r3, #0]
 8000cbe:	193b      	adds	r3, r7, r4
 8000cc0:	781b      	ldrb	r3, [r3, #0]
 8000cc2:	193a      	adds	r2, r7, r4
 8000cc4:	7812      	ldrb	r2, [r2, #0]
 8000cc6:	4917      	ldr	r1, [pc, #92]	@ (8000d24 <ss_get_commands+0xc0>)
 8000cc8:	011b      	lsls	r3, r3, #4
 8000cca:	18cb      	adds	r3, r1, r3
 8000ccc:	330c      	adds	r3, #12
 8000cce:	7818      	ldrb	r0, [r3, #0]
 8000cd0:	1979      	adds	r1, r7, r5
 8000cd2:	0013      	movs	r3, r2
 8000cd4:	005b      	lsls	r3, r3, #1
 8000cd6:	189b      	adds	r3, r3, r2
 8000cd8:	18cb      	adds	r3, r1, r3
 8000cda:	3302      	adds	r3, #2
 8000cdc:	1c02      	adds	r2, r0, #0
 8000cde:	701a      	strb	r2, [r3, #0]
 8000ce0:	193b      	adds	r3, r7, r4
 8000ce2:	781a      	ldrb	r2, [r3, #0]
 8000ce4:	193b      	adds	r3, r7, r4
 8000ce6:	3201      	adds	r2, #1
 8000ce8:	701a      	strb	r2, [r3, #0]
 8000cea:	236f      	movs	r3, #111	@ 0x6f
 8000cec:	18fb      	adds	r3, r7, r3
 8000cee:	781a      	ldrb	r2, [r3, #0]
 8000cf0:	4b0d      	ldr	r3, [pc, #52]	@ (8000d28 <ss_get_commands+0xc4>)
 8000cf2:	681b      	ldr	r3, [r3, #0]
 8000cf4:	21ff      	movs	r1, #255	@ 0xff
 8000cf6:	400b      	ands	r3, r1
 8000cf8:	429a      	cmp	r2, r3
 8000cfa:	dbbf      	blt.n	8000c7c <ss_get_commands+0x18>
 8000cfc:	4b0a      	ldr	r3, [pc, #40]	@ (8000d28 <ss_get_commands+0xc4>)
 8000cfe:	681b      	ldr	r3, [r3, #0]
 8000d00:	b2db      	uxtb	r3, r3
 8000d02:	1c1a      	adds	r2, r3, #0
 8000d04:	1c13      	adds	r3, r2, #0
 8000d06:	18db      	adds	r3, r3, r3
 8000d08:	189b      	adds	r3, r3, r2
 8000d0a:	b2db      	uxtb	r3, r3
 8000d0c:	220c      	movs	r2, #12
 8000d0e:	18ba      	adds	r2, r7, r2
 8000d10:	0019      	movs	r1, r3
 8000d12:	2072      	movs	r0, #114	@ 0x72
 8000d14:	f000 fa18 	bl	8001148 <simpleserial_put>
 8000d18:	2300      	movs	r3, #0
 8000d1a:	0018      	movs	r0, r3
 8000d1c:	46bd      	mov	sp, r7
 8000d1e:	b01c      	add	sp, #112	@ 0x70
 8000d20:	bdb0      	pop	{r4, r5, r7, pc}
 8000d22:	46c0      	nop			@ (mov r8, r8)
 8000d24:	20000304 	.word	0x20000304
 8000d28:	20000300 	.word	0x20000300

08000d2c <hex_decode>:
 8000d2c:	b580      	push	{r7, lr}
 8000d2e:	b086      	sub	sp, #24
 8000d30:	af00      	add	r7, sp, #0
 8000d32:	60f8      	str	r0, [r7, #12]
 8000d34:	60b9      	str	r1, [r7, #8]
 8000d36:	607a      	str	r2, [r7, #4]
 8000d38:	2300      	movs	r3, #0
 8000d3a:	617b      	str	r3, [r7, #20]
 8000d3c:	e0a1      	b.n	8000e82 <hex_decode+0x156>
 8000d3e:	697b      	ldr	r3, [r7, #20]
 8000d40:	005b      	lsls	r3, r3, #1
 8000d42:	001a      	movs	r2, r3
 8000d44:	68bb      	ldr	r3, [r7, #8]
 8000d46:	189a      	adds	r2, r3, r2
 8000d48:	2313      	movs	r3, #19
 8000d4a:	18fb      	adds	r3, r7, r3
 8000d4c:	7812      	ldrb	r2, [r2, #0]
 8000d4e:	701a      	strb	r2, [r3, #0]
 8000d50:	697b      	ldr	r3, [r7, #20]
 8000d52:	005b      	lsls	r3, r3, #1
 8000d54:	3301      	adds	r3, #1
 8000d56:	68ba      	ldr	r2, [r7, #8]
 8000d58:	18d2      	adds	r2, r2, r3
 8000d5a:	2112      	movs	r1, #18
 8000d5c:	187b      	adds	r3, r7, r1
 8000d5e:	7812      	ldrb	r2, [r2, #0]
 8000d60:	701a      	strb	r2, [r3, #0]
 8000d62:	187b      	adds	r3, r7, r1
 8000d64:	781b      	ldrb	r3, [r3, #0]
 8000d66:	2b2f      	cmp	r3, #47	@ 0x2f
 8000d68:	d90c      	bls.n	8000d84 <hex_decode+0x58>
 8000d6a:	187b      	adds	r3, r7, r1
 8000d6c:	781b      	ldrb	r3, [r3, #0]
 8000d6e:	2b39      	cmp	r3, #57	@ 0x39
 8000d70:	d808      	bhi.n	8000d84 <hex_decode+0x58>
 8000d72:	697b      	ldr	r3, [r7, #20]
 8000d74:	687a      	ldr	r2, [r7, #4]
 8000d76:	18d3      	adds	r3, r2, r3
 8000d78:	187a      	adds	r2, r7, r1
 8000d7a:	7812      	ldrb	r2, [r2, #0]
 8000d7c:	3a30      	subs	r2, #48	@ 0x30
 8000d7e:	b2d2      	uxtb	r2, r2
 8000d80:	701a      	strb	r2, [r3, #0]
 8000d82:	e025      	b.n	8000dd0 <hex_decode+0xa4>
 8000d84:	2112      	movs	r1, #18
 8000d86:	187b      	adds	r3, r7, r1
 8000d88:	781b      	ldrb	r3, [r3, #0]
 8000d8a:	2b40      	cmp	r3, #64	@ 0x40
 8000d8c:	d90c      	bls.n	8000da8 <hex_decode+0x7c>
 8000d8e:	187b      	adds	r3, r7, r1
 8000d90:	781b      	ldrb	r3, [r3, #0]
 8000d92:	2b46      	cmp	r3, #70	@ 0x46
 8000d94:	d808      	bhi.n	8000da8 <hex_decode+0x7c>
 8000d96:	697b      	ldr	r3, [r7, #20]
 8000d98:	687a      	ldr	r2, [r7, #4]
 8000d9a:	18d3      	adds	r3, r2, r3
 8000d9c:	187a      	adds	r2, r7, r1
 8000d9e:	7812      	ldrb	r2, [r2, #0]
 8000da0:	3a37      	subs	r2, #55	@ 0x37
 8000da2:	b2d2      	uxtb	r2, r2
 8000da4:	701a      	strb	r2, [r3, #0]
 8000da6:	e013      	b.n	8000dd0 <hex_decode+0xa4>
 8000da8:	2112      	movs	r1, #18
 8000daa:	187b      	adds	r3, r7, r1
 8000dac:	781b      	ldrb	r3, [r3, #0]
 8000dae:	2b60      	cmp	r3, #96	@ 0x60
 8000db0:	d90c      	bls.n	8000dcc <hex_decode+0xa0>
 8000db2:	187b      	adds	r3, r7, r1
 8000db4:	781b      	ldrb	r3, [r3, #0]
 8000db6:	2b66      	cmp	r3, #102	@ 0x66
 8000db8:	d808      	bhi.n	8000dcc <hex_decode+0xa0>
 8000dba:	697b      	ldr	r3, [r7, #20]
 8000dbc:	687a      	ldr	r2, [r7, #4]
 8000dbe:	18d3      	adds	r3, r2, r3
 8000dc0:	187a      	adds	r2, r7, r1
 8000dc2:	7812      	ldrb	r2, [r2, #0]
 8000dc4:	3a57      	subs	r2, #87	@ 0x57
 8000dc6:	b2d2      	uxtb	r2, r2
 8000dc8:	701a      	strb	r2, [r3, #0]
 8000dca:	e001      	b.n	8000dd0 <hex_decode+0xa4>
 8000dcc:	2301      	movs	r3, #1
 8000dce:	e05e      	b.n	8000e8e <hex_decode+0x162>
 8000dd0:	2113      	movs	r1, #19
 8000dd2:	187b      	adds	r3, r7, r1
 8000dd4:	781b      	ldrb	r3, [r3, #0]
 8000dd6:	2b2f      	cmp	r3, #47	@ 0x2f
 8000dd8:	d916      	bls.n	8000e08 <hex_decode+0xdc>
 8000dda:	187b      	adds	r3, r7, r1
 8000ddc:	781b      	ldrb	r3, [r3, #0]
 8000dde:	2b39      	cmp	r3, #57	@ 0x39
 8000de0:	d812      	bhi.n	8000e08 <hex_decode+0xdc>
 8000de2:	697b      	ldr	r3, [r7, #20]
 8000de4:	687a      	ldr	r2, [r7, #4]
 8000de6:	18d3      	adds	r3, r2, r3
 8000de8:	781b      	ldrb	r3, [r3, #0]
 8000dea:	b25a      	sxtb	r2, r3
 8000dec:	187b      	adds	r3, r7, r1
 8000dee:	781b      	ldrb	r3, [r3, #0]
 8000df0:	3b30      	subs	r3, #48	@ 0x30
 8000df2:	b25b      	sxtb	r3, r3
 8000df4:	011b      	lsls	r3, r3, #4
 8000df6:	b25b      	sxtb	r3, r3
 8000df8:	4313      	orrs	r3, r2
 8000dfa:	b259      	sxtb	r1, r3
 8000dfc:	697b      	ldr	r3, [r7, #20]
 8000dfe:	687a      	ldr	r2, [r7, #4]
 8000e00:	18d3      	adds	r3, r2, r3
 8000e02:	b2ca      	uxtb	r2, r1
 8000e04:	701a      	strb	r2, [r3, #0]
 8000e06:	e039      	b.n	8000e7c <hex_decode+0x150>
 8000e08:	2113      	movs	r1, #19
 8000e0a:	187b      	adds	r3, r7, r1
 8000e0c:	781b      	ldrb	r3, [r3, #0]
 8000e0e:	2b40      	cmp	r3, #64	@ 0x40
 8000e10:	d916      	bls.n	8000e40 <hex_decode+0x114>
 8000e12:	187b      	adds	r3, r7, r1
 8000e14:	781b      	ldrb	r3, [r3, #0]
 8000e16:	2b46      	cmp	r3, #70	@ 0x46
 8000e18:	d812      	bhi.n	8000e40 <hex_decode+0x114>
 8000e1a:	697b      	ldr	r3, [r7, #20]
 8000e1c:	687a      	ldr	r2, [r7, #4]
 8000e1e:	18d3      	adds	r3, r2, r3
 8000e20:	781b      	ldrb	r3, [r3, #0]
 8000e22:	b25a      	sxtb	r2, r3
 8000e24:	187b      	adds	r3, r7, r1
 8000e26:	781b      	ldrb	r3, [r3, #0]
 8000e28:	3b37      	subs	r3, #55	@ 0x37
 8000e2a:	b25b      	sxtb	r3, r3
 8000e2c:	011b      	lsls	r3, r3, #4
 8000e2e:	b25b      	sxtb	r3, r3
 8000e30:	4313      	orrs	r3, r2
 8000e32:	b259      	sxtb	r1, r3
 8000e34:	697b      	ldr	r3, [r7, #20]
 8000e36:	687a      	ldr	r2, [r7, #4]
 8000e38:	18d3      	adds	r3, r2, r3
 8000e3a:	b2ca      	uxtb	r2, r1
 8000e3c:	701a      	strb	r2, [r3, #0]
 8000e3e:	e01d      	b.n	8000e7c <hex_decode+0x150>
 8000e40:	2113      	movs	r1, #19
 8000e42:	187b      	adds	r3, r7, r1
 8000e44:	781b      	ldrb	r3, [r3, #0]
 8000e46:	2b60      	cmp	r3, #96	@ 0x60
 8000e48:	d916      	bls.n	8000e78 <hex_decode+0x14c>
 8000e4a:	187b      	adds	r3, r7, r1
 8000e4c:	781b      	ldrb	r3, [r3, #0]
 8000e4e:	2b66      	cmp	r3, #102	@ 0x66
 8000e50:	d812      	bhi.n	8000e78 <hex_decode+0x14c>
 8000e52:	697b      	ldr	r3, [r7, #20]
 8000e54:	687a      	ldr	r2, [r7, #4]
 8000e56:	18d3      	adds	r3, r2, r3
 8000e58:	781b      	ldrb	r3, [r3, #0]
 8000e5a:	b25a      	sxtb	r2, r3
 8000e5c:	187b      	adds	r3, r7, r1
 8000e5e:	781b      	ldrb	r3, [r3, #0]
 8000e60:	3b57      	subs	r3, #87	@ 0x57
 8000e62:	b25b      	sxtb	r3, r3
 8000e64:	011b      	lsls	r3, r3, #4
 8000e66:	b25b      	sxtb	r3, r3
 8000e68:	4313      	orrs	r3, r2
 8000e6a:	b259      	sxtb	r1, r3
 8000e6c:	697b      	ldr	r3, [r7, #20]
 8000e6e:	687a      	ldr	r2, [r7, #4]
 8000e70:	18d3      	adds	r3, r2, r3
 8000e72:	b2ca      	uxtb	r2, r1
 8000e74:	701a      	strb	r2, [r3, #0]
 8000e76:	e001      	b.n	8000e7c <hex_decode+0x150>
 8000e78:	2301      	movs	r3, #1
 8000e7a:	e008      	b.n	8000e8e <hex_decode+0x162>
 8000e7c:	697b      	ldr	r3, [r7, #20]
 8000e7e:	3301      	adds	r3, #1
 8000e80:	617b      	str	r3, [r7, #20]
 8000e82:	697a      	ldr	r2, [r7, #20]
 8000e84:	68fb      	ldr	r3, [r7, #12]
 8000e86:	429a      	cmp	r2, r3
 8000e88:	da00      	bge.n	8000e8c <hex_decode+0x160>
 8000e8a:	e758      	b.n	8000d3e <hex_decode+0x12>
 8000e8c:	2300      	movs	r3, #0
 8000e8e:	0018      	movs	r0, r3
 8000e90:	46bd      	mov	sp, r7
 8000e92:	b006      	add	sp, #24
 8000e94:	bd80      	pop	{r7, pc}
 8000e96:	0000      	movs	r0, r0

08000e98 <simpleserial_init>:
 8000e98:	b580      	push	{r7, lr}
 8000e9a:	af00      	add	r7, sp, #0
 8000e9c:	4b0a      	ldr	r3, [pc, #40]	@ (8000ec8 <simpleserial_init+0x30>)
 8000e9e:	001a      	movs	r2, r3
 8000ea0:	2100      	movs	r1, #0
 8000ea2:	2076      	movs	r0, #118	@ 0x76
 8000ea4:	f000 f816 	bl	8000ed4 <simpleserial_addcmd>
 8000ea8:	4b08      	ldr	r3, [pc, #32]	@ (8000ecc <simpleserial_init+0x34>)
 8000eaa:	001a      	movs	r2, r3
 8000eac:	2100      	movs	r1, #0
 8000eae:	2077      	movs	r0, #119	@ 0x77
 8000eb0:	f000 f810 	bl	8000ed4 <simpleserial_addcmd>
 8000eb4:	4b06      	ldr	r3, [pc, #24]	@ (8000ed0 <simpleserial_init+0x38>)
 8000eb6:	001a      	movs	r2, r3
 8000eb8:	2100      	movs	r1, #0
 8000eba:	2079      	movs	r0, #121	@ 0x79
 8000ebc:	f000 f80a 	bl	8000ed4 <simpleserial_addcmd>
 8000ec0:	46c0      	nop			@ (mov r8, r8)
 8000ec2:	46bd      	mov	sp, r7
 8000ec4:	bd80      	pop	{r7, pc}
 8000ec6:	46c0      	nop			@ (mov r8, r8)
 8000ec8:	08000c19 	.word	0x08000c19
 8000ecc:	08000c65 	.word	0x08000c65
 8000ed0:	08000c31 	.word	0x08000c31

08000ed4 <simpleserial_addcmd>:
 8000ed4:	b590      	push	{r4, r7, lr}
 8000ed6:	b085      	sub	sp, #20
 8000ed8:	af00      	add	r7, sp, #0
 8000eda:	60b9      	str	r1, [r7, #8]
 8000edc:	607a      	str	r2, [r7, #4]
 8000ede:	240f      	movs	r4, #15
 8000ee0:	193b      	adds	r3, r7, r4
 8000ee2:	1c02      	adds	r2, r0, #0
 8000ee4:	701a      	strb	r2, [r3, #0]
 8000ee6:	687a      	ldr	r2, [r7, #4]
 8000ee8:	68b9      	ldr	r1, [r7, #8]
 8000eea:	193b      	adds	r3, r7, r4
 8000eec:	7818      	ldrb	r0, [r3, #0]
 8000eee:	2300      	movs	r3, #0
 8000ef0:	f000 f806 	bl	8000f00 <simpleserial_addcmd_flags>
 8000ef4:	0003      	movs	r3, r0
 8000ef6:	0018      	movs	r0, r3
 8000ef8:	46bd      	mov	sp, r7
 8000efa:	b005      	add	sp, #20
 8000efc:	bd90      	pop	{r4, r7, pc}
 8000efe:	0000      	movs	r0, r0

08000f00 <simpleserial_addcmd_flags>:
 8000f00:	b580      	push	{r7, lr}
 8000f02:	b084      	sub	sp, #16
 8000f04:	af00      	add	r7, sp, #0
 8000f06:	60b9      	str	r1, [r7, #8]
 8000f08:	607a      	str	r2, [r7, #4]
 8000f0a:	0019      	movs	r1, r3
 8000f0c:	230f      	movs	r3, #15
 8000f0e:	18fb      	adds	r3, r7, r3
 8000f10:	1c02      	adds	r2, r0, #0
 8000f12:	701a      	strb	r2, [r3, #0]
 8000f14:	230e      	movs	r3, #14
 8000f16:	18fb      	adds	r3, r7, r3
 8000f18:	1c0a      	adds	r2, r1, #0
 8000f1a:	701a      	strb	r2, [r3, #0]
 8000f1c:	4b1b      	ldr	r3, [pc, #108]	@ (8000f8c <simpleserial_addcmd_flags+0x8c>)
 8000f1e:	681b      	ldr	r3, [r3, #0]
 8000f20:	2b1f      	cmp	r3, #31
 8000f22:	dd01      	ble.n	8000f28 <simpleserial_addcmd_flags+0x28>
 8000f24:	2301      	movs	r3, #1
 8000f26:	e02c      	b.n	8000f82 <simpleserial_addcmd_flags+0x82>
 8000f28:	68bb      	ldr	r3, [r7, #8]
 8000f2a:	2b3f      	cmp	r3, #63	@ 0x3f
 8000f2c:	d901      	bls.n	8000f32 <simpleserial_addcmd_flags+0x32>
 8000f2e:	2301      	movs	r3, #1
 8000f30:	e027      	b.n	8000f82 <simpleserial_addcmd_flags+0x82>
 8000f32:	4b16      	ldr	r3, [pc, #88]	@ (8000f8c <simpleserial_addcmd_flags+0x8c>)
 8000f34:	681a      	ldr	r2, [r3, #0]
 8000f36:	4b16      	ldr	r3, [pc, #88]	@ (8000f90 <simpleserial_addcmd_flags+0x90>)
 8000f38:	0112      	lsls	r2, r2, #4
 8000f3a:	210f      	movs	r1, #15
 8000f3c:	1879      	adds	r1, r7, r1
 8000f3e:	7809      	ldrb	r1, [r1, #0]
 8000f40:	54d1      	strb	r1, [r2, r3]
 8000f42:	4b12      	ldr	r3, [pc, #72]	@ (8000f8c <simpleserial_addcmd_flags+0x8c>)
 8000f44:	681b      	ldr	r3, [r3, #0]
 8000f46:	4a12      	ldr	r2, [pc, #72]	@ (8000f90 <simpleserial_addcmd_flags+0x90>)
 8000f48:	011b      	lsls	r3, r3, #4
 8000f4a:	18d3      	adds	r3, r2, r3
 8000f4c:	3304      	adds	r3, #4
 8000f4e:	68ba      	ldr	r2, [r7, #8]
 8000f50:	601a      	str	r2, [r3, #0]
 8000f52:	4b0e      	ldr	r3, [pc, #56]	@ (8000f8c <simpleserial_addcmd_flags+0x8c>)
 8000f54:	681b      	ldr	r3, [r3, #0]
 8000f56:	4a0e      	ldr	r2, [pc, #56]	@ (8000f90 <simpleserial_addcmd_flags+0x90>)
 8000f58:	011b      	lsls	r3, r3, #4
 8000f5a:	18d3      	adds	r3, r2, r3
 8000f5c:	3308      	adds	r3, #8
 8000f5e:	687a      	ldr	r2, [r7, #4]
 8000f60:	601a      	str	r2, [r3, #0]
 8000f62:	4b0a      	ldr	r3, [pc, #40]	@ (8000f8c <simpleserial_addcmd_flags+0x8c>)
 8000f64:	681b      	ldr	r3, [r3, #0]
 8000f66:	4a0a      	ldr	r2, [pc, #40]	@ (8000f90 <simpleserial_addcmd_flags+0x90>)
 8000f68:	011b      	lsls	r3, r3, #4
 8000f6a:	18d3      	adds	r3, r2, r3
 8000f6c:	330c      	adds	r3, #12
 8000f6e:	220e      	movs	r2, #14
 8000f70:	18ba      	adds	r2, r7, r2
 8000f72:	7812      	ldrb	r2, [r2, #0]
 8000f74:	701a      	strb	r2, [r3, #0]
 8000f76:	4b05      	ldr	r3, [pc, #20]	@ (8000f8c <simpleserial_addcmd_flags+0x8c>)
 8000f78:	681b      	ldr	r3, [r3, #0]
 8000f7a:	1c5a      	adds	r2, r3, #1
 8000f7c:	4b03      	ldr	r3, [pc, #12]	@ (8000f8c <simpleserial_addcmd_flags+0x8c>)
 8000f7e:	601a      	str	r2, [r3, #0]
 8000f80:	2300      	movs	r3, #0
 8000f82:	0018      	movs	r0, r3
 8000f84:	46bd      	mov	sp, r7
 8000f86:	b004      	add	sp, #16
 8000f88:	bd80      	pop	{r7, pc}
 8000f8a:	46c0      	nop			@ (mov r8, r8)
 8000f8c:	20000300 	.word	0x20000300
 8000f90:	20000304 	.word	0x20000304

08000f94 <simpleserial_get>:
 8000f94:	b5b0      	push	{r4, r5, r7, lr}
 8000f96:	b0b6      	sub	sp, #216	@ 0xd8
 8000f98:	af00      	add	r7, sp, #0
 8000f9a:	23cf      	movs	r3, #207	@ 0xcf
 8000f9c:	18fc      	adds	r4, r7, r3
 8000f9e:	f000 fa47 	bl	8001430 <getch>
 8000fa2:	0003      	movs	r3, r0
 8000fa4:	7023      	strb	r3, [r4, #0]
 8000fa6:	2300      	movs	r3, #0
 8000fa8:	22d4      	movs	r2, #212	@ 0xd4
 8000faa:	18ba      	adds	r2, r7, r2
 8000fac:	6013      	str	r3, [r2, #0]
 8000fae:	e00f      	b.n	8000fd0 <simpleserial_get+0x3c>
 8000fb0:	4b63      	ldr	r3, [pc, #396]	@ (8001140 <simpleserial_get+0x1ac>)
 8000fb2:	21d4      	movs	r1, #212	@ 0xd4
 8000fb4:	187a      	adds	r2, r7, r1
 8000fb6:	6812      	ldr	r2, [r2, #0]
 8000fb8:	0112      	lsls	r2, r2, #4
 8000fba:	5cd3      	ldrb	r3, [r2, r3]
 8000fbc:	22cf      	movs	r2, #207	@ 0xcf
 8000fbe:	18ba      	adds	r2, r7, r2
 8000fc0:	7812      	ldrb	r2, [r2, #0]
 8000fc2:	429a      	cmp	r2, r3
 8000fc4:	d00c      	beq.n	8000fe0 <simpleserial_get+0x4c>
 8000fc6:	187b      	adds	r3, r7, r1
 8000fc8:	681b      	ldr	r3, [r3, #0]
 8000fca:	3301      	adds	r3, #1
 8000fcc:	187a      	adds	r2, r7, r1
 8000fce:	6013      	str	r3, [r2, #0]
 8000fd0:	4b5c      	ldr	r3, [pc, #368]	@ (8001144 <simpleserial_get+0x1b0>)
 8000fd2:	681b      	ldr	r3, [r3, #0]
 8000fd4:	22d4      	movs	r2, #212	@ 0xd4
 8000fd6:	18ba      	adds	r2, r7, r2
 8000fd8:	6812      	ldr	r2, [r2, #0]
 8000fda:	429a      	cmp	r2, r3
 8000fdc:	dbe8      	blt.n	8000fb0 <simpleserial_get+0x1c>
 8000fde:	e000      	b.n	8000fe2 <simpleserial_get+0x4e>
 8000fe0:	46c0      	nop			@ (mov r8, r8)
 8000fe2:	4b58      	ldr	r3, [pc, #352]	@ (8001144 <simpleserial_get+0x1b0>)
 8000fe4:	681b      	ldr	r3, [r3, #0]
 8000fe6:	24d4      	movs	r4, #212	@ 0xd4
 8000fe8:	193a      	adds	r2, r7, r4
 8000fea:	6812      	ldr	r2, [r2, #0]
 8000fec:	429a      	cmp	r2, r3
 8000fee:	d100      	bne.n	8000ff2 <simpleserial_get+0x5e>
 8000ff0:	e09a      	b.n	8001128 <simpleserial_get+0x194>
 8000ff2:	4a53      	ldr	r2, [pc, #332]	@ (8001140 <simpleserial_get+0x1ac>)
 8000ff4:	193b      	adds	r3, r7, r4
 8000ff6:	681b      	ldr	r3, [r3, #0]
 8000ff8:	011b      	lsls	r3, r3, #4
 8000ffa:	18d3      	adds	r3, r2, r3
 8000ffc:	330c      	adds	r3, #12
 8000ffe:	781b      	ldrb	r3, [r3, #0]
 8001000:	001a      	movs	r2, r3
 8001002:	2301      	movs	r3, #1
 8001004:	4013      	ands	r3, r2
 8001006:	d021      	beq.n	800104c <simpleserial_get+0xb8>
 8001008:	1dfb      	adds	r3, r7, #7
 800100a:	2200      	movs	r2, #0
 800100c:	701a      	strb	r2, [r3, #0]
 800100e:	f000 fa0f 	bl	8001430 <getch>
 8001012:	0003      	movs	r3, r0
 8001014:	001a      	movs	r2, r3
 8001016:	1d3b      	adds	r3, r7, #4
 8001018:	701a      	strb	r2, [r3, #0]
 800101a:	f000 fa09 	bl	8001430 <getch>
 800101e:	0003      	movs	r3, r0
 8001020:	001a      	movs	r2, r3
 8001022:	1d3b      	adds	r3, r7, #4
 8001024:	705a      	strb	r2, [r3, #1]
 8001026:	1dfa      	adds	r2, r7, #7
 8001028:	1d3b      	adds	r3, r7, #4
 800102a:	0019      	movs	r1, r3
 800102c:	2001      	movs	r0, #1
 800102e:	f7ff fe7d 	bl	8000d2c <hex_decode>
 8001032:	1e03      	subs	r3, r0, #0
 8001034:	d000      	beq.n	8001038 <simpleserial_get+0xa4>
 8001036:	e079      	b.n	800112c <simpleserial_get+0x198>
 8001038:	1dfb      	adds	r3, r7, #7
 800103a:	781b      	ldrb	r3, [r3, #0]
 800103c:	0019      	movs	r1, r3
 800103e:	4a40      	ldr	r2, [pc, #256]	@ (8001140 <simpleserial_get+0x1ac>)
 8001040:	193b      	adds	r3, r7, r4
 8001042:	681b      	ldr	r3, [r3, #0]
 8001044:	011b      	lsls	r3, r3, #4
 8001046:	18d3      	adds	r3, r2, r3
 8001048:	3304      	adds	r3, #4
 800104a:	6019      	str	r1, [r3, #0]
 800104c:	2300      	movs	r3, #0
 800104e:	22d0      	movs	r2, #208	@ 0xd0
 8001050:	18ba      	adds	r2, r7, r2
 8001052:	6013      	str	r3, [r2, #0]
 8001054:	e01c      	b.n	8001090 <simpleserial_get+0xfc>
 8001056:	25cf      	movs	r5, #207	@ 0xcf
 8001058:	197c      	adds	r4, r7, r5
 800105a:	f000 f9e9 	bl	8001430 <getch>
 800105e:	0003      	movs	r3, r0
 8001060:	7023      	strb	r3, [r4, #0]
 8001062:	0029      	movs	r1, r5
 8001064:	187b      	adds	r3, r7, r1
 8001066:	781b      	ldrb	r3, [r3, #0]
 8001068:	2b0a      	cmp	r3, #10
 800106a:	d061      	beq.n	8001130 <simpleserial_get+0x19c>
 800106c:	187b      	adds	r3, r7, r1
 800106e:	781b      	ldrb	r3, [r3, #0]
 8001070:	2b0d      	cmp	r3, #13
 8001072:	d05d      	beq.n	8001130 <simpleserial_get+0x19c>
 8001074:	234c      	movs	r3, #76	@ 0x4c
 8001076:	18fa      	adds	r2, r7, r3
 8001078:	20d0      	movs	r0, #208	@ 0xd0
 800107a:	183b      	adds	r3, r7, r0
 800107c:	681b      	ldr	r3, [r3, #0]
 800107e:	18d3      	adds	r3, r2, r3
 8001080:	187a      	adds	r2, r7, r1
 8001082:	7812      	ldrb	r2, [r2, #0]
 8001084:	701a      	strb	r2, [r3, #0]
 8001086:	183b      	adds	r3, r7, r0
 8001088:	681b      	ldr	r3, [r3, #0]
 800108a:	3301      	adds	r3, #1
 800108c:	183a      	adds	r2, r7, r0
 800108e:	6013      	str	r3, [r2, #0]
 8001090:	4a2b      	ldr	r2, [pc, #172]	@ (8001140 <simpleserial_get+0x1ac>)
 8001092:	23d4      	movs	r3, #212	@ 0xd4
 8001094:	18fb      	adds	r3, r7, r3
 8001096:	681b      	ldr	r3, [r3, #0]
 8001098:	011b      	lsls	r3, r3, #4
 800109a:	18d3      	adds	r3, r2, r3
 800109c:	3304      	adds	r3, #4
 800109e:	681b      	ldr	r3, [r3, #0]
 80010a0:	005a      	lsls	r2, r3, #1
 80010a2:	23d0      	movs	r3, #208	@ 0xd0
 80010a4:	18fb      	adds	r3, r7, r3
 80010a6:	681b      	ldr	r3, [r3, #0]
 80010a8:	429a      	cmp	r2, r3
 80010aa:	d8d4      	bhi.n	8001056 <simpleserial_get+0xc2>
 80010ac:	25cf      	movs	r5, #207	@ 0xcf
 80010ae:	197c      	adds	r4, r7, r5
 80010b0:	f000 f9be 	bl	8001430 <getch>
 80010b4:	0003      	movs	r3, r0
 80010b6:	7023      	strb	r3, [r4, #0]
 80010b8:	197b      	adds	r3, r7, r5
 80010ba:	781b      	ldrb	r3, [r3, #0]
 80010bc:	2b0a      	cmp	r3, #10
 80010be:	d003      	beq.n	80010c8 <simpleserial_get+0x134>
 80010c0:	197b      	adds	r3, r7, r5
 80010c2:	781b      	ldrb	r3, [r3, #0]
 80010c4:	2b0d      	cmp	r3, #13
 80010c6:	d135      	bne.n	8001134 <simpleserial_get+0x1a0>
 80010c8:	4a1d      	ldr	r2, [pc, #116]	@ (8001140 <simpleserial_get+0x1ac>)
 80010ca:	24d4      	movs	r4, #212	@ 0xd4
 80010cc:	193b      	adds	r3, r7, r4
 80010ce:	681b      	ldr	r3, [r3, #0]
 80010d0:	011b      	lsls	r3, r3, #4
 80010d2:	18d3      	adds	r3, r2, r3
 80010d4:	3304      	adds	r3, #4
 80010d6:	681b      	ldr	r3, [r3, #0]
 80010d8:	0018      	movs	r0, r3
 80010da:	250c      	movs	r5, #12
 80010dc:	197a      	adds	r2, r7, r5
 80010de:	234c      	movs	r3, #76	@ 0x4c
 80010e0:	18fb      	adds	r3, r7, r3
 80010e2:	0019      	movs	r1, r3
 80010e4:	f7ff fe22 	bl	8000d2c <hex_decode>
 80010e8:	1e03      	subs	r3, r0, #0
 80010ea:	d125      	bne.n	8001138 <simpleserial_get+0x1a4>
 80010ec:	4a14      	ldr	r2, [pc, #80]	@ (8001140 <simpleserial_get+0x1ac>)
 80010ee:	193b      	adds	r3, r7, r4
 80010f0:	681b      	ldr	r3, [r3, #0]
 80010f2:	011b      	lsls	r3, r3, #4
 80010f4:	18d3      	adds	r3, r2, r3
 80010f6:	3308      	adds	r3, #8
 80010f8:	681a      	ldr	r2, [r3, #0]
 80010fa:	4911      	ldr	r1, [pc, #68]	@ (8001140 <simpleserial_get+0x1ac>)
 80010fc:	193b      	adds	r3, r7, r4
 80010fe:	681b      	ldr	r3, [r3, #0]
 8001100:	011b      	lsls	r3, r3, #4
 8001102:	18cb      	adds	r3, r1, r3
 8001104:	3304      	adds	r3, #4
 8001106:	681b      	ldr	r3, [r3, #0]
 8001108:	b2d9      	uxtb	r1, r3
 800110a:	197b      	adds	r3, r7, r5
 800110c:	0018      	movs	r0, r3
 800110e:	4790      	blx	r2
 8001110:	0003      	movs	r3, r0
 8001112:	001a      	movs	r2, r3
 8001114:	2108      	movs	r1, #8
 8001116:	187b      	adds	r3, r7, r1
 8001118:	701a      	strb	r2, [r3, #0]
 800111a:	187b      	adds	r3, r7, r1
 800111c:	001a      	movs	r2, r3
 800111e:	2101      	movs	r1, #1
 8001120:	207a      	movs	r0, #122	@ 0x7a
 8001122:	f000 f811 	bl	8001148 <simpleserial_put>
 8001126:	e008      	b.n	800113a <simpleserial_get+0x1a6>
 8001128:	46c0      	nop			@ (mov r8, r8)
 800112a:	e006      	b.n	800113a <simpleserial_get+0x1a6>
 800112c:	46c0      	nop			@ (mov r8, r8)
 800112e:	e004      	b.n	800113a <simpleserial_get+0x1a6>
 8001130:	46c0      	nop			@ (mov r8, r8)
 8001132:	e002      	b.n	800113a <simpleserial_get+0x1a6>
 8001134:	46c0      	nop			@ (mov r8, r8)
 8001136:	e000      	b.n	800113a <simpleserial_get+0x1a6>
 8001138:	46c0      	nop			@ (mov r8, r8)
 800113a:	46bd      	mov	sp, r7
 800113c:	b036      	add	sp, #216	@ 0xd8
 800113e:	bdb0      	pop	{r4, r5, r7, pc}
 8001140:	20000304 	.word	0x20000304
 8001144:	20000300 	.word	0x20000300

08001148 <simpleserial_put>:
 8001148:	b580      	push	{r7, lr}
 800114a:	b084      	sub	sp, #16
 800114c:	af00      	add	r7, sp, #0
 800114e:	603a      	str	r2, [r7, #0]
 8001150:	1dfb      	adds	r3, r7, #7
 8001152:	1c02      	adds	r2, r0, #0
 8001154:	701a      	strb	r2, [r3, #0]
 8001156:	1dbb      	adds	r3, r7, #6
 8001158:	1c0a      	adds	r2, r1, #0
 800115a:	701a      	strb	r2, [r3, #0]
 800115c:	683b      	ldr	r3, [r7, #0]
 800115e:	2b00      	cmp	r3, #0
 8001160:	d02b      	beq.n	80011ba <simpleserial_put+0x72>
 8001162:	1dfb      	adds	r3, r7, #7
 8001164:	781b      	ldrb	r3, [r3, #0]
 8001166:	0018      	movs	r0, r3
 8001168:	f000 f97e 	bl	8001468 <putch>
 800116c:	2300      	movs	r3, #0
 800116e:	60fb      	str	r3, [r7, #12]
 8001170:	e01a      	b.n	80011a8 <simpleserial_put+0x60>
 8001172:	68fb      	ldr	r3, [r7, #12]
 8001174:	683a      	ldr	r2, [r7, #0]
 8001176:	18d3      	adds	r3, r2, r3
 8001178:	781b      	ldrb	r3, [r3, #0]
 800117a:	091b      	lsrs	r3, r3, #4
 800117c:	b2db      	uxtb	r3, r3
 800117e:	001a      	movs	r2, r3
 8001180:	4b10      	ldr	r3, [pc, #64]	@ (80011c4 <simpleserial_put+0x7c>)
 8001182:	5c9b      	ldrb	r3, [r3, r2]
 8001184:	0018      	movs	r0, r3
 8001186:	f000 f96f 	bl	8001468 <putch>
 800118a:	68fb      	ldr	r3, [r7, #12]
 800118c:	683a      	ldr	r2, [r7, #0]
 800118e:	18d3      	adds	r3, r2, r3
 8001190:	781b      	ldrb	r3, [r3, #0]
 8001192:	001a      	movs	r2, r3
 8001194:	230f      	movs	r3, #15
 8001196:	4013      	ands	r3, r2
 8001198:	4a0a      	ldr	r2, [pc, #40]	@ (80011c4 <simpleserial_put+0x7c>)
 800119a:	5cd3      	ldrb	r3, [r2, r3]
 800119c:	0018      	movs	r0, r3
 800119e:	f000 f963 	bl	8001468 <putch>
 80011a2:	68fb      	ldr	r3, [r7, #12]
 80011a4:	3301      	adds	r3, #1
 80011a6:	60fb      	str	r3, [r7, #12]
 80011a8:	1dbb      	adds	r3, r7, #6
 80011aa:	781b      	ldrb	r3, [r3, #0]
 80011ac:	68fa      	ldr	r2, [r7, #12]
 80011ae:	429a      	cmp	r2, r3
 80011b0:	dbdf      	blt.n	8001172 <simpleserial_put+0x2a>
 80011b2:	200a      	movs	r0, #10
 80011b4:	f000 f958 	bl	8001468 <putch>
 80011b8:	e000      	b.n	80011bc <simpleserial_put+0x74>
 80011ba:	46c0      	nop			@ (mov r8, r8)
 80011bc:	46bd      	mov	sp, r7
 80011be:	b004      	add	sp, #16
 80011c0:	bd80      	pop	{r7, pc}
 80011c2:	46c0      	nop			@ (mov r8, r8)
 80011c4:	20000100 	.word	0x20000100

080011c8 <platform_init>:
 80011c8:	b590      	push	{r4, r7, lr}
 80011ca:	b097      	sub	sp, #92	@ 0x5c
 80011cc:	af00      	add	r7, sp, #0
 80011ce:	2444      	movs	r4, #68	@ 0x44
 80011d0:	193b      	adds	r3, r7, r4
 80011d2:	2204      	movs	r2, #4
 80011d4:	601a      	str	r2, [r3, #0]
 80011d6:	193b      	adds	r3, r7, r4
 80011d8:	2201      	movs	r2, #1
 80011da:	605a      	str	r2, [r3, #4]
 80011dc:	193b      	adds	r3, r7, r4
 80011de:	2200      	movs	r2, #0
 80011e0:	609a      	str	r2, [r3, #8]
 80011e2:	193b      	adds	r3, r7, r4
 80011e4:	2203      	movs	r2, #3
 80011e6:	60da      	str	r2, [r3, #12]
 80011e8:	193a      	adds	r2, r7, r4
 80011ea:	2390      	movs	r3, #144	@ 0x90
 80011ec:	05db      	lsls	r3, r3, #23
 80011ee:	0011      	movs	r1, r2
 80011f0:	0018      	movs	r0, r3
 80011f2:	f000 fd3b 	bl	8001c6c <HAL_GPIO_Init>
 80011f6:	0021      	movs	r1, r4
 80011f8:	187b      	adds	r3, r7, r1
 80011fa:	2210      	movs	r2, #16
 80011fc:	601a      	str	r2, [r3, #0]
 80011fe:	187b      	adds	r3, r7, r1
 8001200:	2201      	movs	r2, #1
 8001202:	605a      	str	r2, [r3, #4]
 8001204:	187b      	adds	r3, r7, r1
 8001206:	2200      	movs	r2, #0
 8001208:	609a      	str	r2, [r3, #8]
 800120a:	187b      	adds	r3, r7, r1
 800120c:	2203      	movs	r2, #3
 800120e:	60da      	str	r2, [r3, #12]
 8001210:	187a      	adds	r2, r7, r1
 8001212:	2390      	movs	r3, #144	@ 0x90
 8001214:	05db      	lsls	r3, r3, #23
 8001216:	0011      	movs	r1, r2
 8001218:	0018      	movs	r0, r3
 800121a:	f000 fd27 	bl	8001c6c <HAL_GPIO_Init>
 800121e:	2114      	movs	r1, #20
 8001220:	187b      	adds	r3, r7, r1
 8001222:	2203      	movs	r2, #3
 8001224:	601a      	str	r2, [r3, #0]
 8001226:	187b      	adds	r3, r7, r1
 8001228:	2205      	movs	r2, #5
 800122a:	605a      	str	r2, [r3, #4]
 800122c:	187b      	adds	r3, r7, r1
 800122e:	2200      	movs	r2, #0
 8001230:	60da      	str	r2, [r3, #12]
 8001232:	187b      	adds	r3, r7, r1
 8001234:	2200      	movs	r2, #0
 8001236:	625a      	str	r2, [r3, #36]	@ 0x24
 8001238:	187b      	adds	r3, r7, r1
 800123a:	0018      	movs	r0, r3
 800123c:	f000 f94a 	bl	80014d4 <HAL_RCC_OscConfig>
 8001240:	1d3b      	adds	r3, r7, #4
 8001242:	2207      	movs	r2, #7
 8001244:	601a      	str	r2, [r3, #0]
 8001246:	1d3b      	adds	r3, r7, #4
 8001248:	2201      	movs	r2, #1
 800124a:	605a      	str	r2, [r3, #4]
 800124c:	1d3b      	adds	r3, r7, #4
 800124e:	2200      	movs	r2, #0
 8001250:	609a      	str	r2, [r3, #8]
 8001252:	1d3b      	adds	r3, r7, #4
 8001254:	2200      	movs	r2, #0
 8001256:	60da      	str	r2, [r3, #12]
 8001258:	1d3b      	adds	r3, r7, #4
 800125a:	2100      	movs	r1, #0
 800125c:	0018      	movs	r0, r3
 800125e:	f000 fc2d 	bl	8001abc <HAL_RCC_ClockConfig>
 8001262:	46c0      	nop			@ (mov r8, r8)
 8001264:	46bd      	mov	sp, r7
 8001266:	b017      	add	sp, #92	@ 0x5c
 8001268:	bd90      	pop	{r4, r7, pc}
 800126a:	0000      	movs	r0, r0

0800126c <init_uart>:
 800126c:	b580      	push	{r7, lr}
 800126e:	b088      	sub	sp, #32
 8001270:	af00      	add	r7, sp, #0
 8001272:	4b2d      	ldr	r3, [pc, #180]	@ (8001328 <init_uart+0xbc>)
 8001274:	695a      	ldr	r2, [r3, #20]
 8001276:	4b2c      	ldr	r3, [pc, #176]	@ (8001328 <init_uart+0xbc>)
 8001278:	2180      	movs	r1, #128	@ 0x80
 800127a:	0289      	lsls	r1, r1, #10
 800127c:	430a      	orrs	r2, r1
 800127e:	615a      	str	r2, [r3, #20]
 8001280:	4b29      	ldr	r3, [pc, #164]	@ (8001328 <init_uart+0xbc>)
 8001282:	695a      	ldr	r2, [r3, #20]
 8001284:	2380      	movs	r3, #128	@ 0x80
 8001286:	029b      	lsls	r3, r3, #10
 8001288:	4013      	ands	r3, r2
 800128a:	60bb      	str	r3, [r7, #8]
 800128c:	68bb      	ldr	r3, [r7, #8]
 800128e:	210c      	movs	r1, #12
 8001290:	187b      	adds	r3, r7, r1
 8001292:	22c0      	movs	r2, #192	@ 0xc0
 8001294:	00d2      	lsls	r2, r2, #3
 8001296:	601a      	str	r2, [r3, #0]
 8001298:	187b      	adds	r3, r7, r1
 800129a:	2202      	movs	r2, #2
 800129c:	605a      	str	r2, [r3, #4]
 800129e:	187b      	adds	r3, r7, r1
 80012a0:	2201      	movs	r2, #1
 80012a2:	609a      	str	r2, [r3, #8]
 80012a4:	187b      	adds	r3, r7, r1
 80012a6:	2203      	movs	r2, #3
 80012a8:	60da      	str	r2, [r3, #12]
 80012aa:	187b      	adds	r3, r7, r1
 80012ac:	2201      	movs	r2, #1
 80012ae:	611a      	str	r2, [r3, #16]
 80012b0:	187a      	adds	r2, r7, r1
 80012b2:	2390      	movs	r3, #144	@ 0x90
 80012b4:	05db      	lsls	r3, r3, #23
 80012b6:	0011      	movs	r1, r2
 80012b8:	0018      	movs	r0, r3
 80012ba:	f000 fcd7 	bl	8001c6c <HAL_GPIO_Init>
 80012be:	4b1a      	ldr	r3, [pc, #104]	@ (8001328 <init_uart+0xbc>)
 80012c0:	699a      	ldr	r2, [r3, #24]
 80012c2:	4b19      	ldr	r3, [pc, #100]	@ (8001328 <init_uart+0xbc>)
 80012c4:	2180      	movs	r1, #128	@ 0x80
 80012c6:	01c9      	lsls	r1, r1, #7
 80012c8:	430a      	orrs	r2, r1
 80012ca:	619a      	str	r2, [r3, #24]
 80012cc:	4b16      	ldr	r3, [pc, #88]	@ (8001328 <init_uart+0xbc>)
 80012ce:	699a      	ldr	r2, [r3, #24]
 80012d0:	2380      	movs	r3, #128	@ 0x80
 80012d2:	01db      	lsls	r3, r3, #7
 80012d4:	4013      	ands	r3, r2
 80012d6:	607b      	str	r3, [r7, #4]
 80012d8:	687b      	ldr	r3, [r7, #4]
 80012da:	4b13      	ldr	r3, [pc, #76]	@ (8001328 <init_uart+0xbc>)
 80012dc:	6b1b      	ldr	r3, [r3, #48]	@ 0x30
 80012de:	2203      	movs	r2, #3
 80012e0:	4393      	bics	r3, r2
 80012e2:	001a      	movs	r2, r3
 80012e4:	4b10      	ldr	r3, [pc, #64]	@ (8001328 <init_uart+0xbc>)
 80012e6:	2101      	movs	r1, #1
 80012e8:	430a      	orrs	r2, r1
 80012ea:	631a      	str	r2, [r3, #48]	@ 0x30
 80012ec:	4b0f      	ldr	r3, [pc, #60]	@ (800132c <init_uart+0xc0>)
 80012ee:	4a10      	ldr	r2, [pc, #64]	@ (8001330 <init_uart+0xc4>)
 80012f0:	601a      	str	r2, [r3, #0]
 80012f2:	4b0e      	ldr	r3, [pc, #56]	@ (800132c <init_uart+0xc0>)
 80012f4:	2296      	movs	r2, #150	@ 0x96
 80012f6:	0212      	lsls	r2, r2, #8
 80012f8:	605a      	str	r2, [r3, #4]
 80012fa:	4b0c      	ldr	r3, [pc, #48]	@ (800132c <init_uart+0xc0>)
 80012fc:	2200      	movs	r2, #0
 80012fe:	609a      	str	r2, [r3, #8]
 8001300:	4b0a      	ldr	r3, [pc, #40]	@ (800132c <init_uart+0xc0>)
 8001302:	2200      	movs	r2, #0
 8001304:	60da      	str	r2, [r3, #12]
 8001306:	4b09      	ldr	r3, [pc, #36]	@ (800132c <init_uart+0xc0>)
 8001308:	2200      	movs	r2, #0
 800130a:	611a      	str	r2, [r3, #16]
 800130c:	4b07      	ldr	r3, [pc, #28]	@ (800132c <init_uart+0xc0>)
 800130e:	2200      	movs	r2, #0
 8001310:	619a      	str	r2, [r3, #24]
 8001312:	4b06      	ldr	r3, [pc, #24]	@ (800132c <init_uart+0xc0>)
 8001314:	220c      	movs	r2, #12
 8001316:	615a      	str	r2, [r3, #20]
 8001318:	4b04      	ldr	r3, [pc, #16]	@ (800132c <init_uart+0xc0>)
 800131a:	0018      	movs	r0, r3
 800131c:	f000 fffc 	bl	8002318 <HAL_UART_Init>
 8001320:	46c0      	nop			@ (mov r8, r8)
 8001322:	46bd      	mov	sp, r7
 8001324:	b008      	add	sp, #32
 8001326:	bd80      	pop	{r7, pc}
 8001328:	40021000 	.word	0x40021000
 800132c:	20000504 	.word	0x20000504
 8001330:	40013800 	.word	0x40013800

08001334 <trigger_setup>:
 8001334:	b580      	push	{r7, lr}
 8001336:	b086      	sub	sp, #24
 8001338:	af00      	add	r7, sp, #0
 800133a:	4b30      	ldr	r3, [pc, #192]	@ (80013fc <trigger_setup+0xc8>)
 800133c:	695a      	ldr	r2, [r3, #20]
 800133e:	4b2f      	ldr	r3, [pc, #188]	@ (80013fc <trigger_setup+0xc8>)
 8001340:	2180      	movs	r1, #128	@ 0x80
 8001342:	0289      	lsls	r1, r1, #10
 8001344:	430a      	orrs	r2, r1
 8001346:	615a      	str	r2, [r3, #20]
 8001348:	4b2c      	ldr	r3, [pc, #176]	@ (80013fc <trigger_setup+0xc8>)
 800134a:	695a      	ldr	r2, [r3, #20]
 800134c:	2380      	movs	r3, #128	@ 0x80
 800134e:	029b      	lsls	r3, r3, #10
 8001350:	4013      	ands	r3, r2
 8001352:	603b      	str	r3, [r7, #0]
 8001354:	683b      	ldr	r3, [r7, #0]
 8001356:	1d3b      	adds	r3, r7, #4
 8001358:	2280      	movs	r2, #128	@ 0x80
 800135a:	601a      	str	r2, [r3, #0]
 800135c:	1d3b      	adds	r3, r7, #4
 800135e:	2201      	movs	r2, #1
 8001360:	605a      	str	r2, [r3, #4]
 8001362:	1d3b      	adds	r3, r7, #4
 8001364:	2200      	movs	r2, #0
 8001366:	609a      	str	r2, [r3, #8]
 8001368:	1d3b      	adds	r3, r7, #4
 800136a:	2203      	movs	r2, #3
 800136c:	60da      	str	r2, [r3, #12]
 800136e:	1d3a      	adds	r2, r7, #4
 8001370:	2390      	movs	r3, #144	@ 0x90
 8001372:	05db      	lsls	r3, r3, #23
 8001374:	0011      	movs	r1, r2
 8001376:	0018      	movs	r0, r3
 8001378:	f000 fc78 	bl	8001c6c <HAL_GPIO_Init>
 800137c:	1d3b      	adds	r3, r7, #4
 800137e:	2210      	movs	r2, #16
 8001380:	601a      	str	r2, [r3, #0]
 8001382:	1d3b      	adds	r3, r7, #4
 8001384:	2201      	movs	r2, #1
 8001386:	605a      	str	r2, [r3, #4]
 8001388:	1d3b      	adds	r3, r7, #4
 800138a:	2200      	movs	r2, #0
 800138c:	609a      	str	r2, [r3, #8]
 800138e:	1d3b      	adds	r3, r7, #4
 8001390:	2203      	movs	r2, #3
 8001392:	60da      	str	r2, [r3, #12]
 8001394:	1d3a      	adds	r2, r7, #4
 8001396:	2390      	movs	r3, #144	@ 0x90
 8001398:	05db      	lsls	r3, r3, #23
 800139a:	0011      	movs	r1, r2
 800139c:	0018      	movs	r0, r3
 800139e:	f000 fc65 	bl	8001c6c <HAL_GPIO_Init>
 80013a2:	1d3b      	adds	r3, r7, #4
 80013a4:	2204      	movs	r2, #4
 80013a6:	601a      	str	r2, [r3, #0]
 80013a8:	1d3b      	adds	r3, r7, #4
 80013aa:	2201      	movs	r2, #1
 80013ac:	605a      	str	r2, [r3, #4]
 80013ae:	1d3b      	adds	r3, r7, #4
 80013b0:	2200      	movs	r2, #0
 80013b2:	609a      	str	r2, [r3, #8]
 80013b4:	1d3b      	adds	r3, r7, #4
 80013b6:	2203      	movs	r2, #3
 80013b8:	60da      	str	r2, [r3, #12]
 80013ba:	1d3a      	adds	r2, r7, #4
 80013bc:	2390      	movs	r3, #144	@ 0x90
 80013be:	05db      	lsls	r3, r3, #23
 80013c0:	0011      	movs	r1, r2
 80013c2:	0018      	movs	r0, r3
 80013c4:	f000 fc52 	bl	8001c6c <HAL_GPIO_Init>
 80013c8:	2390      	movs	r3, #144	@ 0x90
 80013ca:	05db      	lsls	r3, r3, #23
 80013cc:	2200      	movs	r2, #0
 80013ce:	2180      	movs	r1, #128	@ 0x80
 80013d0:	0018      	movs	r0, r3
 80013d2:	f000 fdbf 	bl	8001f54 <HAL_GPIO_WritePin>
 80013d6:	2390      	movs	r3, #144	@ 0x90
 80013d8:	05db      	lsls	r3, r3, #23
 80013da:	2201      	movs	r2, #1
 80013dc:	2110      	movs	r1, #16
 80013de:	0018      	movs	r0, r3
 80013e0:	f000 fdb8 	bl	8001f54 <HAL_GPIO_WritePin>
 80013e4:	2390      	movs	r3, #144	@ 0x90
 80013e6:	05db      	lsls	r3, r3, #23
 80013e8:	2201      	movs	r2, #1
 80013ea:	2104      	movs	r1, #4
 80013ec:	0018      	movs	r0, r3
 80013ee:	f000 fdb1 	bl	8001f54 <HAL_GPIO_WritePin>
 80013f2:	46c0      	nop			@ (mov r8, r8)
 80013f4:	46bd      	mov	sp, r7
 80013f6:	b006      	add	sp, #24
 80013f8:	bd80      	pop	{r7, pc}
 80013fa:	46c0      	nop			@ (mov r8, r8)
 80013fc:	40021000 	.word	0x40021000

08001400 <trigger_high>:
 8001400:	b580      	push	{r7, lr}
 8001402:	af00      	add	r7, sp, #0
 8001404:	2390      	movs	r3, #144	@ 0x90
 8001406:	05db      	lsls	r3, r3, #23
 8001408:	2201      	movs	r2, #1
 800140a:	2180      	movs	r1, #128	@ 0x80
 800140c:	0018      	movs	r0, r3
 800140e:	f000 fda1 	bl	8001f54 <HAL_GPIO_WritePin>
 8001412:	46c0      	nop			@ (mov r8, r8)
 8001414:	46bd      	mov	sp, r7
 8001416:	bd80      	pop	{r7, pc}

08001418 <trigger_low>:
 8001418:	b580      	push	{r7, lr}
 800141a:	af00      	add	r7, sp, #0
 800141c:	2390      	movs	r3, #144	@ 0x90
 800141e:	05db      	lsls	r3, r3, #23
 8001420:	2200      	movs	r2, #0
 8001422:	2180      	movs	r1, #128	@ 0x80
 8001424:	0018      	movs	r0, r3
 8001426:	f000 fd95 	bl	8001f54 <HAL_GPIO_WritePin>
 800142a:	46c0      	nop			@ (mov r8, r8)
 800142c:	46bd      	mov	sp, r7
 800142e:	bd80      	pop	{r7, pc}

08001430 <getch>:
 8001430:	b580      	push	{r7, lr}
 8001432:	b082      	sub	sp, #8
 8001434:	af00      	add	r7, sp, #0
 8001436:	e005      	b.n	8001444 <getch+0x14>
 8001438:	4b09      	ldr	r3, [pc, #36]	@ (8001460 <getch+0x30>)
 800143a:	6a1a      	ldr	r2, [r3, #32]
 800143c:	4b08      	ldr	r3, [pc, #32]	@ (8001460 <getch+0x30>)
 800143e:	2108      	movs	r1, #8
 8001440:	430a      	orrs	r2, r1
 8001442:	621a      	str	r2, [r3, #32]
 8001444:	1df9      	adds	r1, r7, #7
 8001446:	4807      	ldr	r0, [pc, #28]	@ (8001464 <getch+0x34>)
 8001448:	2332      	movs	r3, #50	@ 0x32
 800144a:	2201      	movs	r2, #1
 800144c:	f000 ffb0 	bl	80023b0 <HAL_UART_Receive>
 8001450:	1e03      	subs	r3, r0, #0
 8001452:	d1f1      	bne.n	8001438 <getch+0x8>
 8001454:	1dfb      	adds	r3, r7, #7
 8001456:	781b      	ldrb	r3, [r3, #0]
 8001458:	0018      	movs	r0, r3
 800145a:	46bd      	mov	sp, r7
 800145c:	b002      	add	sp, #8
 800145e:	bd80      	pop	{r7, pc}
 8001460:	40013800 	.word	0x40013800
 8001464:	20000504 	.word	0x20000504

08001468 <putch>:
 8001468:	b580      	push	{r7, lr}
 800146a:	b084      	sub	sp, #16
 800146c:	af00      	add	r7, sp, #0
 800146e:	0002      	movs	r2, r0
 8001470:	1dfb      	adds	r3, r7, #7
 8001472:	701a      	strb	r2, [r3, #0]
 8001474:	210f      	movs	r1, #15
 8001476:	187b      	adds	r3, r7, r1
 8001478:	1dfa      	adds	r2, r7, #7
 800147a:	7812      	ldrb	r2, [r2, #0]
 800147c:	701a      	strb	r2, [r3, #0]
 800147e:	4b05      	ldr	r3, [pc, #20]	@ (8001494 <putch+0x2c>)
 8001480:	1879      	adds	r1, r7, r1
 8001482:	4805      	ldr	r0, [pc, #20]	@ (8001498 <putch+0x30>)
 8001484:	2201      	movs	r2, #1
 8001486:	f001 f861 	bl	800254c <HAL_UART_Transmit>
 800148a:	46c0      	nop			@ (mov r8, r8)
 800148c:	46bd      	mov	sp, r7
 800148e:	b004      	add	sp, #16
 8001490:	bd80      	pop	{r7, pc}
 8001492:	46c0      	nop			@ (mov r8, r8)
 8001494:	00001388 	.word	0x00001388
 8001498:	20000504 	.word	0x20000504

0800149c <HAL_GetTick>:
 800149c:	b580      	push	{r7, lr}
 800149e:	af00      	add	r7, sp, #0
 80014a0:	4b04      	ldr	r3, [pc, #16]	@ (80014b4 <HAL_GetTick+0x18>)
 80014a2:	681a      	ldr	r2, [r3, #0]
 80014a4:	1c51      	adds	r1, r2, #1
 80014a6:	4b03      	ldr	r3, [pc, #12]	@ (80014b4 <HAL_GetTick+0x18>)
 80014a8:	6019      	str	r1, [r3, #0]
 80014aa:	0013      	movs	r3, r2
 80014ac:	0018      	movs	r0, r3
 80014ae:	46bd      	mov	sp, r7
 80014b0:	bd80      	pop	{r7, pc}
 80014b2:	46c0      	nop			@ (mov r8, r8)
 80014b4:	20000574 	.word	0x20000574

080014b8 <HAL_RCC_GetSysClockFreq>:
 80014b8:	b580      	push	{r7, lr}
 80014ba:	af00      	add	r7, sp, #0
 80014bc:	23e1      	movs	r3, #225	@ 0xe1
 80014be:	03db      	lsls	r3, r3, #15
 80014c0:	0018      	movs	r0, r3
 80014c2:	46bd      	mov	sp, r7
 80014c4:	bd80      	pop	{r7, pc}

080014c6 <HAL_RCC_GetPCLK1Freq>:
 80014c6:	b580      	push	{r7, lr}
 80014c8:	af00      	add	r7, sp, #0
 80014ca:	23e1      	movs	r3, #225	@ 0xe1
 80014cc:	03db      	lsls	r3, r3, #15
 80014ce:	0018      	movs	r0, r3
 80014d0:	46bd      	mov	sp, r7
 80014d2:	bd80      	pop	{r7, pc}

080014d4 <HAL_RCC_OscConfig>:
 80014d4:	b580      	push	{r7, lr}
 80014d6:	b086      	sub	sp, #24
 80014d8:	af00      	add	r7, sp, #0
 80014da:	6078      	str	r0, [r7, #4]
 80014dc:	2300      	movs	r3, #0
 80014de:	613b      	str	r3, [r7, #16]
 80014e0:	687b      	ldr	r3, [r7, #4]
 80014e2:	681b      	ldr	r3, [r3, #0]
 80014e4:	2201      	movs	r2, #1
 80014e6:	4013      	ands	r3, r2
 80014e8:	d100      	bne.n	80014ec <HAL_RCC_OscConfig+0x18>
 80014ea:	e08d      	b.n	8001608 <HAL_RCC_OscConfig+0x134>
 80014ec:	4bc3      	ldr	r3, [pc, #780]	@ (80017fc <HAL_RCC_OscConfig+0x328>)
 80014ee:	685b      	ldr	r3, [r3, #4]
 80014f0:	220c      	movs	r2, #12
 80014f2:	4013      	ands	r3, r2
 80014f4:	2b04      	cmp	r3, #4
 80014f6:	d00e      	beq.n	8001516 <HAL_RCC_OscConfig+0x42>
 80014f8:	4bc0      	ldr	r3, [pc, #768]	@ (80017fc <HAL_RCC_OscConfig+0x328>)
 80014fa:	685b      	ldr	r3, [r3, #4]
 80014fc:	220c      	movs	r2, #12
 80014fe:	4013      	ands	r3, r2
 8001500:	2b08      	cmp	r3, #8
 8001502:	d116      	bne.n	8001532 <HAL_RCC_OscConfig+0x5e>
 8001504:	4bbd      	ldr	r3, [pc, #756]	@ (80017fc <HAL_RCC_OscConfig+0x328>)
 8001506:	685a      	ldr	r2, [r3, #4]
 8001508:	2380      	movs	r3, #128	@ 0x80
 800150a:	025b      	lsls	r3, r3, #9
 800150c:	401a      	ands	r2, r3
 800150e:	2380      	movs	r3, #128	@ 0x80
 8001510:	025b      	lsls	r3, r3, #9
 8001512:	429a      	cmp	r2, r3
 8001514:	d10d      	bne.n	8001532 <HAL_RCC_OscConfig+0x5e>
 8001516:	4bb9      	ldr	r3, [pc, #740]	@ (80017fc <HAL_RCC_OscConfig+0x328>)
 8001518:	681a      	ldr	r2, [r3, #0]
 800151a:	2380      	movs	r3, #128	@ 0x80
 800151c:	029b      	lsls	r3, r3, #10
 800151e:	4013      	ands	r3, r2
 8001520:	d100      	bne.n	8001524 <HAL_RCC_OscConfig+0x50>
 8001522:	e070      	b.n	8001606 <HAL_RCC_OscConfig+0x132>
 8001524:	687b      	ldr	r3, [r7, #4]
 8001526:	685b      	ldr	r3, [r3, #4]
 8001528:	2b00      	cmp	r3, #0
 800152a:	d000      	beq.n	800152e <HAL_RCC_OscConfig+0x5a>
 800152c:	e06b      	b.n	8001606 <HAL_RCC_OscConfig+0x132>
 800152e:	2301      	movs	r3, #1
 8001530:	e2b6      	b.n	8001aa0 <HAL_RCC_OscConfig+0x5cc>
 8001532:	687b      	ldr	r3, [r7, #4]
 8001534:	685b      	ldr	r3, [r3, #4]
 8001536:	2b01      	cmp	r3, #1
 8001538:	d107      	bne.n	800154a <HAL_RCC_OscConfig+0x76>
 800153a:	4bb0      	ldr	r3, [pc, #704]	@ (80017fc <HAL_RCC_OscConfig+0x328>)
 800153c:	681a      	ldr	r2, [r3, #0]
 800153e:	4baf      	ldr	r3, [pc, #700]	@ (80017fc <HAL_RCC_OscConfig+0x328>)
 8001540:	2180      	movs	r1, #128	@ 0x80
 8001542:	0249      	lsls	r1, r1, #9
 8001544:	430a      	orrs	r2, r1
 8001546:	601a      	str	r2, [r3, #0]
 8001548:	e02f      	b.n	80015aa <HAL_RCC_OscConfig+0xd6>
 800154a:	687b      	ldr	r3, [r7, #4]
 800154c:	685b      	ldr	r3, [r3, #4]
 800154e:	2b00      	cmp	r3, #0
 8001550:	d10c      	bne.n	800156c <HAL_RCC_OscConfig+0x98>
 8001552:	4baa      	ldr	r3, [pc, #680]	@ (80017fc <HAL_RCC_OscConfig+0x328>)
 8001554:	681a      	ldr	r2, [r3, #0]
 8001556:	4ba9      	ldr	r3, [pc, #676]	@ (80017fc <HAL_RCC_OscConfig+0x328>)
 8001558:	49a9      	ldr	r1, [pc, #676]	@ (8001800 <HAL_RCC_OscConfig+0x32c>)
 800155a:	400a      	ands	r2, r1
 800155c:	601a      	str	r2, [r3, #0]
 800155e:	4ba7      	ldr	r3, [pc, #668]	@ (80017fc <HAL_RCC_OscConfig+0x328>)
 8001560:	681a      	ldr	r2, [r3, #0]
 8001562:	4ba6      	ldr	r3, [pc, #664]	@ (80017fc <HAL_RCC_OscConfig+0x328>)
 8001564:	49a7      	ldr	r1, [pc, #668]	@ (8001804 <HAL_RCC_OscConfig+0x330>)
 8001566:	400a      	ands	r2, r1
 8001568:	601a      	str	r2, [r3, #0]
 800156a:	e01e      	b.n	80015aa <HAL_RCC_OscConfig+0xd6>
 800156c:	687b      	ldr	r3, [r7, #4]
 800156e:	685b      	ldr	r3, [r3, #4]
 8001570:	2b05      	cmp	r3, #5
 8001572:	d10e      	bne.n	8001592 <HAL_RCC_OscConfig+0xbe>
 8001574:	4ba1      	ldr	r3, [pc, #644]	@ (80017fc <HAL_RCC_OscConfig+0x328>)
 8001576:	681a      	ldr	r2, [r3, #0]
 8001578:	4ba0      	ldr	r3, [pc, #640]	@ (80017fc <HAL_RCC_OscConfig+0x328>)
 800157a:	2180      	movs	r1, #128	@ 0x80
 800157c:	02c9      	lsls	r1, r1, #11
 800157e:	430a      	orrs	r2, r1
 8001580:	601a      	str	r2, [r3, #0]
 8001582:	4b9e      	ldr	r3, [pc, #632]	@ (80017fc <HAL_RCC_OscConfig+0x328>)
 8001584:	681a      	ldr	r2, [r3, #0]
 8001586:	4b9d      	ldr	r3, [pc, #628]	@ (80017fc <HAL_RCC_OscConfig+0x328>)
 8001588:	2180      	movs	r1, #128	@ 0x80
 800158a:	0249      	lsls	r1, r1, #9
 800158c:	430a      	orrs	r2, r1
 800158e:	601a      	str	r2, [r3, #0]
 8001590:	e00b      	b.n	80015aa <HAL_RCC_OscConfig+0xd6>
 8001592:	4b9a      	ldr	r3, [pc, #616]	@ (80017fc <HAL_RCC_OscConfig+0x328>)
 8001594:	681a      	ldr	r2, [r3, #0]
 8001596:	4b99      	ldr	r3, [pc, #612]	@ (80017fc <HAL_RCC_OscConfig+0x328>)
 8001598:	4999      	ldr	r1, [pc, #612]	@ (8001800 <HAL_RCC_OscConfig+0x32c>)
 800159a:	400a      	ands	r2, r1
 800159c:	601a      	str	r2, [r3, #0]
 800159e:	4b97      	ldr	r3, [pc, #604]	@ (80017fc <HAL_RCC_OscConfig+0x328>)
 80015a0:	681a      	ldr	r2, [r3, #0]
 80015a2:	4b96      	ldr	r3, [pc, #600]	@ (80017fc <HAL_RCC_OscConfig+0x328>)
 80015a4:	4997      	ldr	r1, [pc, #604]	@ (8001804 <HAL_RCC_OscConfig+0x330>)
 80015a6:	400a      	ands	r2, r1
 80015a8:	601a      	str	r2, [r3, #0]
 80015aa:	687b      	ldr	r3, [r7, #4]
 80015ac:	685b      	ldr	r3, [r3, #4]
 80015ae:	2b00      	cmp	r3, #0
 80015b0:	d014      	beq.n	80015dc <HAL_RCC_OscConfig+0x108>
 80015b2:	f7ff ff73 	bl	800149c <HAL_GetTick>
 80015b6:	0003      	movs	r3, r0
 80015b8:	613b      	str	r3, [r7, #16]
 80015ba:	e008      	b.n	80015ce <HAL_RCC_OscConfig+0xfa>
 80015bc:	f7ff ff6e 	bl	800149c <HAL_GetTick>
 80015c0:	0002      	movs	r2, r0
 80015c2:	693b      	ldr	r3, [r7, #16]
 80015c4:	1ad3      	subs	r3, r2, r3
 80015c6:	2b64      	cmp	r3, #100	@ 0x64
 80015c8:	d901      	bls.n	80015ce <HAL_RCC_OscConfig+0xfa>
 80015ca:	2303      	movs	r3, #3
 80015cc:	e268      	b.n	8001aa0 <HAL_RCC_OscConfig+0x5cc>
 80015ce:	4b8b      	ldr	r3, [pc, #556]	@ (80017fc <HAL_RCC_OscConfig+0x328>)
 80015d0:	681a      	ldr	r2, [r3, #0]
 80015d2:	2380      	movs	r3, #128	@ 0x80
 80015d4:	029b      	lsls	r3, r3, #10
 80015d6:	4013      	ands	r3, r2
 80015d8:	d0f0      	beq.n	80015bc <HAL_RCC_OscConfig+0xe8>
 80015da:	e015      	b.n	8001608 <HAL_RCC_OscConfig+0x134>
 80015dc:	f7ff ff5e 	bl	800149c <HAL_GetTick>
 80015e0:	0003      	movs	r3, r0
 80015e2:	613b      	str	r3, [r7, #16]
 80015e4:	e008      	b.n	80015f8 <HAL_RCC_OscConfig+0x124>
 80015e6:	f7ff ff59 	bl	800149c <HAL_GetTick>
 80015ea:	0002      	movs	r2, r0
 80015ec:	693b      	ldr	r3, [r7, #16]
 80015ee:	1ad3      	subs	r3, r2, r3
 80015f0:	2b64      	cmp	r3, #100	@ 0x64
 80015f2:	d901      	bls.n	80015f8 <HAL_RCC_OscConfig+0x124>
 80015f4:	2303      	movs	r3, #3
 80015f6:	e253      	b.n	8001aa0 <HAL_RCC_OscConfig+0x5cc>
 80015f8:	4b80      	ldr	r3, [pc, #512]	@ (80017fc <HAL_RCC_OscConfig+0x328>)
 80015fa:	681a      	ldr	r2, [r3, #0]
 80015fc:	2380      	movs	r3, #128	@ 0x80
 80015fe:	029b      	lsls	r3, r3, #10
 8001600:	4013      	ands	r3, r2
 8001602:	d1f0      	bne.n	80015e6 <HAL_RCC_OscConfig+0x112>
 8001604:	e000      	b.n	8001608 <HAL_RCC_OscConfig+0x134>
 8001606:	46c0      	nop			@ (mov r8, r8)
 8001608:	687b      	ldr	r3, [r7, #4]
 800160a:	681b      	ldr	r3, [r3, #0]
 800160c:	2202      	movs	r2, #2
 800160e:	4013      	ands	r3, r2
 8001610:	d100      	bne.n	8001614 <HAL_RCC_OscConfig+0x140>
 8001612:	e069      	b.n	80016e8 <HAL_RCC_OscConfig+0x214>
 8001614:	4b79      	ldr	r3, [pc, #484]	@ (80017fc <HAL_RCC_OscConfig+0x328>)
 8001616:	685b      	ldr	r3, [r3, #4]
 8001618:	220c      	movs	r2, #12
 800161a:	4013      	ands	r3, r2
 800161c:	d00b      	beq.n	8001636 <HAL_RCC_OscConfig+0x162>
 800161e:	4b77      	ldr	r3, [pc, #476]	@ (80017fc <HAL_RCC_OscConfig+0x328>)
 8001620:	685b      	ldr	r3, [r3, #4]
 8001622:	220c      	movs	r2, #12
 8001624:	4013      	ands	r3, r2
 8001626:	2b08      	cmp	r3, #8
 8001628:	d11c      	bne.n	8001664 <HAL_RCC_OscConfig+0x190>
 800162a:	4b74      	ldr	r3, [pc, #464]	@ (80017fc <HAL_RCC_OscConfig+0x328>)
 800162c:	685a      	ldr	r2, [r3, #4]
 800162e:	2380      	movs	r3, #128	@ 0x80
 8001630:	025b      	lsls	r3, r3, #9
 8001632:	4013      	ands	r3, r2
 8001634:	d116      	bne.n	8001664 <HAL_RCC_OscConfig+0x190>
 8001636:	4b71      	ldr	r3, [pc, #452]	@ (80017fc <HAL_RCC_OscConfig+0x328>)
 8001638:	681b      	ldr	r3, [r3, #0]
 800163a:	2202      	movs	r2, #2
 800163c:	4013      	ands	r3, r2
 800163e:	d005      	beq.n	800164c <HAL_RCC_OscConfig+0x178>
 8001640:	687b      	ldr	r3, [r7, #4]
 8001642:	68db      	ldr	r3, [r3, #12]
 8001644:	2b01      	cmp	r3, #1
 8001646:	d001      	beq.n	800164c <HAL_RCC_OscConfig+0x178>
 8001648:	2301      	movs	r3, #1
 800164a:	e229      	b.n	8001aa0 <HAL_RCC_OscConfig+0x5cc>
 800164c:	4b6b      	ldr	r3, [pc, #428]	@ (80017fc <HAL_RCC_OscConfig+0x328>)
 800164e:	681b      	ldr	r3, [r3, #0]
 8001650:	22f8      	movs	r2, #248	@ 0xf8
 8001652:	4393      	bics	r3, r2
 8001654:	0019      	movs	r1, r3
 8001656:	687b      	ldr	r3, [r7, #4]
 8001658:	691b      	ldr	r3, [r3, #16]
 800165a:	00da      	lsls	r2, r3, #3
 800165c:	4b67      	ldr	r3, [pc, #412]	@ (80017fc <HAL_RCC_OscConfig+0x328>)
 800165e:	430a      	orrs	r2, r1
 8001660:	601a      	str	r2, [r3, #0]
 8001662:	e041      	b.n	80016e8 <HAL_RCC_OscConfig+0x214>
 8001664:	687b      	ldr	r3, [r7, #4]
 8001666:	68db      	ldr	r3, [r3, #12]
 8001668:	2b00      	cmp	r3, #0
 800166a:	d024      	beq.n	80016b6 <HAL_RCC_OscConfig+0x1e2>
 800166c:	4b63      	ldr	r3, [pc, #396]	@ (80017fc <HAL_RCC_OscConfig+0x328>)
 800166e:	681a      	ldr	r2, [r3, #0]
 8001670:	4b62      	ldr	r3, [pc, #392]	@ (80017fc <HAL_RCC_OscConfig+0x328>)
 8001672:	2101      	movs	r1, #1
 8001674:	430a      	orrs	r2, r1
 8001676:	601a      	str	r2, [r3, #0]
 8001678:	f7ff ff10 	bl	800149c <HAL_GetTick>
 800167c:	0003      	movs	r3, r0
 800167e:	613b      	str	r3, [r7, #16]
 8001680:	e008      	b.n	8001694 <HAL_RCC_OscConfig+0x1c0>
 8001682:	f7ff ff0b 	bl	800149c <HAL_GetTick>
 8001686:	0002      	movs	r2, r0
 8001688:	693b      	ldr	r3, [r7, #16]
 800168a:	1ad3      	subs	r3, r2, r3
 800168c:	2b02      	cmp	r3, #2
 800168e:	d901      	bls.n	8001694 <HAL_RCC_OscConfig+0x1c0>
 8001690:	2303      	movs	r3, #3
 8001692:	e205      	b.n	8001aa0 <HAL_RCC_OscConfig+0x5cc>
 8001694:	4b59      	ldr	r3, [pc, #356]	@ (80017fc <HAL_RCC_OscConfig+0x328>)
 8001696:	681b      	ldr	r3, [r3, #0]
 8001698:	2202      	movs	r2, #2
 800169a:	4013      	ands	r3, r2
 800169c:	d0f1      	beq.n	8001682 <HAL_RCC_OscConfig+0x1ae>
 800169e:	4b57      	ldr	r3, [pc, #348]	@ (80017fc <HAL_RCC_OscConfig+0x328>)
 80016a0:	681b      	ldr	r3, [r3, #0]
 80016a2:	22f8      	movs	r2, #248	@ 0xf8
 80016a4:	4393      	bics	r3, r2
 80016a6:	0019      	movs	r1, r3
 80016a8:	687b      	ldr	r3, [r7, #4]
 80016aa:	691b      	ldr	r3, [r3, #16]
 80016ac:	00da      	lsls	r2, r3, #3
 80016ae:	4b53      	ldr	r3, [pc, #332]	@ (80017fc <HAL_RCC_OscConfig+0x328>)
 80016b0:	430a      	orrs	r2, r1
 80016b2:	601a      	str	r2, [r3, #0]
 80016b4:	e018      	b.n	80016e8 <HAL_RCC_OscConfig+0x214>
 80016b6:	4b51      	ldr	r3, [pc, #324]	@ (80017fc <HAL_RCC_OscConfig+0x328>)
 80016b8:	681a      	ldr	r2, [r3, #0]
 80016ba:	4b50      	ldr	r3, [pc, #320]	@ (80017fc <HAL_RCC_OscConfig+0x328>)
 80016bc:	2101      	movs	r1, #1
 80016be:	438a      	bics	r2, r1
 80016c0:	601a      	str	r2, [r3, #0]
 80016c2:	f7ff feeb 	bl	800149c <HAL_GetTick>
 80016c6:	0003      	movs	r3, r0
 80016c8:	613b      	str	r3, [r7, #16]
 80016ca:	e008      	b.n	80016de <HAL_RCC_OscConfig+0x20a>
 80016cc:	f7ff fee6 	bl	800149c <HAL_GetTick>
 80016d0:	0002      	movs	r2, r0
 80016d2:	693b      	ldr	r3, [r7, #16]
 80016d4:	1ad3      	subs	r3, r2, r3
 80016d6:	2b02      	cmp	r3, #2
 80016d8:	d901      	bls.n	80016de <HAL_RCC_OscConfig+0x20a>
 80016da:	2303      	movs	r3, #3
 80016dc:	e1e0      	b.n	8001aa0 <HAL_RCC_OscConfig+0x5cc>
 80016de:	4b47      	ldr	r3, [pc, #284]	@ (80017fc <HAL_RCC_OscConfig+0x328>)
 80016e0:	681b      	ldr	r3, [r3, #0]
 80016e2:	2202      	movs	r2, #2
 80016e4:	4013      	ands	r3, r2
 80016e6:	d1f1      	bne.n	80016cc <HAL_RCC_OscConfig+0x1f8>
 80016e8:	687b      	ldr	r3, [r7, #4]
 80016ea:	681b      	ldr	r3, [r3, #0]
 80016ec:	2208      	movs	r2, #8
 80016ee:	4013      	ands	r3, r2
 80016f0:	d036      	beq.n	8001760 <HAL_RCC_OscConfig+0x28c>
 80016f2:	687b      	ldr	r3, [r7, #4]
 80016f4:	69db      	ldr	r3, [r3, #28]
 80016f6:	2b00      	cmp	r3, #0
 80016f8:	d019      	beq.n	800172e <HAL_RCC_OscConfig+0x25a>
 80016fa:	4b40      	ldr	r3, [pc, #256]	@ (80017fc <HAL_RCC_OscConfig+0x328>)
 80016fc:	6a5a      	ldr	r2, [r3, #36]	@ 0x24
 80016fe:	4b3f      	ldr	r3, [pc, #252]	@ (80017fc <HAL_RCC_OscConfig+0x328>)
 8001700:	2101      	movs	r1, #1
 8001702:	430a      	orrs	r2, r1
 8001704:	625a      	str	r2, [r3, #36]	@ 0x24
 8001706:	f7ff fec9 	bl	800149c <HAL_GetTick>
 800170a:	0003      	movs	r3, r0
 800170c:	613b      	str	r3, [r7, #16]
 800170e:	e008      	b.n	8001722 <HAL_RCC_OscConfig+0x24e>
 8001710:	f7ff fec4 	bl	800149c <HAL_GetTick>
 8001714:	0002      	movs	r2, r0
 8001716:	693b      	ldr	r3, [r7, #16]
 8001718:	1ad3      	subs	r3, r2, r3
 800171a:	2b02      	cmp	r3, #2
 800171c:	d901      	bls.n	8001722 <HAL_RCC_OscConfig+0x24e>
 800171e:	2303      	movs	r3, #3
 8001720:	e1be      	b.n	8001aa0 <HAL_RCC_OscConfig+0x5cc>
 8001722:	4b36      	ldr	r3, [pc, #216]	@ (80017fc <HAL_RCC_OscConfig+0x328>)
 8001724:	6a5b      	ldr	r3, [r3, #36]	@ 0x24
 8001726:	2202      	movs	r2, #2
 8001728:	4013      	ands	r3, r2
 800172a:	d0f1      	beq.n	8001710 <HAL_RCC_OscConfig+0x23c>
 800172c:	e018      	b.n	8001760 <HAL_RCC_OscConfig+0x28c>
 800172e:	4b33      	ldr	r3, [pc, #204]	@ (80017fc <HAL_RCC_OscConfig+0x328>)
 8001730:	6a5a      	ldr	r2, [r3, #36]	@ 0x24
 8001732:	4b32      	ldr	r3, [pc, #200]	@ (80017fc <HAL_RCC_OscConfig+0x328>)
 8001734:	2101      	movs	r1, #1
 8001736:	438a      	bics	r2, r1
 8001738:	625a      	str	r2, [r3, #36]	@ 0x24
 800173a:	f7ff feaf 	bl	800149c <HAL_GetTick>
 800173e:	0003      	movs	r3, r0
 8001740:	613b      	str	r3, [r7, #16]
 8001742:	e008      	b.n	8001756 <HAL_RCC_OscConfig+0x282>
 8001744:	f7ff feaa 	bl	800149c <HAL_GetTick>
 8001748:	0002      	movs	r2, r0
 800174a:	693b      	ldr	r3, [r7, #16]
 800174c:	1ad3      	subs	r3, r2, r3
 800174e:	2b02      	cmp	r3, #2
 8001750:	d901      	bls.n	8001756 <HAL_RCC_OscConfig+0x282>
 8001752:	2303      	movs	r3, #3
 8001754:	e1a4      	b.n	8001aa0 <HAL_RCC_OscConfig+0x5cc>
 8001756:	4b29      	ldr	r3, [pc, #164]	@ (80017fc <HAL_RCC_OscConfig+0x328>)
 8001758:	6a5b      	ldr	r3, [r3, #36]	@ 0x24
 800175a:	2202      	movs	r2, #2
 800175c:	4013      	ands	r3, r2
 800175e:	d1f1      	bne.n	8001744 <HAL_RCC_OscConfig+0x270>
 8001760:	687b      	ldr	r3, [r7, #4]
 8001762:	681b      	ldr	r3, [r3, #0]
 8001764:	2204      	movs	r2, #4
 8001766:	4013      	ands	r3, r2
 8001768:	d100      	bne.n	800176c <HAL_RCC_OscConfig+0x298>
 800176a:	e0b5      	b.n	80018d8 <HAL_RCC_OscConfig+0x404>
 800176c:	2017      	movs	r0, #23
 800176e:	183b      	adds	r3, r7, r0
 8001770:	2200      	movs	r2, #0
 8001772:	701a      	strb	r2, [r3, #0]
 8001774:	4b21      	ldr	r3, [pc, #132]	@ (80017fc <HAL_RCC_OscConfig+0x328>)
 8001776:	69da      	ldr	r2, [r3, #28]
 8001778:	2380      	movs	r3, #128	@ 0x80
 800177a:	055b      	lsls	r3, r3, #21
 800177c:	4013      	ands	r3, r2
 800177e:	d110      	bne.n	80017a2 <HAL_RCC_OscConfig+0x2ce>
 8001780:	4b1e      	ldr	r3, [pc, #120]	@ (80017fc <HAL_RCC_OscConfig+0x328>)
 8001782:	69da      	ldr	r2, [r3, #28]
 8001784:	4b1d      	ldr	r3, [pc, #116]	@ (80017fc <HAL_RCC_OscConfig+0x328>)
 8001786:	2180      	movs	r1, #128	@ 0x80
 8001788:	0549      	lsls	r1, r1, #21
 800178a:	430a      	orrs	r2, r1
 800178c:	61da      	str	r2, [r3, #28]
 800178e:	4b1b      	ldr	r3, [pc, #108]	@ (80017fc <HAL_RCC_OscConfig+0x328>)
 8001790:	69da      	ldr	r2, [r3, #28]
 8001792:	2380      	movs	r3, #128	@ 0x80
 8001794:	055b      	lsls	r3, r3, #21
 8001796:	4013      	ands	r3, r2
 8001798:	60fb      	str	r3, [r7, #12]
 800179a:	68fb      	ldr	r3, [r7, #12]
 800179c:	183b      	adds	r3, r7, r0
 800179e:	2201      	movs	r2, #1
 80017a0:	701a      	strb	r2, [r3, #0]
 80017a2:	4b19      	ldr	r3, [pc, #100]	@ (8001808 <HAL_RCC_OscConfig+0x334>)
 80017a4:	681a      	ldr	r2, [r3, #0]
 80017a6:	2380      	movs	r3, #128	@ 0x80
 80017a8:	005b      	lsls	r3, r3, #1
 80017aa:	4013      	ands	r3, r2
 80017ac:	d11a      	bne.n	80017e4 <HAL_RCC_OscConfig+0x310>
 80017ae:	4b16      	ldr	r3, [pc, #88]	@ (8001808 <HAL_RCC_OscConfig+0x334>)
 80017b0:	681a      	ldr	r2, [r3, #0]
 80017b2:	4b15      	ldr	r3, [pc, #84]	@ (8001808 <HAL_RCC_OscConfig+0x334>)
 80017b4:	2180      	movs	r1, #128	@ 0x80
 80017b6:	0049      	lsls	r1, r1, #1
 80017b8:	430a      	orrs	r2, r1
 80017ba:	601a      	str	r2, [r3, #0]
 80017bc:	f7ff fe6e 	bl	800149c <HAL_GetTick>
 80017c0:	0003      	movs	r3, r0
 80017c2:	613b      	str	r3, [r7, #16]
 80017c4:	e008      	b.n	80017d8 <HAL_RCC_OscConfig+0x304>
 80017c6:	f7ff fe69 	bl	800149c <HAL_GetTick>
 80017ca:	0002      	movs	r2, r0
 80017cc:	693b      	ldr	r3, [r7, #16]
 80017ce:	1ad3      	subs	r3, r2, r3
 80017d0:	2b64      	cmp	r3, #100	@ 0x64
 80017d2:	d901      	bls.n	80017d8 <HAL_RCC_OscConfig+0x304>
 80017d4:	2303      	movs	r3, #3
 80017d6:	e163      	b.n	8001aa0 <HAL_RCC_OscConfig+0x5cc>
 80017d8:	4b0b      	ldr	r3, [pc, #44]	@ (8001808 <HAL_RCC_OscConfig+0x334>)
 80017da:	681a      	ldr	r2, [r3, #0]
 80017dc:	2380      	movs	r3, #128	@ 0x80
 80017de:	005b      	lsls	r3, r3, #1
 80017e0:	4013      	ands	r3, r2
 80017e2:	d0f0      	beq.n	80017c6 <HAL_RCC_OscConfig+0x2f2>
 80017e4:	687b      	ldr	r3, [r7, #4]
 80017e6:	689b      	ldr	r3, [r3, #8]
 80017e8:	2b01      	cmp	r3, #1
 80017ea:	d10f      	bne.n	800180c <HAL_RCC_OscConfig+0x338>
 80017ec:	4b03      	ldr	r3, [pc, #12]	@ (80017fc <HAL_RCC_OscConfig+0x328>)
 80017ee:	6a1a      	ldr	r2, [r3, #32]
 80017f0:	4b02      	ldr	r3, [pc, #8]	@ (80017fc <HAL_RCC_OscConfig+0x328>)
 80017f2:	2101      	movs	r1, #1
 80017f4:	430a      	orrs	r2, r1
 80017f6:	621a      	str	r2, [r3, #32]
 80017f8:	e036      	b.n	8001868 <HAL_RCC_OscConfig+0x394>
 80017fa:	46c0      	nop			@ (mov r8, r8)
 80017fc:	40021000 	.word	0x40021000
 8001800:	fffeffff 	.word	0xfffeffff
 8001804:	fffbffff 	.word	0xfffbffff
 8001808:	40007000 	.word	0x40007000
 800180c:	687b      	ldr	r3, [r7, #4]
 800180e:	689b      	ldr	r3, [r3, #8]
 8001810:	2b00      	cmp	r3, #0
 8001812:	d10c      	bne.n	800182e <HAL_RCC_OscConfig+0x35a>
 8001814:	4ba4      	ldr	r3, [pc, #656]	@ (8001aa8 <HAL_RCC_OscConfig+0x5d4>)
 8001816:	6a1a      	ldr	r2, [r3, #32]
 8001818:	4ba3      	ldr	r3, [pc, #652]	@ (8001aa8 <HAL_RCC_OscConfig+0x5d4>)
 800181a:	2101      	movs	r1, #1
 800181c:	438a      	bics	r2, r1
 800181e:	621a      	str	r2, [r3, #32]
 8001820:	4ba1      	ldr	r3, [pc, #644]	@ (8001aa8 <HAL_RCC_OscConfig+0x5d4>)
 8001822:	6a1a      	ldr	r2, [r3, #32]
 8001824:	4ba0      	ldr	r3, [pc, #640]	@ (8001aa8 <HAL_RCC_OscConfig+0x5d4>)
 8001826:	2104      	movs	r1, #4
 8001828:	438a      	bics	r2, r1
 800182a:	621a      	str	r2, [r3, #32]
 800182c:	e01c      	b.n	8001868 <HAL_RCC_OscConfig+0x394>
 800182e:	687b      	ldr	r3, [r7, #4]
 8001830:	689b      	ldr	r3, [r3, #8]
 8001832:	2b05      	cmp	r3, #5
 8001834:	d10c      	bne.n	8001850 <HAL_RCC_OscConfig+0x37c>
 8001836:	4b9c      	ldr	r3, [pc, #624]	@ (8001aa8 <HAL_RCC_OscConfig+0x5d4>)
 8001838:	6a1a      	ldr	r2, [r3, #32]
 800183a:	4b9b      	ldr	r3, [pc, #620]	@ (8001aa8 <HAL_RCC_OscConfig+0x5d4>)
 800183c:	2104      	movs	r1, #4
 800183e:	430a      	orrs	r2, r1
 8001840:	621a      	str	r2, [r3, #32]
 8001842:	4b99      	ldr	r3, [pc, #612]	@ (8001aa8 <HAL_RCC_OscConfig+0x5d4>)
 8001844:	6a1a      	ldr	r2, [r3, #32]
 8001846:	4b98      	ldr	r3, [pc, #608]	@ (8001aa8 <HAL_RCC_OscConfig+0x5d4>)
 8001848:	2101      	movs	r1, #1
 800184a:	430a      	orrs	r2, r1
 800184c:	621a      	str	r2, [r3, #32]
 800184e:	e00b      	b.n	8001868 <HAL_RCC_OscConfig+0x394>
 8001850:	4b95      	ldr	r3, [pc, #596]	@ (8001aa8 <HAL_RCC_OscConfig+0x5d4>)
 8001852:	6a1a      	ldr	r2, [r3, #32]
 8001854:	4b94      	ldr	r3, [pc, #592]	@ (8001aa8 <HAL_RCC_OscConfig+0x5d4>)
 8001856:	2101      	movs	r1, #1
 8001858:	438a      	bics	r2, r1
 800185a:	621a      	str	r2, [r3, #32]
 800185c:	4b92      	ldr	r3, [pc, #584]	@ (8001aa8 <HAL_RCC_OscConfig+0x5d4>)
 800185e:	6a1a      	ldr	r2, [r3, #32]
 8001860:	4b91      	ldr	r3, [pc, #580]	@ (8001aa8 <HAL_RCC_OscConfig+0x5d4>)
 8001862:	2104      	movs	r1, #4
 8001864:	438a      	bics	r2, r1
 8001866:	621a      	str	r2, [r3, #32]
 8001868:	687b      	ldr	r3, [r7, #4]
 800186a:	689b      	ldr	r3, [r3, #8]
 800186c:	2b00      	cmp	r3, #0
 800186e:	d014      	beq.n	800189a <HAL_RCC_OscConfig+0x3c6>
 8001870:	f7ff fe14 	bl	800149c <HAL_GetTick>
 8001874:	0003      	movs	r3, r0
 8001876:	613b      	str	r3, [r7, #16]
 8001878:	e009      	b.n	800188e <HAL_RCC_OscConfig+0x3ba>
 800187a:	f7ff fe0f 	bl	800149c <HAL_GetTick>
 800187e:	0002      	movs	r2, r0
 8001880:	693b      	ldr	r3, [r7, #16]
 8001882:	1ad3      	subs	r3, r2, r3
 8001884:	4a89      	ldr	r2, [pc, #548]	@ (8001aac <HAL_RCC_OscConfig+0x5d8>)
 8001886:	4293      	cmp	r3, r2
 8001888:	d901      	bls.n	800188e <HAL_RCC_OscConfig+0x3ba>
 800188a:	2303      	movs	r3, #3
 800188c:	e108      	b.n	8001aa0 <HAL_RCC_OscConfig+0x5cc>
 800188e:	4b86      	ldr	r3, [pc, #536]	@ (8001aa8 <HAL_RCC_OscConfig+0x5d4>)
 8001890:	6a1b      	ldr	r3, [r3, #32]
 8001892:	2202      	movs	r2, #2
 8001894:	4013      	ands	r3, r2
 8001896:	d0f0      	beq.n	800187a <HAL_RCC_OscConfig+0x3a6>
 8001898:	e013      	b.n	80018c2 <HAL_RCC_OscConfig+0x3ee>
 800189a:	f7ff fdff 	bl	800149c <HAL_GetTick>
 800189e:	0003      	movs	r3, r0
 80018a0:	613b      	str	r3, [r7, #16]
 80018a2:	e009      	b.n	80018b8 <HAL_RCC_OscConfig+0x3e4>
 80018a4:	f7ff fdfa 	bl	800149c <HAL_GetTick>
 80018a8:	0002      	movs	r2, r0
 80018aa:	693b      	ldr	r3, [r7, #16]
 80018ac:	1ad3      	subs	r3, r2, r3
 80018ae:	4a7f      	ldr	r2, [pc, #508]	@ (8001aac <HAL_RCC_OscConfig+0x5d8>)
 80018b0:	4293      	cmp	r3, r2
 80018b2:	d901      	bls.n	80018b8 <HAL_RCC_OscConfig+0x3e4>
 80018b4:	2303      	movs	r3, #3
 80018b6:	e0f3      	b.n	8001aa0 <HAL_RCC_OscConfig+0x5cc>
 80018b8:	4b7b      	ldr	r3, [pc, #492]	@ (8001aa8 <HAL_RCC_OscConfig+0x5d4>)
 80018ba:	6a1b      	ldr	r3, [r3, #32]
 80018bc:	2202      	movs	r2, #2
 80018be:	4013      	ands	r3, r2
 80018c0:	d1f0      	bne.n	80018a4 <HAL_RCC_OscConfig+0x3d0>
 80018c2:	2317      	movs	r3, #23
 80018c4:	18fb      	adds	r3, r7, r3
 80018c6:	781b      	ldrb	r3, [r3, #0]
 80018c8:	2b01      	cmp	r3, #1
 80018ca:	d105      	bne.n	80018d8 <HAL_RCC_OscConfig+0x404>
 80018cc:	4b76      	ldr	r3, [pc, #472]	@ (8001aa8 <HAL_RCC_OscConfig+0x5d4>)
 80018ce:	69da      	ldr	r2, [r3, #28]
 80018d0:	4b75      	ldr	r3, [pc, #468]	@ (8001aa8 <HAL_RCC_OscConfig+0x5d4>)
 80018d2:	4977      	ldr	r1, [pc, #476]	@ (8001ab0 <HAL_RCC_OscConfig+0x5dc>)
 80018d4:	400a      	ands	r2, r1
 80018d6:	61da      	str	r2, [r3, #28]
 80018d8:	687b      	ldr	r3, [r7, #4]
 80018da:	681b      	ldr	r3, [r3, #0]
 80018dc:	2210      	movs	r2, #16
 80018de:	4013      	ands	r3, r2
 80018e0:	d063      	beq.n	80019aa <HAL_RCC_OscConfig+0x4d6>
 80018e2:	687b      	ldr	r3, [r7, #4]
 80018e4:	695b      	ldr	r3, [r3, #20]
 80018e6:	2b01      	cmp	r3, #1
 80018e8:	d12a      	bne.n	8001940 <HAL_RCC_OscConfig+0x46c>
 80018ea:	4b6f      	ldr	r3, [pc, #444]	@ (8001aa8 <HAL_RCC_OscConfig+0x5d4>)
 80018ec:	6b5a      	ldr	r2, [r3, #52]	@ 0x34
 80018ee:	4b6e      	ldr	r3, [pc, #440]	@ (8001aa8 <HAL_RCC_OscConfig+0x5d4>)
 80018f0:	2104      	movs	r1, #4
 80018f2:	430a      	orrs	r2, r1
 80018f4:	635a      	str	r2, [r3, #52]	@ 0x34
 80018f6:	4b6c      	ldr	r3, [pc, #432]	@ (8001aa8 <HAL_RCC_OscConfig+0x5d4>)
 80018f8:	6b5a      	ldr	r2, [r3, #52]	@ 0x34
 80018fa:	4b6b      	ldr	r3, [pc, #428]	@ (8001aa8 <HAL_RCC_OscConfig+0x5d4>)
 80018fc:	2101      	movs	r1, #1
 80018fe:	430a      	orrs	r2, r1
 8001900:	635a      	str	r2, [r3, #52]	@ 0x34
 8001902:	f7ff fdcb 	bl	800149c <HAL_GetTick>
 8001906:	0003      	movs	r3, r0
 8001908:	613b      	str	r3, [r7, #16]
 800190a:	e008      	b.n	800191e <HAL_RCC_OscConfig+0x44a>
 800190c:	f7ff fdc6 	bl	800149c <HAL_GetTick>
 8001910:	0002      	movs	r2, r0
 8001912:	693b      	ldr	r3, [r7, #16]
 8001914:	1ad3      	subs	r3, r2, r3
 8001916:	2b02      	cmp	r3, #2
 8001918:	d901      	bls.n	800191e <HAL_RCC_OscConfig+0x44a>
 800191a:	2303      	movs	r3, #3
 800191c:	e0c0      	b.n	8001aa0 <HAL_RCC_OscConfig+0x5cc>
 800191e:	4b62      	ldr	r3, [pc, #392]	@ (8001aa8 <HAL_RCC_OscConfig+0x5d4>)
 8001920:	6b5b      	ldr	r3, [r3, #52]	@ 0x34
 8001922:	2202      	movs	r2, #2
 8001924:	4013      	ands	r3, r2
 8001926:	d0f1      	beq.n	800190c <HAL_RCC_OscConfig+0x438>
 8001928:	4b5f      	ldr	r3, [pc, #380]	@ (8001aa8 <HAL_RCC_OscConfig+0x5d4>)
 800192a:	6b5b      	ldr	r3, [r3, #52]	@ 0x34
 800192c:	22f8      	movs	r2, #248	@ 0xf8
 800192e:	4393      	bics	r3, r2
 8001930:	0019      	movs	r1, r3
 8001932:	687b      	ldr	r3, [r7, #4]
 8001934:	699b      	ldr	r3, [r3, #24]
 8001936:	00da      	lsls	r2, r3, #3
 8001938:	4b5b      	ldr	r3, [pc, #364]	@ (8001aa8 <HAL_RCC_OscConfig+0x5d4>)
 800193a:	430a      	orrs	r2, r1
 800193c:	635a      	str	r2, [r3, #52]	@ 0x34
 800193e:	e034      	b.n	80019aa <HAL_RCC_OscConfig+0x4d6>
 8001940:	687b      	ldr	r3, [r7, #4]
 8001942:	695b      	ldr	r3, [r3, #20]
 8001944:	3305      	adds	r3, #5
 8001946:	d111      	bne.n	800196c <HAL_RCC_OscConfig+0x498>
 8001948:	4b57      	ldr	r3, [pc, #348]	@ (8001aa8 <HAL_RCC_OscConfig+0x5d4>)
 800194a:	6b5a      	ldr	r2, [r3, #52]	@ 0x34
 800194c:	4b56      	ldr	r3, [pc, #344]	@ (8001aa8 <HAL_RCC_OscConfig+0x5d4>)
 800194e:	2104      	movs	r1, #4
 8001950:	438a      	bics	r2, r1
 8001952:	635a      	str	r2, [r3, #52]	@ 0x34
 8001954:	4b54      	ldr	r3, [pc, #336]	@ (8001aa8 <HAL_RCC_OscConfig+0x5d4>)
 8001956:	6b5b      	ldr	r3, [r3, #52]	@ 0x34
 8001958:	22f8      	movs	r2, #248	@ 0xf8
 800195a:	4393      	bics	r3, r2
 800195c:	0019      	movs	r1, r3
 800195e:	687b      	ldr	r3, [r7, #4]
 8001960:	699b      	ldr	r3, [r3, #24]
 8001962:	00da      	lsls	r2, r3, #3
 8001964:	4b50      	ldr	r3, [pc, #320]	@ (8001aa8 <HAL_RCC_OscConfig+0x5d4>)
 8001966:	430a      	orrs	r2, r1
 8001968:	635a      	str	r2, [r3, #52]	@ 0x34
 800196a:	e01e      	b.n	80019aa <HAL_RCC_OscConfig+0x4d6>
 800196c:	4b4e      	ldr	r3, [pc, #312]	@ (8001aa8 <HAL_RCC_OscConfig+0x5d4>)
 800196e:	6b5a      	ldr	r2, [r3, #52]	@ 0x34
 8001970:	4b4d      	ldr	r3, [pc, #308]	@ (8001aa8 <HAL_RCC_OscConfig+0x5d4>)
 8001972:	2104      	movs	r1, #4
 8001974:	430a      	orrs	r2, r1
 8001976:	635a      	str	r2, [r3, #52]	@ 0x34
 8001978:	4b4b      	ldr	r3, [pc, #300]	@ (8001aa8 <HAL_RCC_OscConfig+0x5d4>)
 800197a:	6b5a      	ldr	r2, [r3, #52]	@ 0x34
 800197c:	4b4a      	ldr	r3, [pc, #296]	@ (8001aa8 <HAL_RCC_OscConfig+0x5d4>)
 800197e:	2101      	movs	r1, #1
 8001980:	438a      	bics	r2, r1
 8001982:	635a      	str	r2, [r3, #52]	@ 0x34
 8001984:	f7ff fd8a 	bl	800149c <HAL_GetTick>
 8001988:	0003      	movs	r3, r0
 800198a:	613b      	str	r3, [r7, #16]
 800198c:	e008      	b.n	80019a0 <HAL_RCC_OscConfig+0x4cc>
 800198e:	f7ff fd85 	bl	800149c <HAL_GetTick>
 8001992:	0002      	movs	r2, r0
 8001994:	693b      	ldr	r3, [r7, #16]
 8001996:	1ad3      	subs	r3, r2, r3
 8001998:	2b02      	cmp	r3, #2
 800199a:	d901      	bls.n	80019a0 <HAL_RCC_OscConfig+0x4cc>
 800199c:	2303      	movs	r3, #3
 800199e:	e07f      	b.n	8001aa0 <HAL_RCC_OscConfig+0x5cc>
 80019a0:	4b41      	ldr	r3, [pc, #260]	@ (8001aa8 <HAL_RCC_OscConfig+0x5d4>)
 80019a2:	6b5b      	ldr	r3, [r3, #52]	@ 0x34
 80019a4:	2202      	movs	r2, #2
 80019a6:	4013      	ands	r3, r2
 80019a8:	d1f1      	bne.n	800198e <HAL_RCC_OscConfig+0x4ba>
 80019aa:	687b      	ldr	r3, [r7, #4]
 80019ac:	6a1b      	ldr	r3, [r3, #32]
 80019ae:	2b00      	cmp	r3, #0
 80019b0:	d100      	bne.n	80019b4 <HAL_RCC_OscConfig+0x4e0>
 80019b2:	e074      	b.n	8001a9e <HAL_RCC_OscConfig+0x5ca>
 80019b4:	4b3c      	ldr	r3, [pc, #240]	@ (8001aa8 <HAL_RCC_OscConfig+0x5d4>)
 80019b6:	685b      	ldr	r3, [r3, #4]
 80019b8:	220c      	movs	r2, #12
 80019ba:	4013      	ands	r3, r2
 80019bc:	2b08      	cmp	r3, #8
 80019be:	d100      	bne.n	80019c2 <HAL_RCC_OscConfig+0x4ee>
 80019c0:	e06b      	b.n	8001a9a <HAL_RCC_OscConfig+0x5c6>
 80019c2:	687b      	ldr	r3, [r7, #4]
 80019c4:	6a1b      	ldr	r3, [r3, #32]
 80019c6:	2b02      	cmp	r3, #2
 80019c8:	d14c      	bne.n	8001a64 <HAL_RCC_OscConfig+0x590>
 80019ca:	4b37      	ldr	r3, [pc, #220]	@ (8001aa8 <HAL_RCC_OscConfig+0x5d4>)
 80019cc:	681a      	ldr	r2, [r3, #0]
 80019ce:	4b36      	ldr	r3, [pc, #216]	@ (8001aa8 <HAL_RCC_OscConfig+0x5d4>)
 80019d0:	4938      	ldr	r1, [pc, #224]	@ (8001ab4 <HAL_RCC_OscConfig+0x5e0>)
 80019d2:	400a      	ands	r2, r1
 80019d4:	601a      	str	r2, [r3, #0]
 80019d6:	f7ff fd61 	bl	800149c <HAL_GetTick>
 80019da:	0003      	movs	r3, r0
 80019dc:	613b      	str	r3, [r7, #16]
 80019de:	e008      	b.n	80019f2 <HAL_RCC_OscConfig+0x51e>
 80019e0:	f7ff fd5c 	bl	800149c <HAL_GetTick>
 80019e4:	0002      	movs	r2, r0
 80019e6:	693b      	ldr	r3, [r7, #16]
 80019e8:	1ad3      	subs	r3, r2, r3
 80019ea:	2b02      	cmp	r3, #2
 80019ec:	d901      	bls.n	80019f2 <HAL_RCC_OscConfig+0x51e>
 80019ee:	2303      	movs	r3, #3
 80019f0:	e056      	b.n	8001aa0 <HAL_RCC_OscConfig+0x5cc>
 80019f2:	4b2d      	ldr	r3, [pc, #180]	@ (8001aa8 <HAL_RCC_OscConfig+0x5d4>)
 80019f4:	681a      	ldr	r2, [r3, #0]
 80019f6:	2380      	movs	r3, #128	@ 0x80
 80019f8:	049b      	lsls	r3, r3, #18
 80019fa:	4013      	ands	r3, r2
 80019fc:	d1f0      	bne.n	80019e0 <HAL_RCC_OscConfig+0x50c>
 80019fe:	4b2a      	ldr	r3, [pc, #168]	@ (8001aa8 <HAL_RCC_OscConfig+0x5d4>)
 8001a00:	6adb      	ldr	r3, [r3, #44]	@ 0x2c
 8001a02:	220f      	movs	r2, #15
 8001a04:	4393      	bics	r3, r2
 8001a06:	0019      	movs	r1, r3
 8001a08:	687b      	ldr	r3, [r7, #4]
 8001a0a:	6ada      	ldr	r2, [r3, #44]	@ 0x2c
 8001a0c:	4b26      	ldr	r3, [pc, #152]	@ (8001aa8 <HAL_RCC_OscConfig+0x5d4>)
 8001a0e:	430a      	orrs	r2, r1
 8001a10:	62da      	str	r2, [r3, #44]	@ 0x2c
 8001a12:	4b25      	ldr	r3, [pc, #148]	@ (8001aa8 <HAL_RCC_OscConfig+0x5d4>)
 8001a14:	685b      	ldr	r3, [r3, #4]
 8001a16:	4a28      	ldr	r2, [pc, #160]	@ (8001ab8 <HAL_RCC_OscConfig+0x5e4>)
 8001a18:	4013      	ands	r3, r2
 8001a1a:	0019      	movs	r1, r3
 8001a1c:	687b      	ldr	r3, [r7, #4]
 8001a1e:	6a9a      	ldr	r2, [r3, #40]	@ 0x28
 8001a20:	687b      	ldr	r3, [r7, #4]
 8001a22:	6a5b      	ldr	r3, [r3, #36]	@ 0x24
 8001a24:	431a      	orrs	r2, r3
 8001a26:	4b20      	ldr	r3, [pc, #128]	@ (8001aa8 <HAL_RCC_OscConfig+0x5d4>)
 8001a28:	430a      	orrs	r2, r1
 8001a2a:	605a      	str	r2, [r3, #4]
 8001a2c:	4b1e      	ldr	r3, [pc, #120]	@ (8001aa8 <HAL_RCC_OscConfig+0x5d4>)
 8001a2e:	681a      	ldr	r2, [r3, #0]
 8001a30:	4b1d      	ldr	r3, [pc, #116]	@ (8001aa8 <HAL_RCC_OscConfig+0x5d4>)
 8001a32:	2180      	movs	r1, #128	@ 0x80
 8001a34:	0449      	lsls	r1, r1, #17
 8001a36:	430a      	orrs	r2, r1
 8001a38:	601a      	str	r2, [r3, #0]
 8001a3a:	f7ff fd2f 	bl	800149c <HAL_GetTick>
 8001a3e:	0003      	movs	r3, r0
 8001a40:	613b      	str	r3, [r7, #16]
 8001a42:	e008      	b.n	8001a56 <HAL_RCC_OscConfig+0x582>
 8001a44:	f7ff fd2a 	bl	800149c <HAL_GetTick>
 8001a48:	0002      	movs	r2, r0
 8001a4a:	693b      	ldr	r3, [r7, #16]
 8001a4c:	1ad3      	subs	r3, r2, r3
 8001a4e:	2b02      	cmp	r3, #2
 8001a50:	d901      	bls.n	8001a56 <HAL_RCC_OscConfig+0x582>
 8001a52:	2303      	movs	r3, #3
 8001a54:	e024      	b.n	8001aa0 <HAL_RCC_OscConfig+0x5cc>
 8001a56:	4b14      	ldr	r3, [pc, #80]	@ (8001aa8 <HAL_RCC_OscConfig+0x5d4>)
 8001a58:	681a      	ldr	r2, [r3, #0]
 8001a5a:	2380      	movs	r3, #128	@ 0x80
 8001a5c:	049b      	lsls	r3, r3, #18
 8001a5e:	4013      	ands	r3, r2
 8001a60:	d0f0      	beq.n	8001a44 <HAL_RCC_OscConfig+0x570>
 8001a62:	e01c      	b.n	8001a9e <HAL_RCC_OscConfig+0x5ca>
 8001a64:	4b10      	ldr	r3, [pc, #64]	@ (8001aa8 <HAL_RCC_OscConfig+0x5d4>)
 8001a66:	681a      	ldr	r2, [r3, #0]
 8001a68:	4b0f      	ldr	r3, [pc, #60]	@ (8001aa8 <HAL_RCC_OscConfig+0x5d4>)
 8001a6a:	4912      	ldr	r1, [pc, #72]	@ (8001ab4 <HAL_RCC_OscConfig+0x5e0>)
 8001a6c:	400a      	ands	r2, r1
 8001a6e:	601a      	str	r2, [r3, #0]
 8001a70:	f7ff fd14 	bl	800149c <HAL_GetTick>
 8001a74:	0003      	movs	r3, r0
 8001a76:	613b      	str	r3, [r7, #16]
 8001a78:	e008      	b.n	8001a8c <HAL_RCC_OscConfig+0x5b8>
 8001a7a:	f7ff fd0f 	bl	800149c <HAL_GetTick>
 8001a7e:	0002      	movs	r2, r0
 8001a80:	693b      	ldr	r3, [r7, #16]
 8001a82:	1ad3      	subs	r3, r2, r3
 8001a84:	2b02      	cmp	r3, #2
 8001a86:	d901      	bls.n	8001a8c <HAL_RCC_OscConfig+0x5b8>
 8001a88:	2303      	movs	r3, #3
 8001a8a:	e009      	b.n	8001aa0 <HAL_RCC_OscConfig+0x5cc>
 8001a8c:	4b06      	ldr	r3, [pc, #24]	@ (8001aa8 <HAL_RCC_OscConfig+0x5d4>)
 8001a8e:	681a      	ldr	r2, [r3, #0]
 8001a90:	2380      	movs	r3, #128	@ 0x80
 8001a92:	049b      	lsls	r3, r3, #18
 8001a94:	4013      	ands	r3, r2
 8001a96:	d1f0      	bne.n	8001a7a <HAL_RCC_OscConfig+0x5a6>
 8001a98:	e001      	b.n	8001a9e <HAL_RCC_OscConfig+0x5ca>
 8001a9a:	2301      	movs	r3, #1
 8001a9c:	e000      	b.n	8001aa0 <HAL_RCC_OscConfig+0x5cc>
 8001a9e:	2300      	movs	r3, #0
 8001aa0:	0018      	movs	r0, r3
 8001aa2:	46bd      	mov	sp, r7
 8001aa4:	b006      	add	sp, #24
 8001aa6:	bd80      	pop	{r7, pc}
 8001aa8:	40021000 	.word	0x40021000
 8001aac:	00001388 	.word	0x00001388
 8001ab0:	efffffff 	.word	0xefffffff
 8001ab4:	feffffff 	.word	0xfeffffff
 8001ab8:	ffc2ffff 	.word	0xffc2ffff

08001abc <HAL_RCC_ClockConfig>:
 8001abc:	b580      	push	{r7, lr}
 8001abe:	b084      	sub	sp, #16
 8001ac0:	af00      	add	r7, sp, #0
 8001ac2:	6078      	str	r0, [r7, #4]
 8001ac4:	6039      	str	r1, [r7, #0]
 8001ac6:	2300      	movs	r3, #0
 8001ac8:	60fb      	str	r3, [r7, #12]
 8001aca:	4b63      	ldr	r3, [pc, #396]	@ (8001c58 <HAL_RCC_ClockConfig+0x19c>)
 8001acc:	681b      	ldr	r3, [r3, #0]
 8001ace:	2201      	movs	r2, #1
 8001ad0:	4013      	ands	r3, r2
 8001ad2:	683a      	ldr	r2, [r7, #0]
 8001ad4:	429a      	cmp	r2, r3
 8001ad6:	d911      	bls.n	8001afc <HAL_RCC_ClockConfig+0x40>
 8001ad8:	4b5f      	ldr	r3, [pc, #380]	@ (8001c58 <HAL_RCC_ClockConfig+0x19c>)
 8001ada:	681b      	ldr	r3, [r3, #0]
 8001adc:	2201      	movs	r2, #1
 8001ade:	4393      	bics	r3, r2
 8001ae0:	0019      	movs	r1, r3
 8001ae2:	4b5d      	ldr	r3, [pc, #372]	@ (8001c58 <HAL_RCC_ClockConfig+0x19c>)
 8001ae4:	683a      	ldr	r2, [r7, #0]
 8001ae6:	430a      	orrs	r2, r1
 8001ae8:	601a      	str	r2, [r3, #0]
 8001aea:	4b5b      	ldr	r3, [pc, #364]	@ (8001c58 <HAL_RCC_ClockConfig+0x19c>)
 8001aec:	681b      	ldr	r3, [r3, #0]
 8001aee:	2201      	movs	r2, #1
 8001af0:	4013      	ands	r3, r2
 8001af2:	683a      	ldr	r2, [r7, #0]
 8001af4:	429a      	cmp	r2, r3
 8001af6:	d001      	beq.n	8001afc <HAL_RCC_ClockConfig+0x40>
 8001af8:	2301      	movs	r3, #1
 8001afa:	e0a9      	b.n	8001c50 <HAL_RCC_ClockConfig+0x194>
 8001afc:	687b      	ldr	r3, [r7, #4]
 8001afe:	681b      	ldr	r3, [r3, #0]
 8001b00:	2202      	movs	r2, #2
 8001b02:	4013      	ands	r3, r2
 8001b04:	d009      	beq.n	8001b1a <HAL_RCC_ClockConfig+0x5e>
 8001b06:	4b55      	ldr	r3, [pc, #340]	@ (8001c5c <HAL_RCC_ClockConfig+0x1a0>)
 8001b08:	685b      	ldr	r3, [r3, #4]
 8001b0a:	22f0      	movs	r2, #240	@ 0xf0
 8001b0c:	4393      	bics	r3, r2
 8001b0e:	0019      	movs	r1, r3
 8001b10:	687b      	ldr	r3, [r7, #4]
 8001b12:	689a      	ldr	r2, [r3, #8]
 8001b14:	4b51      	ldr	r3, [pc, #324]	@ (8001c5c <HAL_RCC_ClockConfig+0x1a0>)
 8001b16:	430a      	orrs	r2, r1
 8001b18:	605a      	str	r2, [r3, #4]
 8001b1a:	687b      	ldr	r3, [r7, #4]
 8001b1c:	681b      	ldr	r3, [r3, #0]
 8001b1e:	2201      	movs	r2, #1
 8001b20:	4013      	ands	r3, r2
 8001b22:	d100      	bne.n	8001b26 <HAL_RCC_ClockConfig+0x6a>
 8001b24:	e067      	b.n	8001bf6 <HAL_RCC_ClockConfig+0x13a>
 8001b26:	687b      	ldr	r3, [r7, #4]
 8001b28:	685b      	ldr	r3, [r3, #4]
 8001b2a:	2b01      	cmp	r3, #1
 8001b2c:	d107      	bne.n	8001b3e <HAL_RCC_ClockConfig+0x82>
 8001b2e:	4b4b      	ldr	r3, [pc, #300]	@ (8001c5c <HAL_RCC_ClockConfig+0x1a0>)
 8001b30:	681a      	ldr	r2, [r3, #0]
 8001b32:	2380      	movs	r3, #128	@ 0x80
 8001b34:	029b      	lsls	r3, r3, #10
 8001b36:	4013      	ands	r3, r2
 8001b38:	d114      	bne.n	8001b64 <HAL_RCC_ClockConfig+0xa8>
 8001b3a:	2301      	movs	r3, #1
 8001b3c:	e088      	b.n	8001c50 <HAL_RCC_ClockConfig+0x194>
 8001b3e:	687b      	ldr	r3, [r7, #4]
 8001b40:	685b      	ldr	r3, [r3, #4]
 8001b42:	2b02      	cmp	r3, #2
 8001b44:	d107      	bne.n	8001b56 <HAL_RCC_ClockConfig+0x9a>
 8001b46:	4b45      	ldr	r3, [pc, #276]	@ (8001c5c <HAL_RCC_ClockConfig+0x1a0>)
 8001b48:	681a      	ldr	r2, [r3, #0]
 8001b4a:	2380      	movs	r3, #128	@ 0x80
 8001b4c:	049b      	lsls	r3, r3, #18
 8001b4e:	4013      	ands	r3, r2
 8001b50:	d108      	bne.n	8001b64 <HAL_RCC_ClockConfig+0xa8>
 8001b52:	2301      	movs	r3, #1
 8001b54:	e07c      	b.n	8001c50 <HAL_RCC_ClockConfig+0x194>
 8001b56:	4b41      	ldr	r3, [pc, #260]	@ (8001c5c <HAL_RCC_ClockConfig+0x1a0>)
 8001b58:	681b      	ldr	r3, [r3, #0]
 8001b5a:	2202      	movs	r2, #2
 8001b5c:	4013      	ands	r3, r2
 8001b5e:	d101      	bne.n	8001b64 <HAL_RCC_ClockConfig+0xa8>
 8001b60:	2301      	movs	r3, #1
 8001b62:	e075      	b.n	8001c50 <HAL_RCC_ClockConfig+0x194>
 8001b64:	4b3d      	ldr	r3, [pc, #244]	@ (8001c5c <HAL_RCC_ClockConfig+0x1a0>)
 8001b66:	685b      	ldr	r3, [r3, #4]
 8001b68:	2203      	movs	r2, #3
 8001b6a:	4393      	bics	r3, r2
 8001b6c:	0019      	movs	r1, r3
 8001b6e:	687b      	ldr	r3, [r7, #4]
 8001b70:	685a      	ldr	r2, [r3, #4]
 8001b72:	4b3a      	ldr	r3, [pc, #232]	@ (8001c5c <HAL_RCC_ClockConfig+0x1a0>)
 8001b74:	430a      	orrs	r2, r1
 8001b76:	605a      	str	r2, [r3, #4]
 8001b78:	f7ff fc90 	bl	800149c <HAL_GetTick>
 8001b7c:	0003      	movs	r3, r0
 8001b7e:	60fb      	str	r3, [r7, #12]
 8001b80:	687b      	ldr	r3, [r7, #4]
 8001b82:	685b      	ldr	r3, [r3, #4]
 8001b84:	2b01      	cmp	r3, #1
 8001b86:	d111      	bne.n	8001bac <HAL_RCC_ClockConfig+0xf0>
 8001b88:	e009      	b.n	8001b9e <HAL_RCC_ClockConfig+0xe2>
 8001b8a:	f7ff fc87 	bl	800149c <HAL_GetTick>
 8001b8e:	0002      	movs	r2, r0
 8001b90:	68fb      	ldr	r3, [r7, #12]
 8001b92:	1ad3      	subs	r3, r2, r3
 8001b94:	4a32      	ldr	r2, [pc, #200]	@ (8001c60 <HAL_RCC_ClockConfig+0x1a4>)
 8001b96:	4293      	cmp	r3, r2
 8001b98:	d901      	bls.n	8001b9e <HAL_RCC_ClockConfig+0xe2>
 8001b9a:	2303      	movs	r3, #3
 8001b9c:	e058      	b.n	8001c50 <HAL_RCC_ClockConfig+0x194>
 8001b9e:	4b2f      	ldr	r3, [pc, #188]	@ (8001c5c <HAL_RCC_ClockConfig+0x1a0>)
 8001ba0:	685b      	ldr	r3, [r3, #4]
 8001ba2:	220c      	movs	r2, #12
 8001ba4:	4013      	ands	r3, r2
 8001ba6:	2b04      	cmp	r3, #4
 8001ba8:	d1ef      	bne.n	8001b8a <HAL_RCC_ClockConfig+0xce>
 8001baa:	e024      	b.n	8001bf6 <HAL_RCC_ClockConfig+0x13a>
 8001bac:	687b      	ldr	r3, [r7, #4]
 8001bae:	685b      	ldr	r3, [r3, #4]
 8001bb0:	2b02      	cmp	r3, #2
 8001bb2:	d11b      	bne.n	8001bec <HAL_RCC_ClockConfig+0x130>
 8001bb4:	e009      	b.n	8001bca <HAL_RCC_ClockConfig+0x10e>
 8001bb6:	f7ff fc71 	bl	800149c <HAL_GetTick>
 8001bba:	0002      	movs	r2, r0
 8001bbc:	68fb      	ldr	r3, [r7, #12]
 8001bbe:	1ad3      	subs	r3, r2, r3
 8001bc0:	4a27      	ldr	r2, [pc, #156]	@ (8001c60 <HAL_RCC_ClockConfig+0x1a4>)
 8001bc2:	4293      	cmp	r3, r2
 8001bc4:	d901      	bls.n	8001bca <HAL_RCC_ClockConfig+0x10e>
 8001bc6:	2303      	movs	r3, #3
 8001bc8:	e042      	b.n	8001c50 <HAL_RCC_ClockConfig+0x194>
 8001bca:	4b24      	ldr	r3, [pc, #144]	@ (8001c5c <HAL_RCC_ClockConfig+0x1a0>)
 8001bcc:	685b      	ldr	r3, [r3, #4]
 8001bce:	220c      	movs	r2, #12
 8001bd0:	4013      	ands	r3, r2
 8001bd2:	2b08      	cmp	r3, #8
 8001bd4:	d1ef      	bne.n	8001bb6 <HAL_RCC_ClockConfig+0xfa>
 8001bd6:	e00e      	b.n	8001bf6 <HAL_RCC_ClockConfig+0x13a>
 8001bd8:	f7ff fc60 	bl	800149c <HAL_GetTick>
 8001bdc:	0002      	movs	r2, r0
 8001bde:	68fb      	ldr	r3, [r7, #12]
 8001be0:	1ad3      	subs	r3, r2, r3
 8001be2:	4a1f      	ldr	r2, [pc, #124]	@ (8001c60 <HAL_RCC_ClockConfig+0x1a4>)
 8001be4:	4293      	cmp	r3, r2
 8001be6:	d901      	bls.n	8001bec <HAL_RCC_ClockConfig+0x130>
 8001be8:	2303      	movs	r3, #3
 8001bea:	e031      	b.n	8001c50 <HAL_RCC_ClockConfig+0x194>
 8001bec:	4b1b      	ldr	r3, [pc, #108]	@ (8001c5c <HAL_RCC_ClockConfig+0x1a0>)
 8001bee:	685b      	ldr	r3, [r3, #4]
 8001bf0:	220c      	movs	r2, #12
 8001bf2:	4013      	ands	r3, r2
 8001bf4:	d1f0      	bne.n	8001bd8 <HAL_RCC_ClockConfig+0x11c>
 8001bf6:	4b18      	ldr	r3, [pc, #96]	@ (8001c58 <HAL_RCC_ClockConfig+0x19c>)
 8001bf8:	681b      	ldr	r3, [r3, #0]
 8001bfa:	2201      	movs	r2, #1
 8001bfc:	4013      	ands	r3, r2
 8001bfe:	683a      	ldr	r2, [r7, #0]
 8001c00:	429a      	cmp	r2, r3
 8001c02:	d211      	bcs.n	8001c28 <HAL_RCC_ClockConfig+0x16c>
 8001c04:	4b14      	ldr	r3, [pc, #80]	@ (8001c58 <HAL_RCC_ClockConfig+0x19c>)
 8001c06:	681b      	ldr	r3, [r3, #0]
 8001c08:	2201      	movs	r2, #1
 8001c0a:	4393      	bics	r3, r2
 8001c0c:	0019      	movs	r1, r3
 8001c0e:	4b12      	ldr	r3, [pc, #72]	@ (8001c58 <HAL_RCC_ClockConfig+0x19c>)
 8001c10:	683a      	ldr	r2, [r7, #0]
 8001c12:	430a      	orrs	r2, r1
 8001c14:	601a      	str	r2, [r3, #0]
 8001c16:	4b10      	ldr	r3, [pc, #64]	@ (8001c58 <HAL_RCC_ClockConfig+0x19c>)
 8001c18:	681b      	ldr	r3, [r3, #0]
 8001c1a:	2201      	movs	r2, #1
 8001c1c:	4013      	ands	r3, r2
 8001c1e:	683a      	ldr	r2, [r7, #0]
 8001c20:	429a      	cmp	r2, r3
 8001c22:	d001      	beq.n	8001c28 <HAL_RCC_ClockConfig+0x16c>
 8001c24:	2301      	movs	r3, #1
 8001c26:	e013      	b.n	8001c50 <HAL_RCC_ClockConfig+0x194>
 8001c28:	687b      	ldr	r3, [r7, #4]
 8001c2a:	681b      	ldr	r3, [r3, #0]
 8001c2c:	2204      	movs	r2, #4
 8001c2e:	4013      	ands	r3, r2
 8001c30:	d009      	beq.n	8001c46 <HAL_RCC_ClockConfig+0x18a>
 8001c32:	4b0a      	ldr	r3, [pc, #40]	@ (8001c5c <HAL_RCC_ClockConfig+0x1a0>)
 8001c34:	685b      	ldr	r3, [r3, #4]
 8001c36:	4a0b      	ldr	r2, [pc, #44]	@ (8001c64 <HAL_RCC_ClockConfig+0x1a8>)
 8001c38:	4013      	ands	r3, r2
 8001c3a:	0019      	movs	r1, r3
 8001c3c:	687b      	ldr	r3, [r7, #4]
 8001c3e:	68da      	ldr	r2, [r3, #12]
 8001c40:	4b06      	ldr	r3, [pc, #24]	@ (8001c5c <HAL_RCC_ClockConfig+0x1a0>)
 8001c42:	430a      	orrs	r2, r1
 8001c44:	605a      	str	r2, [r3, #4]
 8001c46:	4b08      	ldr	r3, [pc, #32]	@ (8001c68 <HAL_RCC_ClockConfig+0x1ac>)
 8001c48:	22e1      	movs	r2, #225	@ 0xe1
 8001c4a:	03d2      	lsls	r2, r2, #15
 8001c4c:	601a      	str	r2, [r3, #0]
 8001c4e:	2300      	movs	r3, #0
 8001c50:	0018      	movs	r0, r3
 8001c52:	46bd      	mov	sp, r7
 8001c54:	b004      	add	sp, #16
 8001c56:	bd80      	pop	{r7, pc}
 8001c58:	40022000 	.word	0x40022000
 8001c5c:	40021000 	.word	0x40021000
 8001c60:	00001388 	.word	0x00001388
 8001c64:	fffff8ff 	.word	0xfffff8ff
 8001c68:	20000110 	.word	0x20000110

08001c6c <HAL_GPIO_Init>:
 8001c6c:	b580      	push	{r7, lr}
 8001c6e:	b086      	sub	sp, #24
 8001c70:	af00      	add	r7, sp, #0
 8001c72:	6078      	str	r0, [r7, #4]
 8001c74:	6039      	str	r1, [r7, #0]
 8001c76:	2300      	movs	r3, #0
 8001c78:	617b      	str	r3, [r7, #20]
 8001c7a:	2300      	movs	r3, #0
 8001c7c:	60fb      	str	r3, [r7, #12]
 8001c7e:	2300      	movs	r3, #0
 8001c80:	613b      	str	r3, [r7, #16]
 8001c82:	e14f      	b.n	8001f24 <HAL_GPIO_Init+0x2b8>
 8001c84:	683b      	ldr	r3, [r7, #0]
 8001c86:	681b      	ldr	r3, [r3, #0]
 8001c88:	2101      	movs	r1, #1
 8001c8a:	697a      	ldr	r2, [r7, #20]
 8001c8c:	4091      	lsls	r1, r2
 8001c8e:	000a      	movs	r2, r1
 8001c90:	4013      	ands	r3, r2
 8001c92:	60fb      	str	r3, [r7, #12]
 8001c94:	68fb      	ldr	r3, [r7, #12]
 8001c96:	2b00      	cmp	r3, #0
 8001c98:	d100      	bne.n	8001c9c <HAL_GPIO_Init+0x30>
 8001c9a:	e140      	b.n	8001f1e <HAL_GPIO_Init+0x2b2>
 8001c9c:	683b      	ldr	r3, [r7, #0]
 8001c9e:	685b      	ldr	r3, [r3, #4]
 8001ca0:	2b02      	cmp	r3, #2
 8001ca2:	d003      	beq.n	8001cac <HAL_GPIO_Init+0x40>
 8001ca4:	683b      	ldr	r3, [r7, #0]
 8001ca6:	685b      	ldr	r3, [r3, #4]
 8001ca8:	2b12      	cmp	r3, #18
 8001caa:	d123      	bne.n	8001cf4 <HAL_GPIO_Init+0x88>
 8001cac:	697b      	ldr	r3, [r7, #20]
 8001cae:	08da      	lsrs	r2, r3, #3
 8001cb0:	687b      	ldr	r3, [r7, #4]
 8001cb2:	3208      	adds	r2, #8
 8001cb4:	0092      	lsls	r2, r2, #2
 8001cb6:	58d3      	ldr	r3, [r2, r3]
 8001cb8:	613b      	str	r3, [r7, #16]
 8001cba:	697b      	ldr	r3, [r7, #20]
 8001cbc:	2207      	movs	r2, #7
 8001cbe:	4013      	ands	r3, r2
 8001cc0:	009b      	lsls	r3, r3, #2
 8001cc2:	220f      	movs	r2, #15
 8001cc4:	409a      	lsls	r2, r3
 8001cc6:	0013      	movs	r3, r2
 8001cc8:	43da      	mvns	r2, r3
 8001cca:	693b      	ldr	r3, [r7, #16]
 8001ccc:	4013      	ands	r3, r2
 8001cce:	613b      	str	r3, [r7, #16]
 8001cd0:	683b      	ldr	r3, [r7, #0]
 8001cd2:	691a      	ldr	r2, [r3, #16]
 8001cd4:	697b      	ldr	r3, [r7, #20]
 8001cd6:	2107      	movs	r1, #7
 8001cd8:	400b      	ands	r3, r1
 8001cda:	009b      	lsls	r3, r3, #2
 8001cdc:	409a      	lsls	r2, r3
 8001cde:	0013      	movs	r3, r2
 8001ce0:	693a      	ldr	r2, [r7, #16]
 8001ce2:	4313      	orrs	r3, r2
 8001ce4:	613b      	str	r3, [r7, #16]
 8001ce6:	697b      	ldr	r3, [r7, #20]
 8001ce8:	08da      	lsrs	r2, r3, #3
 8001cea:	687b      	ldr	r3, [r7, #4]
 8001cec:	3208      	adds	r2, #8
 8001cee:	0092      	lsls	r2, r2, #2
 8001cf0:	6939      	ldr	r1, [r7, #16]
 8001cf2:	50d1      	str	r1, [r2, r3]
 8001cf4:	687b      	ldr	r3, [r7, #4]
 8001cf6:	681b      	ldr	r3, [r3, #0]
 8001cf8:	613b      	str	r3, [r7, #16]
 8001cfa:	697b      	ldr	r3, [r7, #20]
 8001cfc:	005b      	lsls	r3, r3, #1
 8001cfe:	2203      	movs	r2, #3
 8001d00:	409a      	lsls	r2, r3
 8001d02:	0013      	movs	r3, r2
 8001d04:	43da      	mvns	r2, r3
 8001d06:	693b      	ldr	r3, [r7, #16]
 8001d08:	4013      	ands	r3, r2
 8001d0a:	613b      	str	r3, [r7, #16]
 8001d0c:	683b      	ldr	r3, [r7, #0]
 8001d0e:	685b      	ldr	r3, [r3, #4]
 8001d10:	2203      	movs	r2, #3
 8001d12:	401a      	ands	r2, r3
 8001d14:	697b      	ldr	r3, [r7, #20]
 8001d16:	005b      	lsls	r3, r3, #1
 8001d18:	409a      	lsls	r2, r3
 8001d1a:	0013      	movs	r3, r2
 8001d1c:	693a      	ldr	r2, [r7, #16]
 8001d1e:	4313      	orrs	r3, r2
 8001d20:	613b      	str	r3, [r7, #16]
 8001d22:	687b      	ldr	r3, [r7, #4]
 8001d24:	693a      	ldr	r2, [r7, #16]
 8001d26:	601a      	str	r2, [r3, #0]
 8001d28:	683b      	ldr	r3, [r7, #0]
 8001d2a:	685b      	ldr	r3, [r3, #4]
 8001d2c:	2b01      	cmp	r3, #1
 8001d2e:	d00b      	beq.n	8001d48 <HAL_GPIO_Init+0xdc>
 8001d30:	683b      	ldr	r3, [r7, #0]
 8001d32:	685b      	ldr	r3, [r3, #4]
 8001d34:	2b02      	cmp	r3, #2
 8001d36:	d007      	beq.n	8001d48 <HAL_GPIO_Init+0xdc>
 8001d38:	683b      	ldr	r3, [r7, #0]
 8001d3a:	685b      	ldr	r3, [r3, #4]
 8001d3c:	2b11      	cmp	r3, #17
 8001d3e:	d003      	beq.n	8001d48 <HAL_GPIO_Init+0xdc>
 8001d40:	683b      	ldr	r3, [r7, #0]
 8001d42:	685b      	ldr	r3, [r3, #4]
 8001d44:	2b12      	cmp	r3, #18
 8001d46:	d130      	bne.n	8001daa <HAL_GPIO_Init+0x13e>
 8001d48:	687b      	ldr	r3, [r7, #4]
 8001d4a:	689b      	ldr	r3, [r3, #8]
 8001d4c:	613b      	str	r3, [r7, #16]
 8001d4e:	697b      	ldr	r3, [r7, #20]
 8001d50:	005b      	lsls	r3, r3, #1
 8001d52:	2203      	movs	r2, #3
 8001d54:	409a      	lsls	r2, r3
 8001d56:	0013      	movs	r3, r2
 8001d58:	43da      	mvns	r2, r3
 8001d5a:	693b      	ldr	r3, [r7, #16]
 8001d5c:	4013      	ands	r3, r2
 8001d5e:	613b      	str	r3, [r7, #16]
 8001d60:	683b      	ldr	r3, [r7, #0]
 8001d62:	68da      	ldr	r2, [r3, #12]
 8001d64:	697b      	ldr	r3, [r7, #20]
 8001d66:	005b      	lsls	r3, r3, #1
 8001d68:	409a      	lsls	r2, r3
 8001d6a:	0013      	movs	r3, r2
 8001d6c:	693a      	ldr	r2, [r7, #16]
 8001d6e:	4313      	orrs	r3, r2
 8001d70:	613b      	str	r3, [r7, #16]
 8001d72:	687b      	ldr	r3, [r7, #4]
 8001d74:	693a      	ldr	r2, [r7, #16]
 8001d76:	609a      	str	r2, [r3, #8]
 8001d78:	687b      	ldr	r3, [r7, #4]
 8001d7a:	685b      	ldr	r3, [r3, #4]
 8001d7c:	613b      	str	r3, [r7, #16]
 8001d7e:	2201      	movs	r2, #1
 8001d80:	697b      	ldr	r3, [r7, #20]
 8001d82:	409a      	lsls	r2, r3
 8001d84:	0013      	movs	r3, r2
 8001d86:	43da      	mvns	r2, r3
 8001d88:	693b      	ldr	r3, [r7, #16]
 8001d8a:	4013      	ands	r3, r2
 8001d8c:	613b      	str	r3, [r7, #16]
 8001d8e:	683b      	ldr	r3, [r7, #0]
 8001d90:	685b      	ldr	r3, [r3, #4]
 8001d92:	091b      	lsrs	r3, r3, #4
 8001d94:	2201      	movs	r2, #1
 8001d96:	401a      	ands	r2, r3
 8001d98:	697b      	ldr	r3, [r7, #20]
 8001d9a:	409a      	lsls	r2, r3
 8001d9c:	0013      	movs	r3, r2
 8001d9e:	693a      	ldr	r2, [r7, #16]
 8001da0:	4313      	orrs	r3, r2
 8001da2:	613b      	str	r3, [r7, #16]
 8001da4:	687b      	ldr	r3, [r7, #4]
 8001da6:	693a      	ldr	r2, [r7, #16]
 8001da8:	605a      	str	r2, [r3, #4]
 8001daa:	687b      	ldr	r3, [r7, #4]
 8001dac:	68db      	ldr	r3, [r3, #12]
 8001dae:	613b      	str	r3, [r7, #16]
 8001db0:	697b      	ldr	r3, [r7, #20]
 8001db2:	005b      	lsls	r3, r3, #1
 8001db4:	2203      	movs	r2, #3
 8001db6:	409a      	lsls	r2, r3
 8001db8:	0013      	movs	r3, r2
 8001dba:	43da      	mvns	r2, r3
 8001dbc:	693b      	ldr	r3, [r7, #16]
 8001dbe:	4013      	ands	r3, r2
 8001dc0:	613b      	str	r3, [r7, #16]
 8001dc2:	683b      	ldr	r3, [r7, #0]
 8001dc4:	689a      	ldr	r2, [r3, #8]
 8001dc6:	697b      	ldr	r3, [r7, #20]
 8001dc8:	005b      	lsls	r3, r3, #1
 8001dca:	409a      	lsls	r2, r3
 8001dcc:	0013      	movs	r3, r2
 8001dce:	693a      	ldr	r2, [r7, #16]
 8001dd0:	4313      	orrs	r3, r2
 8001dd2:	613b      	str	r3, [r7, #16]
 8001dd4:	687b      	ldr	r3, [r7, #4]
 8001dd6:	693a      	ldr	r2, [r7, #16]
 8001dd8:	60da      	str	r2, [r3, #12]
 8001dda:	683b      	ldr	r3, [r7, #0]
 8001ddc:	685a      	ldr	r2, [r3, #4]
 8001dde:	2380      	movs	r3, #128	@ 0x80
 8001de0:	055b      	lsls	r3, r3, #21
 8001de2:	4013      	ands	r3, r2
 8001de4:	d100      	bne.n	8001de8 <HAL_GPIO_Init+0x17c>
 8001de6:	e09a      	b.n	8001f1e <HAL_GPIO_Init+0x2b2>
 8001de8:	4b54      	ldr	r3, [pc, #336]	@ (8001f3c <HAL_GPIO_Init+0x2d0>)
 8001dea:	699a      	ldr	r2, [r3, #24]
 8001dec:	4b53      	ldr	r3, [pc, #332]	@ (8001f3c <HAL_GPIO_Init+0x2d0>)
 8001dee:	2101      	movs	r1, #1
 8001df0:	430a      	orrs	r2, r1
 8001df2:	619a      	str	r2, [r3, #24]
 8001df4:	4b51      	ldr	r3, [pc, #324]	@ (8001f3c <HAL_GPIO_Init+0x2d0>)
 8001df6:	699b      	ldr	r3, [r3, #24]
 8001df8:	2201      	movs	r2, #1
 8001dfa:	4013      	ands	r3, r2
 8001dfc:	60bb      	str	r3, [r7, #8]
 8001dfe:	68bb      	ldr	r3, [r7, #8]
 8001e00:	4a4f      	ldr	r2, [pc, #316]	@ (8001f40 <HAL_GPIO_Init+0x2d4>)
 8001e02:	697b      	ldr	r3, [r7, #20]
 8001e04:	089b      	lsrs	r3, r3, #2
 8001e06:	3302      	adds	r3, #2
 8001e08:	009b      	lsls	r3, r3, #2
 8001e0a:	589b      	ldr	r3, [r3, r2]
 8001e0c:	613b      	str	r3, [r7, #16]
 8001e0e:	697b      	ldr	r3, [r7, #20]
 8001e10:	2203      	movs	r2, #3
 8001e12:	4013      	ands	r3, r2
 8001e14:	009b      	lsls	r3, r3, #2
 8001e16:	220f      	movs	r2, #15
 8001e18:	409a      	lsls	r2, r3
 8001e1a:	0013      	movs	r3, r2
 8001e1c:	43da      	mvns	r2, r3
 8001e1e:	693b      	ldr	r3, [r7, #16]
 8001e20:	4013      	ands	r3, r2
 8001e22:	613b      	str	r3, [r7, #16]
 8001e24:	687a      	ldr	r2, [r7, #4]
 8001e26:	2390      	movs	r3, #144	@ 0x90
 8001e28:	05db      	lsls	r3, r3, #23
 8001e2a:	429a      	cmp	r2, r3
 8001e2c:	d013      	beq.n	8001e56 <HAL_GPIO_Init+0x1ea>
 8001e2e:	687b      	ldr	r3, [r7, #4]
 8001e30:	4a44      	ldr	r2, [pc, #272]	@ (8001f44 <HAL_GPIO_Init+0x2d8>)
 8001e32:	4293      	cmp	r3, r2
 8001e34:	d00d      	beq.n	8001e52 <HAL_GPIO_Init+0x1e6>
 8001e36:	687b      	ldr	r3, [r7, #4]
 8001e38:	4a43      	ldr	r2, [pc, #268]	@ (8001f48 <HAL_GPIO_Init+0x2dc>)
 8001e3a:	4293      	cmp	r3, r2
 8001e3c:	d007      	beq.n	8001e4e <HAL_GPIO_Init+0x1e2>
 8001e3e:	687b      	ldr	r3, [r7, #4]
 8001e40:	4a42      	ldr	r2, [pc, #264]	@ (8001f4c <HAL_GPIO_Init+0x2e0>)
 8001e42:	4293      	cmp	r3, r2
 8001e44:	d101      	bne.n	8001e4a <HAL_GPIO_Init+0x1de>
 8001e46:	2303      	movs	r3, #3
 8001e48:	e006      	b.n	8001e58 <HAL_GPIO_Init+0x1ec>
 8001e4a:	2305      	movs	r3, #5
 8001e4c:	e004      	b.n	8001e58 <HAL_GPIO_Init+0x1ec>
 8001e4e:	2302      	movs	r3, #2
 8001e50:	e002      	b.n	8001e58 <HAL_GPIO_Init+0x1ec>
 8001e52:	2301      	movs	r3, #1
 8001e54:	e000      	b.n	8001e58 <HAL_GPIO_Init+0x1ec>
 8001e56:	2300      	movs	r3, #0
 8001e58:	697a      	ldr	r2, [r7, #20]
 8001e5a:	2103      	movs	r1, #3
 8001e5c:	400a      	ands	r2, r1
 8001e5e:	0092      	lsls	r2, r2, #2
 8001e60:	4093      	lsls	r3, r2
 8001e62:	693a      	ldr	r2, [r7, #16]
 8001e64:	4313      	orrs	r3, r2
 8001e66:	613b      	str	r3, [r7, #16]
 8001e68:	4935      	ldr	r1, [pc, #212]	@ (8001f40 <HAL_GPIO_Init+0x2d4>)
 8001e6a:	697b      	ldr	r3, [r7, #20]
 8001e6c:	089b      	lsrs	r3, r3, #2
 8001e6e:	3302      	adds	r3, #2
 8001e70:	009b      	lsls	r3, r3, #2
 8001e72:	693a      	ldr	r2, [r7, #16]
 8001e74:	505a      	str	r2, [r3, r1]
 8001e76:	4b36      	ldr	r3, [pc, #216]	@ (8001f50 <HAL_GPIO_Init+0x2e4>)
 8001e78:	681b      	ldr	r3, [r3, #0]
 8001e7a:	613b      	str	r3, [r7, #16]
 8001e7c:	68fb      	ldr	r3, [r7, #12]
 8001e7e:	43da      	mvns	r2, r3
 8001e80:	693b      	ldr	r3, [r7, #16]
 8001e82:	4013      	ands	r3, r2
 8001e84:	613b      	str	r3, [r7, #16]
 8001e86:	683b      	ldr	r3, [r7, #0]
 8001e88:	685a      	ldr	r2, [r3, #4]
 8001e8a:	2380      	movs	r3, #128	@ 0x80
 8001e8c:	025b      	lsls	r3, r3, #9
 8001e8e:	4013      	ands	r3, r2
 8001e90:	d003      	beq.n	8001e9a <HAL_GPIO_Init+0x22e>
 8001e92:	693a      	ldr	r2, [r7, #16]
 8001e94:	68fb      	ldr	r3, [r7, #12]
 8001e96:	4313      	orrs	r3, r2
 8001e98:	613b      	str	r3, [r7, #16]
 8001e9a:	4b2d      	ldr	r3, [pc, #180]	@ (8001f50 <HAL_GPIO_Init+0x2e4>)
 8001e9c:	693a      	ldr	r2, [r7, #16]
 8001e9e:	601a      	str	r2, [r3, #0]
 8001ea0:	4b2b      	ldr	r3, [pc, #172]	@ (8001f50 <HAL_GPIO_Init+0x2e4>)
 8001ea2:	685b      	ldr	r3, [r3, #4]
 8001ea4:	613b      	str	r3, [r7, #16]
 8001ea6:	68fb      	ldr	r3, [r7, #12]
 8001ea8:	43da      	mvns	r2, r3
 8001eaa:	693b      	ldr	r3, [r7, #16]
 8001eac:	4013      	ands	r3, r2
 8001eae:	613b      	str	r3, [r7, #16]
 8001eb0:	683b      	ldr	r3, [r7, #0]
 8001eb2:	685a      	ldr	r2, [r3, #4]
 8001eb4:	2380      	movs	r3, #128	@ 0x80
 8001eb6:	029b      	lsls	r3, r3, #10
 8001eb8:	4013      	ands	r3, r2
 8001eba:	d003      	beq.n	8001ec4 <HAL_GPIO_Init+0x258>
 8001ebc:	693a      	ldr	r2, [r7, #16]
 8001ebe:	68fb      	ldr	r3, [r7, #12]
 8001ec0:	4313      	orrs	r3, r2
 8001ec2:	613b      	str	r3, [r7, #16]
 8001ec4:	4b22      	ldr	r3, [pc, #136]	@ (8001f50 <HAL_GPIO_Init+0x2e4>)
 8001ec6:	693a      	ldr	r2, [r7, #16]
 8001ec8:	605a      	str	r2, [r3, #4]
 8001eca:	4b21      	ldr	r3, [pc, #132]	@ (8001f50 <HAL_GPIO_Init+0x2e4>)
 8001ecc:	689b      	ldr	r3, [r3, #8]
 8001ece:	613b      	str	r3, [r7, #16]
 8001ed0:	68fb      	ldr	r3, [r7, #12]
 8001ed2:	43da      	mvns	r2, r3
 8001ed4:	693b      	ldr	r3, [r7, #16]
 8001ed6:	4013      	ands	r3, r2
 8001ed8:	613b      	str	r3, [r7, #16]
 8001eda:	683b      	ldr	r3, [r7, #0]
 8001edc:	685a      	ldr	r2, [r3, #4]
 8001ede:	2380      	movs	r3, #128	@ 0x80
 8001ee0:	035b      	lsls	r3, r3, #13
 8001ee2:	4013      	ands	r3, r2
 8001ee4:	d003      	beq.n	8001eee <HAL_GPIO_Init+0x282>
 8001ee6:	693a      	ldr	r2, [r7, #16]
 8001ee8:	68fb      	ldr	r3, [r7, #12]
 8001eea:	4313      	orrs	r3, r2
 8001eec:	613b      	str	r3, [r7, #16]
 8001eee:	4b18      	ldr	r3, [pc, #96]	@ (8001f50 <HAL_GPIO_Init+0x2e4>)
 8001ef0:	693a      	ldr	r2, [r7, #16]
 8001ef2:	609a      	str	r2, [r3, #8]
 8001ef4:	4b16      	ldr	r3, [pc, #88]	@ (8001f50 <HAL_GPIO_Init+0x2e4>)
 8001ef6:	68db      	ldr	r3, [r3, #12]
 8001ef8:	613b      	str	r3, [r7, #16]
 8001efa:	68fb      	ldr	r3, [r7, #12]
 8001efc:	43da      	mvns	r2, r3
 8001efe:	693b      	ldr	r3, [r7, #16]
 8001f00:	4013      	ands	r3, r2
 8001f02:	613b      	str	r3, [r7, #16]
 8001f04:	683b      	ldr	r3, [r7, #0]
 8001f06:	685a      	ldr	r2, [r3, #4]
 8001f08:	2380      	movs	r3, #128	@ 0x80
 8001f0a:	039b      	lsls	r3, r3, #14
 8001f0c:	4013      	ands	r3, r2
 8001f0e:	d003      	beq.n	8001f18 <HAL_GPIO_Init+0x2ac>
 8001f10:	693a      	ldr	r2, [r7, #16]
 8001f12:	68fb      	ldr	r3, [r7, #12]
 8001f14:	4313      	orrs	r3, r2
 8001f16:	613b      	str	r3, [r7, #16]
 8001f18:	4b0d      	ldr	r3, [pc, #52]	@ (8001f50 <HAL_GPIO_Init+0x2e4>)
 8001f1a:	693a      	ldr	r2, [r7, #16]
 8001f1c:	60da      	str	r2, [r3, #12]
 8001f1e:	697b      	ldr	r3, [r7, #20]
 8001f20:	3301      	adds	r3, #1
 8001f22:	617b      	str	r3, [r7, #20]
 8001f24:	683b      	ldr	r3, [r7, #0]
 8001f26:	681a      	ldr	r2, [r3, #0]
 8001f28:	697b      	ldr	r3, [r7, #20]
 8001f2a:	40da      	lsrs	r2, r3
 8001f2c:	1e13      	subs	r3, r2, #0
 8001f2e:	d000      	beq.n	8001f32 <HAL_GPIO_Init+0x2c6>
 8001f30:	e6a8      	b.n	8001c84 <HAL_GPIO_Init+0x18>
 8001f32:	46c0      	nop			@ (mov r8, r8)
 8001f34:	46c0      	nop			@ (mov r8, r8)
 8001f36:	46bd      	mov	sp, r7
 8001f38:	b006      	add	sp, #24
 8001f3a:	bd80      	pop	{r7, pc}
 8001f3c:	40021000 	.word	0x40021000
 8001f40:	40010000 	.word	0x40010000
 8001f44:	48000400 	.word	0x48000400
 8001f48:	48000800 	.word	0x48000800
 8001f4c:	48000c00 	.word	0x48000c00
 8001f50:	40010400 	.word	0x40010400

08001f54 <HAL_GPIO_WritePin>:
 8001f54:	b580      	push	{r7, lr}
 8001f56:	b082      	sub	sp, #8
 8001f58:	af00      	add	r7, sp, #0
 8001f5a:	6078      	str	r0, [r7, #4]
 8001f5c:	0008      	movs	r0, r1
 8001f5e:	0011      	movs	r1, r2
 8001f60:	1cbb      	adds	r3, r7, #2
 8001f62:	1c02      	adds	r2, r0, #0
 8001f64:	801a      	strh	r2, [r3, #0]
 8001f66:	1c7b      	adds	r3, r7, #1
 8001f68:	1c0a      	adds	r2, r1, #0
 8001f6a:	701a      	strb	r2, [r3, #0]
 8001f6c:	1c7b      	adds	r3, r7, #1
 8001f6e:	781b      	ldrb	r3, [r3, #0]
 8001f70:	2b00      	cmp	r3, #0
 8001f72:	d004      	beq.n	8001f7e <HAL_GPIO_WritePin+0x2a>
 8001f74:	1cbb      	adds	r3, r7, #2
 8001f76:	881a      	ldrh	r2, [r3, #0]
 8001f78:	687b      	ldr	r3, [r7, #4]
 8001f7a:	619a      	str	r2, [r3, #24]
 8001f7c:	e003      	b.n	8001f86 <HAL_GPIO_WritePin+0x32>
 8001f7e:	1cbb      	adds	r3, r7, #2
 8001f80:	881a      	ldrh	r2, [r3, #0]
 8001f82:	687b      	ldr	r3, [r7, #4]
 8001f84:	629a      	str	r2, [r3, #40]	@ 0x28
 8001f86:	46c0      	nop			@ (mov r8, r8)
 8001f88:	46bd      	mov	sp, r7
 8001f8a:	b002      	add	sp, #8
 8001f8c:	bd80      	pop	{r7, pc}
 8001f8e:	0000      	movs	r0, r0

08001f90 <UART_WaitOnFlagUntilTimeout>:
 8001f90:	b580      	push	{r7, lr}
 8001f92:	b084      	sub	sp, #16
 8001f94:	af00      	add	r7, sp, #0
 8001f96:	60f8      	str	r0, [r7, #12]
 8001f98:	60b9      	str	r1, [r7, #8]
 8001f9a:	603b      	str	r3, [r7, #0]
 8001f9c:	1dfb      	adds	r3, r7, #7
 8001f9e:	701a      	strb	r2, [r3, #0]
 8001fa0:	e02b      	b.n	8001ffa <UART_WaitOnFlagUntilTimeout+0x6a>
 8001fa2:	69bb      	ldr	r3, [r7, #24]
 8001fa4:	3301      	adds	r3, #1
 8001fa6:	d028      	beq.n	8001ffa <UART_WaitOnFlagUntilTimeout+0x6a>
 8001fa8:	69bb      	ldr	r3, [r7, #24]
 8001faa:	2b00      	cmp	r3, #0
 8001fac:	d007      	beq.n	8001fbe <UART_WaitOnFlagUntilTimeout+0x2e>
 8001fae:	f7ff fa75 	bl	800149c <HAL_GetTick>
 8001fb2:	0002      	movs	r2, r0
 8001fb4:	683b      	ldr	r3, [r7, #0]
 8001fb6:	1ad3      	subs	r3, r2, r3
 8001fb8:	69ba      	ldr	r2, [r7, #24]
 8001fba:	429a      	cmp	r2, r3
 8001fbc:	d21d      	bcs.n	8001ffa <UART_WaitOnFlagUntilTimeout+0x6a>
 8001fbe:	68fb      	ldr	r3, [r7, #12]
 8001fc0:	681b      	ldr	r3, [r3, #0]
 8001fc2:	681a      	ldr	r2, [r3, #0]
 8001fc4:	68fb      	ldr	r3, [r7, #12]
 8001fc6:	681b      	ldr	r3, [r3, #0]
 8001fc8:	4916      	ldr	r1, [pc, #88]	@ (8002024 <UART_WaitOnFlagUntilTimeout+0x94>)
 8001fca:	400a      	ands	r2, r1
 8001fcc:	601a      	str	r2, [r3, #0]
 8001fce:	68fb      	ldr	r3, [r7, #12]
 8001fd0:	681b      	ldr	r3, [r3, #0]
 8001fd2:	689a      	ldr	r2, [r3, #8]
 8001fd4:	68fb      	ldr	r3, [r7, #12]
 8001fd6:	681b      	ldr	r3, [r3, #0]
 8001fd8:	2101      	movs	r1, #1
 8001fda:	438a      	bics	r2, r1
 8001fdc:	609a      	str	r2, [r3, #8]
 8001fde:	68fb      	ldr	r3, [r7, #12]
 8001fe0:	2269      	movs	r2, #105	@ 0x69
 8001fe2:	2120      	movs	r1, #32
 8001fe4:	5499      	strb	r1, [r3, r2]
 8001fe6:	68fb      	ldr	r3, [r7, #12]
 8001fe8:	226a      	movs	r2, #106	@ 0x6a
 8001fea:	2120      	movs	r1, #32
 8001fec:	5499      	strb	r1, [r3, r2]
 8001fee:	68fb      	ldr	r3, [r7, #12]
 8001ff0:	2268      	movs	r2, #104	@ 0x68
 8001ff2:	2100      	movs	r1, #0
 8001ff4:	5499      	strb	r1, [r3, r2]
 8001ff6:	2303      	movs	r3, #3
 8001ff8:	e00f      	b.n	800201a <UART_WaitOnFlagUntilTimeout+0x8a>
 8001ffa:	68fb      	ldr	r3, [r7, #12]
 8001ffc:	681b      	ldr	r3, [r3, #0]
 8001ffe:	69db      	ldr	r3, [r3, #28]
 8002000:	68ba      	ldr	r2, [r7, #8]
 8002002:	4013      	ands	r3, r2
 8002004:	68ba      	ldr	r2, [r7, #8]
 8002006:	1ad3      	subs	r3, r2, r3
 8002008:	425a      	negs	r2, r3
 800200a:	4153      	adcs	r3, r2
 800200c:	b2db      	uxtb	r3, r3
 800200e:	001a      	movs	r2, r3
 8002010:	1dfb      	adds	r3, r7, #7
 8002012:	781b      	ldrb	r3, [r3, #0]
 8002014:	429a      	cmp	r2, r3
 8002016:	d0c4      	beq.n	8001fa2 <UART_WaitOnFlagUntilTimeout+0x12>
 8002018:	2300      	movs	r3, #0
 800201a:	0018      	movs	r0, r3
 800201c:	46bd      	mov	sp, r7
 800201e:	b004      	add	sp, #16
 8002020:	bd80      	pop	{r7, pc}
 8002022:	46c0      	nop			@ (mov r8, r8)
 8002024:	fffffe5f 	.word	0xfffffe5f

08002028 <UART_CheckIdleState>:
 8002028:	b580      	push	{r7, lr}
 800202a:	b082      	sub	sp, #8
 800202c:	af00      	add	r7, sp, #0
 800202e:	6078      	str	r0, [r7, #4]
 8002030:	687b      	ldr	r3, [r7, #4]
 8002032:	2200      	movs	r2, #0
 8002034:	66da      	str	r2, [r3, #108]	@ 0x6c
 8002036:	687b      	ldr	r3, [r7, #4]
 8002038:	2269      	movs	r2, #105	@ 0x69
 800203a:	2120      	movs	r1, #32
 800203c:	5499      	strb	r1, [r3, r2]
 800203e:	687b      	ldr	r3, [r7, #4]
 8002040:	226a      	movs	r2, #106	@ 0x6a
 8002042:	2120      	movs	r1, #32
 8002044:	5499      	strb	r1, [r3, r2]
 8002046:	687b      	ldr	r3, [r7, #4]
 8002048:	2268      	movs	r2, #104	@ 0x68
 800204a:	2100      	movs	r1, #0
 800204c:	5499      	strb	r1, [r3, r2]
 800204e:	2300      	movs	r3, #0
 8002050:	0018      	movs	r0, r3
 8002052:	46bd      	mov	sp, r7
 8002054:	b002      	add	sp, #8
 8002056:	bd80      	pop	{r7, pc}

08002058 <UART_SetConfig>:
 8002058:	b590      	push	{r4, r7, lr}
 800205a:	b087      	sub	sp, #28
 800205c:	af00      	add	r7, sp, #0
 800205e:	6078      	str	r0, [r7, #4]
 8002060:	2300      	movs	r3, #0
 8002062:	60fb      	str	r3, [r7, #12]
 8002064:	2317      	movs	r3, #23
 8002066:	18fb      	adds	r3, r7, r3
 8002068:	2210      	movs	r2, #16
 800206a:	701a      	strb	r2, [r3, #0]
 800206c:	230a      	movs	r3, #10
 800206e:	18fb      	adds	r3, r7, r3
 8002070:	2200      	movs	r2, #0
 8002072:	801a      	strh	r2, [r3, #0]
 8002074:	2314      	movs	r3, #20
 8002076:	18fb      	adds	r3, r7, r3
 8002078:	2200      	movs	r2, #0
 800207a:	801a      	strh	r2, [r3, #0]
 800207c:	2313      	movs	r3, #19
 800207e:	18fb      	adds	r3, r7, r3
 8002080:	2200      	movs	r2, #0
 8002082:	701a      	strb	r2, [r3, #0]
 8002084:	687b      	ldr	r3, [r7, #4]
 8002086:	689a      	ldr	r2, [r3, #8]
 8002088:	687b      	ldr	r3, [r7, #4]
 800208a:	691b      	ldr	r3, [r3, #16]
 800208c:	431a      	orrs	r2, r3
 800208e:	687b      	ldr	r3, [r7, #4]
 8002090:	695b      	ldr	r3, [r3, #20]
 8002092:	431a      	orrs	r2, r3
 8002094:	687b      	ldr	r3, [r7, #4]
 8002096:	69db      	ldr	r3, [r3, #28]
 8002098:	4313      	orrs	r3, r2
 800209a:	60fb      	str	r3, [r7, #12]
 800209c:	687b      	ldr	r3, [r7, #4]
 800209e:	681b      	ldr	r3, [r3, #0]
 80020a0:	681b      	ldr	r3, [r3, #0]
 80020a2:	4a97      	ldr	r2, [pc, #604]	@ (8002300 <UART_SetConfig+0x2a8>)
 80020a4:	4013      	ands	r3, r2
 80020a6:	0019      	movs	r1, r3
 80020a8:	687b      	ldr	r3, [r7, #4]
 80020aa:	681b      	ldr	r3, [r3, #0]
 80020ac:	68fa      	ldr	r2, [r7, #12]
 80020ae:	430a      	orrs	r2, r1
 80020b0:	601a      	str	r2, [r3, #0]
 80020b2:	687b      	ldr	r3, [r7, #4]
 80020b4:	681b      	ldr	r3, [r3, #0]
 80020b6:	685b      	ldr	r3, [r3, #4]
 80020b8:	4a92      	ldr	r2, [pc, #584]	@ (8002304 <UART_SetConfig+0x2ac>)
 80020ba:	4013      	ands	r3, r2
 80020bc:	0019      	movs	r1, r3
 80020be:	687b      	ldr	r3, [r7, #4]
 80020c0:	68da      	ldr	r2, [r3, #12]
 80020c2:	687b      	ldr	r3, [r7, #4]
 80020c4:	681b      	ldr	r3, [r3, #0]
 80020c6:	430a      	orrs	r2, r1
 80020c8:	605a      	str	r2, [r3, #4]
 80020ca:	687b      	ldr	r3, [r7, #4]
 80020cc:	699a      	ldr	r2, [r3, #24]
 80020ce:	687b      	ldr	r3, [r7, #4]
 80020d0:	6a1b      	ldr	r3, [r3, #32]
 80020d2:	4313      	orrs	r3, r2
 80020d4:	60fb      	str	r3, [r7, #12]
 80020d6:	687b      	ldr	r3, [r7, #4]
 80020d8:	681b      	ldr	r3, [r3, #0]
 80020da:	689b      	ldr	r3, [r3, #8]
 80020dc:	4a8a      	ldr	r2, [pc, #552]	@ (8002308 <UART_SetConfig+0x2b0>)
 80020de:	4013      	ands	r3, r2
 80020e0:	0019      	movs	r1, r3
 80020e2:	687b      	ldr	r3, [r7, #4]
 80020e4:	681b      	ldr	r3, [r3, #0]
 80020e6:	68fa      	ldr	r2, [r7, #12]
 80020e8:	430a      	orrs	r2, r1
 80020ea:	609a      	str	r2, [r3, #8]
 80020ec:	4b87      	ldr	r3, [pc, #540]	@ (800230c <UART_SetConfig+0x2b4>)
 80020ee:	6b1b      	ldr	r3, [r3, #48]	@ 0x30
 80020f0:	2203      	movs	r2, #3
 80020f2:	4013      	ands	r3, r2
 80020f4:	2b03      	cmp	r3, #3
 80020f6:	d00d      	beq.n	8002114 <UART_SetConfig+0xbc>
 80020f8:	d81b      	bhi.n	8002132 <UART_SetConfig+0xda>
 80020fa:	2b02      	cmp	r3, #2
 80020fc:	d014      	beq.n	8002128 <UART_SetConfig+0xd0>
 80020fe:	d818      	bhi.n	8002132 <UART_SetConfig+0xda>
 8002100:	2b00      	cmp	r3, #0
 8002102:	d002      	beq.n	800210a <UART_SetConfig+0xb2>
 8002104:	2b01      	cmp	r3, #1
 8002106:	d00a      	beq.n	800211e <UART_SetConfig+0xc6>
 8002108:	e013      	b.n	8002132 <UART_SetConfig+0xda>
 800210a:	2317      	movs	r3, #23
 800210c:	18fb      	adds	r3, r7, r3
 800210e:	2200      	movs	r2, #0
 8002110:	701a      	strb	r2, [r3, #0]
 8002112:	e012      	b.n	800213a <UART_SetConfig+0xe2>
 8002114:	2317      	movs	r3, #23
 8002116:	18fb      	adds	r3, r7, r3
 8002118:	2202      	movs	r2, #2
 800211a:	701a      	strb	r2, [r3, #0]
 800211c:	e00d      	b.n	800213a <UART_SetConfig+0xe2>
 800211e:	2317      	movs	r3, #23
 8002120:	18fb      	adds	r3, r7, r3
 8002122:	2204      	movs	r2, #4
 8002124:	701a      	strb	r2, [r3, #0]
 8002126:	e008      	b.n	800213a <UART_SetConfig+0xe2>
 8002128:	2317      	movs	r3, #23
 800212a:	18fb      	adds	r3, r7, r3
 800212c:	2208      	movs	r2, #8
 800212e:	701a      	strb	r2, [r3, #0]
 8002130:	e003      	b.n	800213a <UART_SetConfig+0xe2>
 8002132:	2317      	movs	r3, #23
 8002134:	18fb      	adds	r3, r7, r3
 8002136:	2210      	movs	r2, #16
 8002138:	701a      	strb	r2, [r3, #0]
 800213a:	687b      	ldr	r3, [r7, #4]
 800213c:	69da      	ldr	r2, [r3, #28]
 800213e:	2380      	movs	r3, #128	@ 0x80
 8002140:	021b      	lsls	r3, r3, #8
 8002142:	429a      	cmp	r2, r3
 8002144:	d000      	beq.n	8002148 <UART_SetConfig+0xf0>
 8002146:	e077      	b.n	8002238 <UART_SetConfig+0x1e0>
 8002148:	2317      	movs	r3, #23
 800214a:	18fb      	adds	r3, r7, r3
 800214c:	781b      	ldrb	r3, [r3, #0]
 800214e:	2b08      	cmp	r3, #8
 8002150:	d041      	beq.n	80021d6 <UART_SetConfig+0x17e>
 8002152:	dc52      	bgt.n	80021fa <UART_SetConfig+0x1a2>
 8002154:	2b04      	cmp	r3, #4
 8002156:	d02a      	beq.n	80021ae <UART_SetConfig+0x156>
 8002158:	dc4f      	bgt.n	80021fa <UART_SetConfig+0x1a2>
 800215a:	2b00      	cmp	r3, #0
 800215c:	d002      	beq.n	8002164 <UART_SetConfig+0x10c>
 800215e:	2b02      	cmp	r3, #2
 8002160:	d014      	beq.n	800218c <UART_SetConfig+0x134>
 8002162:	e04a      	b.n	80021fa <UART_SetConfig+0x1a2>
 8002164:	f7ff f9af 	bl	80014c6 <HAL_RCC_GetPCLK1Freq>
 8002168:	0003      	movs	r3, r0
 800216a:	005a      	lsls	r2, r3, #1
 800216c:	687b      	ldr	r3, [r7, #4]
 800216e:	685b      	ldr	r3, [r3, #4]
 8002170:	085b      	lsrs	r3, r3, #1
 8002172:	18d2      	adds	r2, r2, r3
 8002174:	687b      	ldr	r3, [r7, #4]
 8002176:	685b      	ldr	r3, [r3, #4]
 8002178:	0019      	movs	r1, r3
 800217a:	0010      	movs	r0, r2
 800217c:	f7fe f804 	bl	8000188 <__udivsi3>
 8002180:	0003      	movs	r3, r0
 8002182:	001a      	movs	r2, r3
 8002184:	2314      	movs	r3, #20
 8002186:	18fb      	adds	r3, r7, r3
 8002188:	801a      	strh	r2, [r3, #0]
 800218a:	e03b      	b.n	8002204 <UART_SetConfig+0x1ac>
 800218c:	687b      	ldr	r3, [r7, #4]
 800218e:	685b      	ldr	r3, [r3, #4]
 8002190:	085b      	lsrs	r3, r3, #1
 8002192:	4a5f      	ldr	r2, [pc, #380]	@ (8002310 <UART_SetConfig+0x2b8>)
 8002194:	189a      	adds	r2, r3, r2
 8002196:	687b      	ldr	r3, [r7, #4]
 8002198:	685b      	ldr	r3, [r3, #4]
 800219a:	0019      	movs	r1, r3
 800219c:	0010      	movs	r0, r2
 800219e:	f7fd fff3 	bl	8000188 <__udivsi3>
 80021a2:	0003      	movs	r3, r0
 80021a4:	001a      	movs	r2, r3
 80021a6:	2314      	movs	r3, #20
 80021a8:	18fb      	adds	r3, r7, r3
 80021aa:	801a      	strh	r2, [r3, #0]
 80021ac:	e02a      	b.n	8002204 <UART_SetConfig+0x1ac>
 80021ae:	f7ff f983 	bl	80014b8 <HAL_RCC_GetSysClockFreq>
 80021b2:	0003      	movs	r3, r0
 80021b4:	005a      	lsls	r2, r3, #1
 80021b6:	687b      	ldr	r3, [r7, #4]
 80021b8:	685b      	ldr	r3, [r3, #4]
 80021ba:	085b      	lsrs	r3, r3, #1
 80021bc:	18d2      	adds	r2, r2, r3
 80021be:	687b      	ldr	r3, [r7, #4]
 80021c0:	685b      	ldr	r3, [r3, #4]
 80021c2:	0019      	movs	r1, r3
 80021c4:	0010      	movs	r0, r2
 80021c6:	f7fd ffdf 	bl	8000188 <__udivsi3>
 80021ca:	0003      	movs	r3, r0
 80021cc:	001a      	movs	r2, r3
 80021ce:	2314      	movs	r3, #20
 80021d0:	18fb      	adds	r3, r7, r3
 80021d2:	801a      	strh	r2, [r3, #0]
 80021d4:	e016      	b.n	8002204 <UART_SetConfig+0x1ac>
 80021d6:	687b      	ldr	r3, [r7, #4]
 80021d8:	685b      	ldr	r3, [r3, #4]
 80021da:	085b      	lsrs	r3, r3, #1
 80021dc:	2280      	movs	r2, #128	@ 0x80
 80021de:	0252      	lsls	r2, r2, #9
 80021e0:	189a      	adds	r2, r3, r2
 80021e2:	687b      	ldr	r3, [r7, #4]
 80021e4:	685b      	ldr	r3, [r3, #4]
 80021e6:	0019      	movs	r1, r3
 80021e8:	0010      	movs	r0, r2
 80021ea:	f7fd ffcd 	bl	8000188 <__udivsi3>
 80021ee:	0003      	movs	r3, r0
 80021f0:	001a      	movs	r2, r3
 80021f2:	2314      	movs	r3, #20
 80021f4:	18fb      	adds	r3, r7, r3
 80021f6:	801a      	strh	r2, [r3, #0]
 80021f8:	e004      	b.n	8002204 <UART_SetConfig+0x1ac>
 80021fa:	2313      	movs	r3, #19
 80021fc:	18fb      	adds	r3, r7, r3
 80021fe:	2201      	movs	r2, #1
 8002200:	701a      	strb	r2, [r3, #0]
 8002202:	46c0      	nop			@ (mov r8, r8)
 8002204:	200a      	movs	r0, #10
 8002206:	183b      	adds	r3, r7, r0
 8002208:	2414      	movs	r4, #20
 800220a:	193a      	adds	r2, r7, r4
 800220c:	8812      	ldrh	r2, [r2, #0]
 800220e:	210f      	movs	r1, #15
 8002210:	438a      	bics	r2, r1
 8002212:	801a      	strh	r2, [r3, #0]
 8002214:	193b      	adds	r3, r7, r4
 8002216:	881b      	ldrh	r3, [r3, #0]
 8002218:	105b      	asrs	r3, r3, #1
 800221a:	b29b      	uxth	r3, r3
 800221c:	2207      	movs	r2, #7
 800221e:	4013      	ands	r3, r2
 8002220:	b299      	uxth	r1, r3
 8002222:	183b      	adds	r3, r7, r0
 8002224:	183a      	adds	r2, r7, r0
 8002226:	8812      	ldrh	r2, [r2, #0]
 8002228:	430a      	orrs	r2, r1
 800222a:	801a      	strh	r2, [r3, #0]
 800222c:	687b      	ldr	r3, [r7, #4]
 800222e:	681b      	ldr	r3, [r3, #0]
 8002230:	183a      	adds	r2, r7, r0
 8002232:	8812      	ldrh	r2, [r2, #0]
 8002234:	60da      	str	r2, [r3, #12]
 8002236:	e05b      	b.n	80022f0 <UART_SetConfig+0x298>
 8002238:	2317      	movs	r3, #23
 800223a:	18fb      	adds	r3, r7, r3
 800223c:	781b      	ldrb	r3, [r3, #0]
 800223e:	2b08      	cmp	r3, #8
 8002240:	d03f      	beq.n	80022c2 <UART_SetConfig+0x26a>
 8002242:	dc50      	bgt.n	80022e6 <UART_SetConfig+0x28e>
 8002244:	2b04      	cmp	r3, #4
 8002246:	d029      	beq.n	800229c <UART_SetConfig+0x244>
 8002248:	dc4d      	bgt.n	80022e6 <UART_SetConfig+0x28e>
 800224a:	2b00      	cmp	r3, #0
 800224c:	d002      	beq.n	8002254 <UART_SetConfig+0x1fc>
 800224e:	2b02      	cmp	r3, #2
 8002250:	d013      	beq.n	800227a <UART_SetConfig+0x222>
 8002252:	e048      	b.n	80022e6 <UART_SetConfig+0x28e>
 8002254:	f7ff f937 	bl	80014c6 <HAL_RCC_GetPCLK1Freq>
 8002258:	0002      	movs	r2, r0
 800225a:	687b      	ldr	r3, [r7, #4]
 800225c:	685b      	ldr	r3, [r3, #4]
 800225e:	085b      	lsrs	r3, r3, #1
 8002260:	18d2      	adds	r2, r2, r3
 8002262:	687b      	ldr	r3, [r7, #4]
 8002264:	685b      	ldr	r3, [r3, #4]
 8002266:	0019      	movs	r1, r3
 8002268:	0010      	movs	r0, r2
 800226a:	f7fd ff8d 	bl	8000188 <__udivsi3>
 800226e:	0003      	movs	r3, r0
 8002270:	b29a      	uxth	r2, r3
 8002272:	687b      	ldr	r3, [r7, #4]
 8002274:	681b      	ldr	r3, [r3, #0]
 8002276:	60da      	str	r2, [r3, #12]
 8002278:	e03a      	b.n	80022f0 <UART_SetConfig+0x298>
 800227a:	687b      	ldr	r3, [r7, #4]
 800227c:	685b      	ldr	r3, [r3, #4]
 800227e:	085b      	lsrs	r3, r3, #1
 8002280:	4a24      	ldr	r2, [pc, #144]	@ (8002314 <UART_SetConfig+0x2bc>)
 8002282:	189a      	adds	r2, r3, r2
 8002284:	687b      	ldr	r3, [r7, #4]
 8002286:	685b      	ldr	r3, [r3, #4]
 8002288:	0019      	movs	r1, r3
 800228a:	0010      	movs	r0, r2
 800228c:	f7fd ff7c 	bl	8000188 <__udivsi3>
 8002290:	0003      	movs	r3, r0
 8002292:	b29a      	uxth	r2, r3
 8002294:	687b      	ldr	r3, [r7, #4]
 8002296:	681b      	ldr	r3, [r3, #0]
 8002298:	60da      	str	r2, [r3, #12]
 800229a:	e029      	b.n	80022f0 <UART_SetConfig+0x298>
 800229c:	f7ff f90c 	bl	80014b8 <HAL_RCC_GetSysClockFreq>
 80022a0:	0002      	movs	r2, r0
 80022a2:	687b      	ldr	r3, [r7, #4]
 80022a4:	685b      	ldr	r3, [r3, #4]
 80022a6:	085b      	lsrs	r3, r3, #1
 80022a8:	18d2      	adds	r2, r2, r3
 80022aa:	687b      	ldr	r3, [r7, #4]
 80022ac:	685b      	ldr	r3, [r3, #4]
 80022ae:	0019      	movs	r1, r3
 80022b0:	0010      	movs	r0, r2
 80022b2:	f7fd ff69 	bl	8000188 <__udivsi3>
 80022b6:	0003      	movs	r3, r0
 80022b8:	b29a      	uxth	r2, r3
 80022ba:	687b      	ldr	r3, [r7, #4]
 80022bc:	681b      	ldr	r3, [r3, #0]
 80022be:	60da      	str	r2, [r3, #12]
 80022c0:	e016      	b.n	80022f0 <UART_SetConfig+0x298>
 80022c2:	687b      	ldr	r3, [r7, #4]
 80022c4:	685b      	ldr	r3, [r3, #4]
 80022c6:	085b      	lsrs	r3, r3, #1
 80022c8:	2280      	movs	r2, #128	@ 0x80
 80022ca:	0212      	lsls	r2, r2, #8
 80022cc:	189a      	adds	r2, r3, r2
 80022ce:	687b      	ldr	r3, [r7, #4]
 80022d0:	685b      	ldr	r3, [r3, #4]
 80022d2:	0019      	movs	r1, r3
 80022d4:	0010      	movs	r0, r2
 80022d6:	f7fd ff57 	bl	8000188 <__udivsi3>
 80022da:	0003      	movs	r3, r0
 80022dc:	b29a      	uxth	r2, r3
 80022de:	687b      	ldr	r3, [r7, #4]
 80022e0:	681b      	ldr	r3, [r3, #0]
 80022e2:	60da      	str	r2, [r3, #12]
 80022e4:	e004      	b.n	80022f0 <UART_SetConfig+0x298>
 80022e6:	2313      	movs	r3, #19
 80022e8:	18fb      	adds	r3, r7, r3
 80022ea:	2201      	movs	r2, #1
 80022ec:	701a      	strb	r2, [r3, #0]
 80022ee:	46c0      	nop			@ (mov r8, r8)
 80022f0:	2313      	movs	r3, #19
 80022f2:	18fb      	adds	r3, r7, r3
 80022f4:	781b      	ldrb	r3, [r3, #0]
 80022f6:	0018      	movs	r0, r3
 80022f8:	46bd      	mov	sp, r7
 80022fa:	b007      	add	sp, #28
 80022fc:	bd90      	pop	{r4, r7, pc}
 80022fe:	46c0      	nop			@ (mov r8, r8)
 8002300:	ffff69f3 	.word	0xffff69f3
 8002304:	ffffcfff 	.word	0xffffcfff
 8002308:	fffff4ff 	.word	0xfffff4ff
 800230c:	40021000 	.word	0x40021000
 8002310:	01e84800 	.word	0x01e84800
 8002314:	00f42400 	.word	0x00f42400

08002318 <HAL_UART_Init>:
 8002318:	b580      	push	{r7, lr}
 800231a:	b082      	sub	sp, #8
 800231c:	af00      	add	r7, sp, #0
 800231e:	6078      	str	r0, [r7, #4]
 8002320:	687b      	ldr	r3, [r7, #4]
 8002322:	2b00      	cmp	r3, #0
 8002324:	d101      	bne.n	800232a <HAL_UART_Init+0x12>
 8002326:	2301      	movs	r3, #1
 8002328:	e03b      	b.n	80023a2 <HAL_UART_Init+0x8a>
 800232a:	687b      	ldr	r3, [r7, #4]
 800232c:	2269      	movs	r2, #105	@ 0x69
 800232e:	5c9b      	ldrb	r3, [r3, r2]
 8002330:	b2db      	uxtb	r3, r3
 8002332:	2b00      	cmp	r3, #0
 8002334:	d103      	bne.n	800233e <HAL_UART_Init+0x26>
 8002336:	687b      	ldr	r3, [r7, #4]
 8002338:	2268      	movs	r2, #104	@ 0x68
 800233a:	2100      	movs	r1, #0
 800233c:	5499      	strb	r1, [r3, r2]
 800233e:	687b      	ldr	r3, [r7, #4]
 8002340:	2269      	movs	r2, #105	@ 0x69
 8002342:	2124      	movs	r1, #36	@ 0x24
 8002344:	5499      	strb	r1, [r3, r2]
 8002346:	687b      	ldr	r3, [r7, #4]
 8002348:	681b      	ldr	r3, [r3, #0]
 800234a:	681a      	ldr	r2, [r3, #0]
 800234c:	687b      	ldr	r3, [r7, #4]
 800234e:	681b      	ldr	r3, [r3, #0]
 8002350:	2101      	movs	r1, #1
 8002352:	438a      	bics	r2, r1
 8002354:	601a      	str	r2, [r3, #0]
 8002356:	687b      	ldr	r3, [r7, #4]
 8002358:	0018      	movs	r0, r3
 800235a:	f7ff fe7d 	bl	8002058 <UART_SetConfig>
 800235e:	0003      	movs	r3, r0
 8002360:	2b01      	cmp	r3, #1
 8002362:	d101      	bne.n	8002368 <HAL_UART_Init+0x50>
 8002364:	2301      	movs	r3, #1
 8002366:	e01c      	b.n	80023a2 <HAL_UART_Init+0x8a>
 8002368:	687b      	ldr	r3, [r7, #4]
 800236a:	681b      	ldr	r3, [r3, #0]
 800236c:	685a      	ldr	r2, [r3, #4]
 800236e:	687b      	ldr	r3, [r7, #4]
 8002370:	681b      	ldr	r3, [r3, #0]
 8002372:	490e      	ldr	r1, [pc, #56]	@ (80023ac <HAL_UART_Init+0x94>)
 8002374:	400a      	ands	r2, r1
 8002376:	605a      	str	r2, [r3, #4]
 8002378:	687b      	ldr	r3, [r7, #4]
 800237a:	681b      	ldr	r3, [r3, #0]
 800237c:	689a      	ldr	r2, [r3, #8]
 800237e:	687b      	ldr	r3, [r7, #4]
 8002380:	681b      	ldr	r3, [r3, #0]
 8002382:	2108      	movs	r1, #8
 8002384:	438a      	bics	r2, r1
 8002386:	609a      	str	r2, [r3, #8]
 8002388:	687b      	ldr	r3, [r7, #4]
 800238a:	681b      	ldr	r3, [r3, #0]
 800238c:	681a      	ldr	r2, [r3, #0]
 800238e:	687b      	ldr	r3, [r7, #4]
 8002390:	681b      	ldr	r3, [r3, #0]
 8002392:	2101      	movs	r1, #1
 8002394:	430a      	orrs	r2, r1
 8002396:	601a      	str	r2, [r3, #0]
 8002398:	687b      	ldr	r3, [r7, #4]
 800239a:	0018      	movs	r0, r3
 800239c:	f7ff fe44 	bl	8002028 <UART_CheckIdleState>
 80023a0:	0003      	movs	r3, r0
 80023a2:	0018      	movs	r0, r3
 80023a4:	46bd      	mov	sp, r7
 80023a6:	b002      	add	sp, #8
 80023a8:	bd80      	pop	{r7, pc}
 80023aa:	46c0      	nop			@ (mov r8, r8)
 80023ac:	fffff7ff 	.word	0xfffff7ff

080023b0 <HAL_UART_Receive>:
 80023b0:	b580      	push	{r7, lr}
 80023b2:	b08a      	sub	sp, #40	@ 0x28
 80023b4:	af02      	add	r7, sp, #8
 80023b6:	60f8      	str	r0, [r7, #12]
 80023b8:	60b9      	str	r1, [r7, #8]
 80023ba:	603b      	str	r3, [r7, #0]
 80023bc:	1dbb      	adds	r3, r7, #6
 80023be:	801a      	strh	r2, [r3, #0]
 80023c0:	2300      	movs	r3, #0
 80023c2:	61fb      	str	r3, [r7, #28]
 80023c4:	68fb      	ldr	r3, [r7, #12]
 80023c6:	226a      	movs	r2, #106	@ 0x6a
 80023c8:	5c9b      	ldrb	r3, [r3, r2]
 80023ca:	b2db      	uxtb	r3, r3
 80023cc:	2b20      	cmp	r3, #32
 80023ce:	d000      	beq.n	80023d2 <HAL_UART_Receive+0x22>
 80023d0:	e0b4      	b.n	800253c <HAL_UART_Receive+0x18c>
 80023d2:	68bb      	ldr	r3, [r7, #8]
 80023d4:	2b00      	cmp	r3, #0
 80023d6:	d003      	beq.n	80023e0 <HAL_UART_Receive+0x30>
 80023d8:	1dbb      	adds	r3, r7, #6
 80023da:	881b      	ldrh	r3, [r3, #0]
 80023dc:	2b00      	cmp	r3, #0
 80023de:	d101      	bne.n	80023e4 <HAL_UART_Receive+0x34>
 80023e0:	2301      	movs	r3, #1
 80023e2:	e0ac      	b.n	800253e <HAL_UART_Receive+0x18e>
 80023e4:	68fb      	ldr	r3, [r7, #12]
 80023e6:	689a      	ldr	r2, [r3, #8]
 80023e8:	2380      	movs	r3, #128	@ 0x80
 80023ea:	015b      	lsls	r3, r3, #5
 80023ec:	429a      	cmp	r2, r3
 80023ee:	d109      	bne.n	8002404 <HAL_UART_Receive+0x54>
 80023f0:	68fb      	ldr	r3, [r7, #12]
 80023f2:	691b      	ldr	r3, [r3, #16]
 80023f4:	2b00      	cmp	r3, #0
 80023f6:	d105      	bne.n	8002404 <HAL_UART_Receive+0x54>
 80023f8:	68bb      	ldr	r3, [r7, #8]
 80023fa:	2201      	movs	r2, #1
 80023fc:	4013      	ands	r3, r2
 80023fe:	d001      	beq.n	8002404 <HAL_UART_Receive+0x54>
 8002400:	2301      	movs	r3, #1
 8002402:	e09c      	b.n	800253e <HAL_UART_Receive+0x18e>
 8002404:	68fb      	ldr	r3, [r7, #12]
 8002406:	2268      	movs	r2, #104	@ 0x68
 8002408:	5c9b      	ldrb	r3, [r3, r2]
 800240a:	2b01      	cmp	r3, #1
 800240c:	d101      	bne.n	8002412 <HAL_UART_Receive+0x62>
 800240e:	2302      	movs	r3, #2
 8002410:	e095      	b.n	800253e <HAL_UART_Receive+0x18e>
 8002412:	68fb      	ldr	r3, [r7, #12]
 8002414:	2268      	movs	r2, #104	@ 0x68
 8002416:	2101      	movs	r1, #1
 8002418:	5499      	strb	r1, [r3, r2]
 800241a:	68fb      	ldr	r3, [r7, #12]
 800241c:	2200      	movs	r2, #0
 800241e:	66da      	str	r2, [r3, #108]	@ 0x6c
 8002420:	68fb      	ldr	r3, [r7, #12]
 8002422:	226a      	movs	r2, #106	@ 0x6a
 8002424:	2122      	movs	r1, #34	@ 0x22
 8002426:	5499      	strb	r1, [r3, r2]
 8002428:	f7ff f838 	bl	800149c <HAL_GetTick>
 800242c:	0003      	movs	r3, r0
 800242e:	61fb      	str	r3, [r7, #28]
 8002430:	68fb      	ldr	r3, [r7, #12]
 8002432:	1dba      	adds	r2, r7, #6
 8002434:	2158      	movs	r1, #88	@ 0x58
 8002436:	8812      	ldrh	r2, [r2, #0]
 8002438:	525a      	strh	r2, [r3, r1]
 800243a:	68fb      	ldr	r3, [r7, #12]
 800243c:	1dba      	adds	r2, r7, #6
 800243e:	215a      	movs	r1, #90	@ 0x5a
 8002440:	8812      	ldrh	r2, [r2, #0]
 8002442:	525a      	strh	r2, [r3, r1]
 8002444:	68fb      	ldr	r3, [r7, #12]
 8002446:	689a      	ldr	r2, [r3, #8]
 8002448:	2380      	movs	r3, #128	@ 0x80
 800244a:	015b      	lsls	r3, r3, #5
 800244c:	429a      	cmp	r2, r3
 800244e:	d10d      	bne.n	800246c <HAL_UART_Receive+0xbc>
 8002450:	68fb      	ldr	r3, [r7, #12]
 8002452:	691b      	ldr	r3, [r3, #16]
 8002454:	2b00      	cmp	r3, #0
 8002456:	d104      	bne.n	8002462 <HAL_UART_Receive+0xb2>
 8002458:	68fb      	ldr	r3, [r7, #12]
 800245a:	225c      	movs	r2, #92	@ 0x5c
 800245c:	493a      	ldr	r1, [pc, #232]	@ (8002548 <HAL_UART_Receive+0x198>)
 800245e:	5299      	strh	r1, [r3, r2]
 8002460:	e015      	b.n	800248e <HAL_UART_Receive+0xde>
 8002462:	68fb      	ldr	r3, [r7, #12]
 8002464:	225c      	movs	r2, #92	@ 0x5c
 8002466:	21ff      	movs	r1, #255	@ 0xff
 8002468:	5299      	strh	r1, [r3, r2]
 800246a:	e010      	b.n	800248e <HAL_UART_Receive+0xde>
 800246c:	68fb      	ldr	r3, [r7, #12]
 800246e:	689b      	ldr	r3, [r3, #8]
 8002470:	2b00      	cmp	r3, #0
 8002472:	d10c      	bne.n	800248e <HAL_UART_Receive+0xde>
 8002474:	68fb      	ldr	r3, [r7, #12]
 8002476:	691b      	ldr	r3, [r3, #16]
 8002478:	2b00      	cmp	r3, #0
 800247a:	d104      	bne.n	8002486 <HAL_UART_Receive+0xd6>
 800247c:	68fb      	ldr	r3, [r7, #12]
 800247e:	225c      	movs	r2, #92	@ 0x5c
 8002480:	21ff      	movs	r1, #255	@ 0xff
 8002482:	5299      	strh	r1, [r3, r2]
 8002484:	e003      	b.n	800248e <HAL_UART_Receive+0xde>
 8002486:	68fb      	ldr	r3, [r7, #12]
 8002488:	225c      	movs	r2, #92	@ 0x5c
 800248a:	217f      	movs	r1, #127	@ 0x7f
 800248c:	5299      	strh	r1, [r3, r2]
 800248e:	231a      	movs	r3, #26
 8002490:	18fb      	adds	r3, r7, r3
 8002492:	68fa      	ldr	r2, [r7, #12]
 8002494:	215c      	movs	r1, #92	@ 0x5c
 8002496:	5a52      	ldrh	r2, [r2, r1]
 8002498:	801a      	strh	r2, [r3, #0]
 800249a:	e03f      	b.n	800251c <HAL_UART_Receive+0x16c>
 800249c:	68fb      	ldr	r3, [r7, #12]
 800249e:	225a      	movs	r2, #90	@ 0x5a
 80024a0:	5a9b      	ldrh	r3, [r3, r2]
 80024a2:	b29b      	uxth	r3, r3
 80024a4:	3b01      	subs	r3, #1
 80024a6:	b299      	uxth	r1, r3
 80024a8:	68fb      	ldr	r3, [r7, #12]
 80024aa:	225a      	movs	r2, #90	@ 0x5a
 80024ac:	5299      	strh	r1, [r3, r2]
 80024ae:	69fa      	ldr	r2, [r7, #28]
 80024b0:	68f8      	ldr	r0, [r7, #12]
 80024b2:	683b      	ldr	r3, [r7, #0]
 80024b4:	9300      	str	r3, [sp, #0]
 80024b6:	0013      	movs	r3, r2
 80024b8:	2200      	movs	r2, #0
 80024ba:	2120      	movs	r1, #32
 80024bc:	f7ff fd68 	bl	8001f90 <UART_WaitOnFlagUntilTimeout>
 80024c0:	1e03      	subs	r3, r0, #0
 80024c2:	d001      	beq.n	80024c8 <HAL_UART_Receive+0x118>
 80024c4:	2303      	movs	r3, #3
 80024c6:	e03a      	b.n	800253e <HAL_UART_Receive+0x18e>
 80024c8:	68fb      	ldr	r3, [r7, #12]
 80024ca:	689a      	ldr	r2, [r3, #8]
 80024cc:	2380      	movs	r3, #128	@ 0x80
 80024ce:	015b      	lsls	r3, r3, #5
 80024d0:	429a      	cmp	r2, r3
 80024d2:	d114      	bne.n	80024fe <HAL_UART_Receive+0x14e>
 80024d4:	68fb      	ldr	r3, [r7, #12]
 80024d6:	691b      	ldr	r3, [r3, #16]
 80024d8:	2b00      	cmp	r3, #0
 80024da:	d110      	bne.n	80024fe <HAL_UART_Receive+0x14e>
 80024dc:	68bb      	ldr	r3, [r7, #8]
 80024de:	617b      	str	r3, [r7, #20]
 80024e0:	68fb      	ldr	r3, [r7, #12]
 80024e2:	681b      	ldr	r3, [r3, #0]
 80024e4:	8c9b      	ldrh	r3, [r3, #36]	@ 0x24
 80024e6:	b29b      	uxth	r3, r3
 80024e8:	221a      	movs	r2, #26
 80024ea:	18ba      	adds	r2, r7, r2
 80024ec:	8812      	ldrh	r2, [r2, #0]
 80024ee:	4013      	ands	r3, r2
 80024f0:	b29a      	uxth	r2, r3
 80024f2:	697b      	ldr	r3, [r7, #20]
 80024f4:	801a      	strh	r2, [r3, #0]
 80024f6:	68bb      	ldr	r3, [r7, #8]
 80024f8:	3302      	adds	r3, #2
 80024fa:	60bb      	str	r3, [r7, #8]
 80024fc:	e00e      	b.n	800251c <HAL_UART_Receive+0x16c>
 80024fe:	68fb      	ldr	r3, [r7, #12]
 8002500:	681b      	ldr	r3, [r3, #0]
 8002502:	8c9b      	ldrh	r3, [r3, #36]	@ 0x24
 8002504:	b29b      	uxth	r3, r3
 8002506:	b2da      	uxtb	r2, r3
 8002508:	231a      	movs	r3, #26
 800250a:	18fb      	adds	r3, r7, r3
 800250c:	881b      	ldrh	r3, [r3, #0]
 800250e:	b2d9      	uxtb	r1, r3
 8002510:	68bb      	ldr	r3, [r7, #8]
 8002512:	1c58      	adds	r0, r3, #1
 8002514:	60b8      	str	r0, [r7, #8]
 8002516:	400a      	ands	r2, r1
 8002518:	b2d2      	uxtb	r2, r2
 800251a:	701a      	strb	r2, [r3, #0]
 800251c:	68fb      	ldr	r3, [r7, #12]
 800251e:	225a      	movs	r2, #90	@ 0x5a
 8002520:	5a9b      	ldrh	r3, [r3, r2]
 8002522:	b29b      	uxth	r3, r3
 8002524:	2b00      	cmp	r3, #0
 8002526:	d1b9      	bne.n	800249c <HAL_UART_Receive+0xec>
 8002528:	68fb      	ldr	r3, [r7, #12]
 800252a:	226a      	movs	r2, #106	@ 0x6a
 800252c:	2120      	movs	r1, #32
 800252e:	5499      	strb	r1, [r3, r2]
 8002530:	68fb      	ldr	r3, [r7, #12]
 8002532:	2268      	movs	r2, #104	@ 0x68
 8002534:	2100      	movs	r1, #0
 8002536:	5499      	strb	r1, [r3, r2]
 8002538:	2300      	movs	r3, #0
 800253a:	e000      	b.n	800253e <HAL_UART_Receive+0x18e>
 800253c:	2302      	movs	r3, #2
 800253e:	0018      	movs	r0, r3
 8002540:	46bd      	mov	sp, r7
 8002542:	b008      	add	sp, #32
 8002544:	bd80      	pop	{r7, pc}
 8002546:	46c0      	nop			@ (mov r8, r8)
 8002548:	000001ff 	.word	0x000001ff

0800254c <HAL_UART_Transmit>:
 800254c:	b580      	push	{r7, lr}
 800254e:	b088      	sub	sp, #32
 8002550:	af02      	add	r7, sp, #8
 8002552:	60f8      	str	r0, [r7, #12]
 8002554:	60b9      	str	r1, [r7, #8]
 8002556:	603b      	str	r3, [r7, #0]
 8002558:	1dbb      	adds	r3, r7, #6
 800255a:	801a      	strh	r2, [r3, #0]
 800255c:	2300      	movs	r3, #0
 800255e:	617b      	str	r3, [r7, #20]
 8002560:	68fb      	ldr	r3, [r7, #12]
 8002562:	2269      	movs	r2, #105	@ 0x69
 8002564:	5c9b      	ldrb	r3, [r3, r2]
 8002566:	b2db      	uxtb	r3, r3
 8002568:	2b20      	cmp	r3, #32
 800256a:	d000      	beq.n	800256e <HAL_UART_Transmit+0x22>
 800256c:	e08b      	b.n	8002686 <HAL_UART_Transmit+0x13a>
 800256e:	68bb      	ldr	r3, [r7, #8]
 8002570:	2b00      	cmp	r3, #0
 8002572:	d003      	beq.n	800257c <HAL_UART_Transmit+0x30>
 8002574:	1dbb      	adds	r3, r7, #6
 8002576:	881b      	ldrh	r3, [r3, #0]
 8002578:	2b00      	cmp	r3, #0
 800257a:	d101      	bne.n	8002580 <HAL_UART_Transmit+0x34>
 800257c:	2301      	movs	r3, #1
 800257e:	e083      	b.n	8002688 <HAL_UART_Transmit+0x13c>
 8002580:	68fb      	ldr	r3, [r7, #12]
 8002582:	689a      	ldr	r2, [r3, #8]
 8002584:	2380      	movs	r3, #128	@ 0x80
 8002586:	015b      	lsls	r3, r3, #5
 8002588:	429a      	cmp	r2, r3
 800258a:	d109      	bne.n	80025a0 <HAL_UART_Transmit+0x54>
 800258c:	68fb      	ldr	r3, [r7, #12]
 800258e:	691b      	ldr	r3, [r3, #16]
 8002590:	2b00      	cmp	r3, #0
 8002592:	d105      	bne.n	80025a0 <HAL_UART_Transmit+0x54>
 8002594:	68bb      	ldr	r3, [r7, #8]
 8002596:	2201      	movs	r2, #1
 8002598:	4013      	ands	r3, r2
 800259a:	d001      	beq.n	80025a0 <HAL_UART_Transmit+0x54>
 800259c:	2301      	movs	r3, #1
 800259e:	e073      	b.n	8002688 <HAL_UART_Transmit+0x13c>
 80025a0:	68fb      	ldr	r3, [r7, #12]
 80025a2:	2268      	movs	r2, #104	@ 0x68
 80025a4:	5c9b      	ldrb	r3, [r3, r2]
 80025a6:	2b01      	cmp	r3, #1
 80025a8:	d101      	bne.n	80025ae <HAL_UART_Transmit+0x62>
 80025aa:	2302      	movs	r3, #2
 80025ac:	e06c      	b.n	8002688 <HAL_UART_Transmit+0x13c>
 80025ae:	68fb      	ldr	r3, [r7, #12]
 80025b0:	2268      	movs	r2, #104	@ 0x68
 80025b2:	2101      	movs	r1, #1
 80025b4:	5499      	strb	r1, [r3, r2]
 80025b6:	68fb      	ldr	r3, [r7, #12]
 80025b8:	2200      	movs	r2, #0
 80025ba:	66da      	str	r2, [r3, #108]	@ 0x6c
 80025bc:	68fb      	ldr	r3, [r7, #12]
 80025be:	2269      	movs	r2, #105	@ 0x69
 80025c0:	2121      	movs	r1, #33	@ 0x21
 80025c2:	5499      	strb	r1, [r3, r2]
 80025c4:	f7fe ff6a 	bl	800149c <HAL_GetTick>
 80025c8:	0003      	movs	r3, r0
 80025ca:	617b      	str	r3, [r7, #20]
 80025cc:	68fb      	ldr	r3, [r7, #12]
 80025ce:	1dba      	adds	r2, r7, #6
 80025d0:	2150      	movs	r1, #80	@ 0x50
 80025d2:	8812      	ldrh	r2, [r2, #0]
 80025d4:	525a      	strh	r2, [r3, r1]
 80025d6:	68fb      	ldr	r3, [r7, #12]
 80025d8:	1dba      	adds	r2, r7, #6
 80025da:	2152      	movs	r1, #82	@ 0x52
 80025dc:	8812      	ldrh	r2, [r2, #0]
 80025de:	525a      	strh	r2, [r3, r1]
 80025e0:	e034      	b.n	800264c <HAL_UART_Transmit+0x100>
 80025e2:	68fb      	ldr	r3, [r7, #12]
 80025e4:	2252      	movs	r2, #82	@ 0x52
 80025e6:	5a9b      	ldrh	r3, [r3, r2]
 80025e8:	b29b      	uxth	r3, r3
 80025ea:	3b01      	subs	r3, #1
 80025ec:	b299      	uxth	r1, r3
 80025ee:	68fb      	ldr	r3, [r7, #12]
 80025f0:	2252      	movs	r2, #82	@ 0x52
 80025f2:	5299      	strh	r1, [r3, r2]
 80025f4:	697a      	ldr	r2, [r7, #20]
 80025f6:	68f8      	ldr	r0, [r7, #12]
 80025f8:	683b      	ldr	r3, [r7, #0]
 80025fa:	9300      	str	r3, [sp, #0]
 80025fc:	0013      	movs	r3, r2
 80025fe:	2200      	movs	r2, #0
 8002600:	2180      	movs	r1, #128	@ 0x80
 8002602:	f7ff fcc5 	bl	8001f90 <UART_WaitOnFlagUntilTimeout>
 8002606:	1e03      	subs	r3, r0, #0
 8002608:	d001      	beq.n	800260e <HAL_UART_Transmit+0xc2>
 800260a:	2303      	movs	r3, #3
 800260c:	e03c      	b.n	8002688 <HAL_UART_Transmit+0x13c>
 800260e:	68fb      	ldr	r3, [r7, #12]
 8002610:	689a      	ldr	r2, [r3, #8]
 8002612:	2380      	movs	r3, #128	@ 0x80
 8002614:	015b      	lsls	r3, r3, #5
 8002616:	429a      	cmp	r2, r3
 8002618:	d111      	bne.n	800263e <HAL_UART_Transmit+0xf2>
 800261a:	68fb      	ldr	r3, [r7, #12]
 800261c:	691b      	ldr	r3, [r3, #16]
 800261e:	2b00      	cmp	r3, #0
 8002620:	d10d      	bne.n	800263e <HAL_UART_Transmit+0xf2>
 8002622:	68bb      	ldr	r3, [r7, #8]
 8002624:	613b      	str	r3, [r7, #16]
 8002626:	693b      	ldr	r3, [r7, #16]
 8002628:	881a      	ldrh	r2, [r3, #0]
 800262a:	68fb      	ldr	r3, [r7, #12]
 800262c:	681b      	ldr	r3, [r3, #0]
 800262e:	05d2      	lsls	r2, r2, #23
 8002630:	0dd2      	lsrs	r2, r2, #23
 8002632:	b292      	uxth	r2, r2
 8002634:	851a      	strh	r2, [r3, #40]	@ 0x28
 8002636:	68bb      	ldr	r3, [r7, #8]
 8002638:	3302      	adds	r3, #2
 800263a:	60bb      	str	r3, [r7, #8]
 800263c:	e006      	b.n	800264c <HAL_UART_Transmit+0x100>
 800263e:	68bb      	ldr	r3, [r7, #8]
 8002640:	1c5a      	adds	r2, r3, #1
 8002642:	60ba      	str	r2, [r7, #8]
 8002644:	781a      	ldrb	r2, [r3, #0]
 8002646:	68fb      	ldr	r3, [r7, #12]
 8002648:	681b      	ldr	r3, [r3, #0]
 800264a:	851a      	strh	r2, [r3, #40]	@ 0x28
 800264c:	68fb      	ldr	r3, [r7, #12]
 800264e:	2252      	movs	r2, #82	@ 0x52
 8002650:	5a9b      	ldrh	r3, [r3, r2]
 8002652:	b29b      	uxth	r3, r3
 8002654:	2b00      	cmp	r3, #0
 8002656:	d1c4      	bne.n	80025e2 <HAL_UART_Transmit+0x96>
 8002658:	697a      	ldr	r2, [r7, #20]
 800265a:	68f8      	ldr	r0, [r7, #12]
 800265c:	683b      	ldr	r3, [r7, #0]
 800265e:	9300      	str	r3, [sp, #0]
 8002660:	0013      	movs	r3, r2
 8002662:	2200      	movs	r2, #0
 8002664:	2140      	movs	r1, #64	@ 0x40
 8002666:	f7ff fc93 	bl	8001f90 <UART_WaitOnFlagUntilTimeout>
 800266a:	1e03      	subs	r3, r0, #0
 800266c:	d001      	beq.n	8002672 <HAL_UART_Transmit+0x126>
 800266e:	2303      	movs	r3, #3
 8002670:	e00a      	b.n	8002688 <HAL_UART_Transmit+0x13c>
 8002672:	68fb      	ldr	r3, [r7, #12]
 8002674:	2269      	movs	r2, #105	@ 0x69
 8002676:	2120      	movs	r1, #32
 8002678:	5499      	strb	r1, [r3, r2]
 800267a:	68fb      	ldr	r3, [r7, #12]
 800267c:	2268      	movs	r2, #104	@ 0x68
 800267e:	2100      	movs	r1, #0
 8002680:	5499      	strb	r1, [r3, r2]
 8002682:	2300      	movs	r3, #0
 8002684:	e000      	b.n	8002688 <HAL_UART_Transmit+0x13c>
 8002686:	2302      	movs	r3, #2
 8002688:	0018      	movs	r0, r3
 800268a:	46bd      	mov	sp, r7
 800268c:	b006      	add	sp, #24
 800268e:	bd80      	pop	{r7, pc}

08002690 <Reset_Handler>:
 8002690:	2100      	movs	r1, #0
 8002692:	e003      	b.n	800269c <LoopCopyDataInit>

08002694 <CopyDataInit>:
 8002694:	4b0b      	ldr	r3, [pc, #44]	@ (80026c4 <LoopForever+0x2>)
 8002696:	585b      	ldr	r3, [r3, r1]
 8002698:	5043      	str	r3, [r0, r1]
 800269a:	3104      	adds	r1, #4

0800269c <LoopCopyDataInit>:
 800269c:	480a      	ldr	r0, [pc, #40]	@ (80026c8 <LoopForever+0x6>)
 800269e:	4b0b      	ldr	r3, [pc, #44]	@ (80026cc <LoopForever+0xa>)
 80026a0:	1842      	adds	r2, r0, r1
 80026a2:	429a      	cmp	r2, r3
 80026a4:	d3f6      	bcc.n	8002694 <CopyDataInit>
 80026a6:	4a0a      	ldr	r2, [pc, #40]	@ (80026d0 <LoopForever+0xe>)
 80026a8:	e002      	b.n	80026b0 <LoopFillZerobss>

080026aa <FillZerobss>:
 80026aa:	2300      	movs	r3, #0
 80026ac:	6013      	str	r3, [r2, #0]
 80026ae:	3204      	adds	r2, #4

080026b0 <LoopFillZerobss>:
 80026b0:	4b08      	ldr	r3, [pc, #32]	@ (80026d4 <LoopForever+0x12>)
 80026b2:	429a      	cmp	r2, r3
 80026b4:	d3f9      	bcc.n	80026aa <FillZerobss>
 80026b6:	e000      	b.n	80026ba <LoopFillZerobss+0xa>
 80026b8:	bf00      	nop
 80026ba:	f000 f80f 	bl	80026dc <__libc_init_array>
 80026be:	f7fe fa83 	bl	8000bc8 <main>

080026c2 <LoopForever>:
 80026c2:	e7fe      	b.n	80026c2 <LoopForever>
 80026c4:	08002744 	.word	0x08002744
 80026c8:	20000000 	.word	0x20000000
 80026cc:	20000114 	.word	0x20000114
 80026d0:	20000200 	.word	0x20000200
 80026d4:	20000594 	.word	0x20000594

080026d8 <BusFault_Handler>:
 80026d8:	e7fe      	b.n	80026d8 <BusFault_Handler>
 80026da:	0000      	movs	r0, r0

080026dc <__libc_init_array>:
 80026dc:	b570      	push	{r4, r5, r6, lr}
 80026de:	2600      	movs	r6, #0
 80026e0:	4c0c      	ldr	r4, [pc, #48]	@ (8002714 <__libc_init_array+0x38>)
 80026e2:	4d0d      	ldr	r5, [pc, #52]	@ (8002718 <__libc_init_array+0x3c>)
 80026e4:	1b64      	subs	r4, r4, r5
 80026e6:	10a4      	asrs	r4, r4, #2
 80026e8:	42a6      	cmp	r6, r4
 80026ea:	d109      	bne.n	8002700 <__libc_init_array+0x24>
 80026ec:	2600      	movs	r6, #0
 80026ee:	f000 f819 	bl	8002724 <_init>
 80026f2:	4c0a      	ldr	r4, [pc, #40]	@ (800271c <__libc_init_array+0x40>)
 80026f4:	4d0a      	ldr	r5, [pc, #40]	@ (8002720 <__libc_init_array+0x44>)
 80026f6:	1b64      	subs	r4, r4, r5
 80026f8:	10a4      	asrs	r4, r4, #2
 80026fa:	42a6      	cmp	r6, r4
 80026fc:	d105      	bne.n	800270a <__libc_init_array+0x2e>
 80026fe:	bd70      	pop	{r4, r5, r6, pc}
 8002700:	00b3      	lsls	r3, r6, #2
 8002702:	58eb      	ldr	r3, [r5, r3]
 8002704:	4798      	blx	r3
 8002706:	3601      	adds	r6, #1
 8002708:	e7ee      	b.n	80026e8 <__libc_init_array+0xc>
 800270a:	00b3      	lsls	r3, r6, #2
 800270c:	58eb      	ldr	r3, [r5, r3]
 800270e:	4798      	blx	r3
 8002710:	3601      	adds	r6, #1
 8002712:	e7f2      	b.n	80026fa <__libc_init_array+0x1e>
 8002714:	0800273c 	.word	0x0800273c
 8002718:	0800273c 	.word	0x0800273c
 800271c:	08002740 	.word	0x08002740
 8002720:	0800273c 	.word	0x0800273c

08002724 <_init>:
 8002724:	b5f8      	push	{r3, r4, r5, r6, r7, lr}
 8002726:	46c0      	nop			@ (mov r8, r8)
 8002728:	bcf8      	pop	{r3, r4, r5, r6, r7}
 800272a:	bc08      	pop	{r3}
 800272c:	469e      	mov	lr, r3
 800272e:	4770      	bx	lr

08002730 <_fini>:
 8002730:	b5f8      	push	{r3, r4, r5, r6, r7, lr}
 8002732:	46c0      	nop			@ (mov r8, r8)
 8002734:	bcf8      	pop	{r3, r4, r5, r6, r7}
 8002736:	bc08      	pop	{r3}
 8002738:	469e      	mov	lr, r3
 800273a:	4770      	bx	lr
