
masking_ISW_O0-CWNANO.elf:     file format elf32-littlearm

Sections:
Idx Name          Size      VMA       LMA       File off  Algn
  0 .isr_vector   00000188  08000000  08000000  00001000  2**0
                  CONTENTS, ALLOC, LOAD, READONLY, DATA
  1 .text         00002474  08000188  08000188  00001188  2**2
                  CONTENTS, ALLOC, LOAD, READONLY, CODE
  2 .rodata       00000050  080025fc  080025fc  000035fc  2**2
                  CONTENTS, ALLOC, LOAD, READONLY, DATA
  3 .ARM.extab    00000000  0800264c  0800264c  00004014  2**0
                  CONTENTS
  4 .ARM          00000000  0800264c  0800264c  00004014  2**0
                  CONTENTS
  5 .preinit_array 00000000  0800264c  0800264c  00004014  2**0
                  CONTENTS, ALLOC, LOAD, DATA
  6 .init_array   00000004  0800264c  0800264c  0000364c  2**2
                  CONTENTS, ALLOC, LOAD, DATA
  7 .fini_array   00000004  08002650  08002650  00003650  2**2
                  CONTENTS, ALLOC, LOAD, DATA
  8 .data         00000014  20000000  08002654  00004000  2**2
                  CONTENTS, ALLOC, LOAD, DATA
  9 .bss          00000294  20000014  08002668  00004014  2**2
                  ALLOC
 10 ._user_heap_stack 00000400  200002a8  08002668  000042a8  2**0
                  ALLOC
 11 .ARM.attributes 00000028  00000000  00000000  00004014  2**0
                  CONTENTS, READONLY
 12 .debug_info   00002faf  00000000  00000000  0000403c  2**0
                  CONTENTS, READONLY, DEBUGGING, OCTETS
 13 .debug_abbrev 0000093e  00000000  00000000  00006feb  2**0
                  CONTENTS, READONLY, DEBUGGING, OCTETS
 14 .debug_loc    000006e9  00000000  00000000  00007929  2**0
                  CONTENTS, READONLY, DEBUGGING, OCTETS
 15 .debug_aranges 00000208  00000000  00000000  00008012  2**0
                  CONTENTS, READONLY, DEBUGGING, OCTETS
 16 .debug_ranges 000001e8  00000000  00000000  0000821a  2**0
                  CONTENTS, READONLY, DEBUGGING, OCTETS
 17 .debug_line   000019b4  00000000  00000000  00008402  2**0
                  CONTENTS, READONLY, DEBUGGING, OCTETS
 18 .debug_str    00000f7c  00000000  00000000  00009db6  2**0
                  CONTENTS, READONLY, DEBUGGING, OCTETS
 19 .comment      00000045  00000000  00000000  0000ad32  2**0
                  CONTENTS, READONLY
 20 .debug_frame  00000524  00000000  00000000  0000ad78  2**2
                  CONTENTS, READONLY, DEBUGGING, OCTETS
 21 .stab         00000144  00000000  00000000  0000b29c  2**2
                  CONTENTS, READONLY, DEBUGGING
 22 .stabstr      00000055  00000000  00000000  0000b3e0  2**0
                  CONTENTS, READONLY, DEBUGGING
 23 .debug_line_str 000000c9  00000000  00000000  0000b435  2**0
                  CONTENTS, READONLY, DEBUGGING, OCTETS

Disassembly of section .text:

08000188 <__udivsi3>:
 8000188:	2200      	movs	r2, #0
 800018a:	0843      	lsrs	r3, r0, #1
 800018c:	428b      	cmp	r3, r1
 800018e:	d374      	bcc.n	800027a <__udivsi3+0xf2>
 8000190:	0903      	lsrs	r3, r0, #4
 8000192:	428b      	cmp	r3, r1
 8000194:	d35f      	bcc.n	8000256 <__udivsi3+0xce>
 8000196:	0a03      	lsrs	r3, r0, #8
 8000198:	428b      	cmp	r3, r1
 800019a:	d344      	bcc.n	8000226 <__udivsi3+0x9e>
 800019c:	0b03      	lsrs	r3, r0, #12
 800019e:	428b      	cmp	r3, r1
 80001a0:	d328      	bcc.n	80001f4 <__udivsi3+0x6c>
 80001a2:	0c03      	lsrs	r3, r0, #16
 80001a4:	428b      	cmp	r3, r1
 80001a6:	d30d      	bcc.n	80001c4 <__udivsi3+0x3c>
 80001a8:	22ff      	movs	r2, #255	@ 0xff
 80001aa:	0209      	lsls	r1, r1, #8
 80001ac:	ba12      	rev	r2, r2
 80001ae:	0c03      	lsrs	r3, r0, #16
 80001b0:	428b      	cmp	r3, r1
 80001b2:	d302      	bcc.n	80001ba <__udivsi3+0x32>
 80001b4:	1212      	asrs	r2, r2, #8
 80001b6:	0209      	lsls	r1, r1, #8
 80001b8:	d065      	beq.n	8000286 <__udivsi3+0xfe>
 80001ba:	0b03      	lsrs	r3, r0, #12
 80001bc:	428b      	cmp	r3, r1
 80001be:	d319      	bcc.n	80001f4 <__udivsi3+0x6c>
 80001c0:	e000      	b.n	80001c4 <__udivsi3+0x3c>
 80001c2:	0a09      	lsrs	r1, r1, #8
 80001c4:	0bc3      	lsrs	r3, r0, #15
 80001c6:	428b      	cmp	r3, r1
 80001c8:	d301      	bcc.n	80001ce <__udivsi3+0x46>
 80001ca:	03cb      	lsls	r3, r1, #15
 80001cc:	1ac0      	subs	r0, r0, r3
 80001ce:	4152      	adcs	r2, r2
 80001d0:	0b83      	lsrs	r3, r0, #14
 80001d2:	428b      	cmp	r3, r1
 80001d4:	d301      	bcc.n	80001da <__udivsi3+0x52>
 80001d6:	038b      	lsls	r3, r1, #14
 80001d8:	1ac0      	subs	r0, r0, r3
 80001da:	4152      	adcs	r2, r2
 80001dc:	0b43      	lsrs	r3, r0, #13
 80001de:	428b      	cmp	r3, r1
 80001e0:	d301      	bcc.n	80001e6 <__udivsi3+0x5e>
 80001e2:	034b      	lsls	r3, r1, #13
 80001e4:	1ac0      	subs	r0, r0, r3
 80001e6:	4152      	adcs	r2, r2
 80001e8:	0b03      	lsrs	r3, r0, #12
 80001ea:	428b      	cmp	r3, r1
 80001ec:	d301      	bcc.n	80001f2 <__udivsi3+0x6a>
 80001ee:	030b      	lsls	r3, r1, #12
 80001f0:	1ac0      	subs	r0, r0, r3
 80001f2:	4152      	adcs	r2, r2
 80001f4:	0ac3      	lsrs	r3, r0, #11
 80001f6:	428b      	cmp	r3, r1
 80001f8:	d301      	bcc.n	80001fe <__udivsi3+0x76>
 80001fa:	02cb      	lsls	r3, r1, #11
 80001fc:	1ac0      	subs	r0, r0, r3
 80001fe:	4152      	adcs	r2, r2
 8000200:	0a83      	lsrs	r3, r0, #10
 8000202:	428b      	cmp	r3, r1
 8000204:	d301      	bcc.n	800020a <__udivsi3+0x82>
 8000206:	028b      	lsls	r3, r1, #10
 8000208:	1ac0      	subs	r0, r0, r3
 800020a:	4152      	adcs	r2, r2
 800020c:	0a43      	lsrs	r3, r0, #9
 800020e:	428b      	cmp	r3, r1
 8000210:	d301      	bcc.n	8000216 <__udivsi3+0x8e>
 8000212:	024b      	lsls	r3, r1, #9
 8000214:	1ac0      	subs	r0, r0, r3
 8000216:	4152      	adcs	r2, r2
 8000218:	0a03      	lsrs	r3, r0, #8
 800021a:	428b      	cmp	r3, r1
 800021c:	d301      	bcc.n	8000222 <__udivsi3+0x9a>
 800021e:	020b      	lsls	r3, r1, #8
 8000220:	1ac0      	subs	r0, r0, r3
 8000222:	4152      	adcs	r2, r2
 8000224:	d2cd      	bcs.n	80001c2 <__udivsi3+0x3a>
 8000226:	09c3      	lsrs	r3, r0, #7
 8000228:	428b      	cmp	r3, r1
 800022a:	d301      	bcc.n	8000230 <__udivsi3+0xa8>
 800022c:	01cb      	lsls	r3, r1, #7
 800022e:	1ac0      	subs	r0, r0, r3
 8000230:	4152      	adcs	r2, r2
 8000232:	0983      	lsrs	r3, r0, #6
 8000234:	428b      	cmp	r3, r1
 8000236:	d301      	bcc.n	800023c <__udivsi3+0xb4>
 8000238:	018b      	lsls	r3, r1, #6
 800023a:	1ac0      	subs	r0, r0, r3
 800023c:	4152      	adcs	r2, r2
 800023e:	0943      	lsrs	r3, r0, #5
 8000240:	428b      	cmp	r3, r1
 8000242:	d301      	bcc.n	8000248 <__udivsi3+0xc0>
 8000244:	014b      	lsls	r3, r1, #5
 8000246:	1ac0      	subs	r0, r0, r3
 8000248:	4152      	adcs	r2, r2
 800024a:	0903      	lsrs	r3, r0, #4
 800024c:	428b      	cmp	r3, r1
 800024e:	d301      	bcc.n	8000254 <__udivsi3+0xcc>
 8000250:	010b      	lsls	r3, r1, #4
 8000252:	1ac0      	subs	r0, r0, r3
 8000254:	4152      	adcs	r2, r2
 8000256:	08c3      	lsrs	r3, r0, #3
 8000258:	428b      	cmp	r3, r1
 800025a:	d301      	bcc.n	8000260 <__udivsi3+0xd8>
 800025c:	00cb      	lsls	r3, r1, #3
 800025e:	1ac0      	subs	r0, r0, r3
 8000260:	4152      	adcs	r2, r2
 8000262:	0883      	lsrs	r3, r0, #2
 8000264:	428b      	cmp	r3, r1
 8000266:	d301      	bcc.n	800026c <__udivsi3+0xe4>
 8000268:	008b      	lsls	r3, r1, #2
 800026a:	1ac0      	subs	r0, r0, r3
 800026c:	4152      	adcs	r2, r2
 800026e:	0843      	lsrs	r3, r0, #1
 8000270:	428b      	cmp	r3, r1
 8000272:	d301      	bcc.n	8000278 <__udivsi3+0xf0>
 8000274:	004b      	lsls	r3, r1, #1
 8000276:	1ac0      	subs	r0, r0, r3
 8000278:	4152      	adcs	r2, r2
 800027a:	1a41      	subs	r1, r0, r1
 800027c:	d200      	bcs.n	8000280 <__udivsi3+0xf8>
 800027e:	4601      	mov	r1, r0
 8000280:	4152      	adcs	r2, r2
 8000282:	4610      	mov	r0, r2
 8000284:	4770      	bx	lr
 8000286:	e7ff      	b.n	8000288 <__udivsi3+0x100>
 8000288:	b501      	push	{r0, lr}
 800028a:	2000      	movs	r0, #0
 800028c:	f000 f806 	bl	800029c <__aeabi_idiv0>
 8000290:	bd02      	pop	{r1, pc}
 8000292:	46c0      	nop			@ (mov r8, r8)

08000294 <__aeabi_uidivmod>:
 8000294:	2900      	cmp	r1, #0
 8000296:	d0f7      	beq.n	8000288 <__udivsi3+0x100>
 8000298:	e776      	b.n	8000188 <__udivsi3>
 800029a:	4770      	bx	lr

0800029c <__aeabi_idiv0>:
 800029c:	4770      	bx	lr
 800029e:	46c0      	nop			@ (mov r8, r8)

080002a0 <deregister_tm_clones>:
 80002a0:	4804      	ldr	r0, [pc, #16]	@ (80002b4 <deregister_tm_clones+0x14>)
 80002a2:	4b05      	ldr	r3, [pc, #20]	@ (80002b8 <deregister_tm_clones+0x18>)
 80002a4:	b510      	push	{r4, lr}
 80002a6:	4283      	cmp	r3, r0
 80002a8:	d003      	beq.n	80002b2 <deregister_tm_clones+0x12>
 80002aa:	4b04      	ldr	r3, [pc, #16]	@ (80002bc <deregister_tm_clones+0x1c>)
 80002ac:	2b00      	cmp	r3, #0
 80002ae:	d000      	beq.n	80002b2 <deregister_tm_clones+0x12>
 80002b0:	4798      	blx	r3
 80002b2:	bd10      	pop	{r4, pc}
 80002b4:	20000014 	.word	0x20000014
 80002b8:	20000014 	.word	0x20000014
 80002bc:	00000000 	.word	0x00000000

080002c0 <register_tm_clones>:
 80002c0:	4806      	ldr	r0, [pc, #24]	@ (80002dc <register_tm_clones+0x1c>)
 80002c2:	4907      	ldr	r1, [pc, #28]	@ (80002e0 <register_tm_clones+0x20>)
 80002c4:	1a09      	subs	r1, r1, r0
 80002c6:	108b      	asrs	r3, r1, #2
 80002c8:	0fc9      	lsrs	r1, r1, #31
 80002ca:	18c9      	adds	r1, r1, r3
 80002cc:	b510      	push	{r4, lr}
 80002ce:	1049      	asrs	r1, r1, #1
 80002d0:	d003      	beq.n	80002da <register_tm_clones+0x1a>
 80002d2:	4b04      	ldr	r3, [pc, #16]	@ (80002e4 <register_tm_clones+0x24>)
 80002d4:	2b00      	cmp	r3, #0
 80002d6:	d000      	beq.n	80002da <register_tm_clones+0x1a>
 80002d8:	4798      	blx	r3
 80002da:	bd10      	pop	{r4, pc}
 80002dc:	20000014 	.word	0x20000014
 80002e0:	20000014 	.word	0x20000014
 80002e4:	00000000 	.word	0x00000000

080002e8 <__do_global_dtors_aux>:
 80002e8:	b510      	push	{r4, lr}
 80002ea:	4c07      	ldr	r4, [pc, #28]	@ (8000308 <__do_global_dtors_aux+0x20>)
 80002ec:	7823      	ldrb	r3, [r4, #0]
 80002ee:	2b00      	cmp	r3, #0
 80002f0:	d109      	bne.n	8000306 <__do_global_dtors_aux+0x1e>
 80002f2:	f7ff ffd5 	bl	80002a0 <deregister_tm_clones>
 80002f6:	4b05      	ldr	r3, [pc, #20]	@ (800030c <__do_global_dtors_aux+0x24>)
 80002f8:	2b00      	cmp	r3, #0
 80002fa:	d002      	beq.n	8000302 <__do_global_dtors_aux+0x1a>
 80002fc:	4804      	ldr	r0, [pc, #16]	@ (8000310 <__do_global_dtors_aux+0x28>)
 80002fe:	e000      	b.n	8000302 <__do_global_dtors_aux+0x1a>
 8000300:	bf00      	nop
 8000302:	2301      	movs	r3, #1
 8000304:	7023      	strb	r3, [r4, #0]
 8000306:	bd10      	pop	{r4, pc}
 8000308:	2000028c 	.word	0x2000028c
 800030c:	00000000 	.word	0x00000000
 8000310:	080025e4 	.word	0x080025e4

08000314 <frame_dummy>:
 8000314:	4b05      	ldr	r3, [pc, #20]	@ (800032c <frame_dummy+0x18>)
 8000316:	b510      	push	{r4, lr}
 8000318:	2b00      	cmp	r3, #0
 800031a:	d003      	beq.n	8000324 <frame_dummy+0x10>
 800031c:	4904      	ldr	r1, [pc, #16]	@ (8000330 <frame_dummy+0x1c>)
 800031e:	4805      	ldr	r0, [pc, #20]	@ (8000334 <frame_dummy+0x20>)
 8000320:	e000      	b.n	8000324 <frame_dummy+0x10>
 8000322:	bf00      	nop
 8000324:	f7ff ffcc 	bl	80002c0 <register_tm_clones>
 8000328:	bd10      	pop	{r4, pc}
 800032a:	46c0      	nop			@ (mov r8, r8)
 800032c:	00000000 	.word	0x00000000
 8000330:	20000290 	.word	0x20000290
 8000334:	080025e4 	.word	0x080025e4

08000338 <ROL8>:
 8000338:	b082      	sub	sp, #8
 800033a:	0002      	movs	r2, r0
 800033c:	9100      	str	r1, [sp, #0]
 800033e:	466b      	mov	r3, sp
 8000340:	3307      	adds	r3, #7
 8000342:	701a      	strb	r2, [r3, #0]
 8000344:	466b      	mov	r3, sp
 8000346:	3307      	adds	r3, #7
 8000348:	781a      	ldrb	r2, [r3, #0]
 800034a:	9b00      	ldr	r3, [sp, #0]
 800034c:	409a      	lsls	r2, r3
 800034e:	0013      	movs	r3, r2
 8000350:	b25a      	sxtb	r2, r3
 8000352:	466b      	mov	r3, sp
 8000354:	3307      	adds	r3, #7
 8000356:	7819      	ldrb	r1, [r3, #0]
 8000358:	9b00      	ldr	r3, [sp, #0]
 800035a:	2008      	movs	r0, #8
 800035c:	1ac3      	subs	r3, r0, r3
 800035e:	4119      	asrs	r1, r3
 8000360:	000b      	movs	r3, r1
 8000362:	b25b      	sxtb	r3, r3
 8000364:	4313      	orrs	r3, r2
 8000366:	b25b      	sxtb	r3, r3
 8000368:	b2db      	uxtb	r3, r3
 800036a:	0018      	movs	r0, r3
 800036c:	b002      	add	sp, #8
 800036e:	4770      	bx	lr

08000370 <mask_byte>:
 8000370:	b082      	sub	sp, #8
 8000372:	9100      	str	r1, [sp, #0]
 8000374:	0011      	movs	r1, r2
 8000376:	466b      	mov	r3, sp
 8000378:	3307      	adds	r3, #7
 800037a:	1c02      	adds	r2, r0, #0
 800037c:	701a      	strb	r2, [r3, #0]
 800037e:	466b      	mov	r3, sp
 8000380:	3306      	adds	r3, #6
 8000382:	1c0a      	adds	r2, r1, #0
 8000384:	701a      	strb	r2, [r3, #0]
 8000386:	9b00      	ldr	r3, [sp, #0]
 8000388:	466a      	mov	r2, sp
 800038a:	3206      	adds	r2, #6
 800038c:	7812      	ldrb	r2, [r2, #0]
 800038e:	701a      	strb	r2, [r3, #0]
 8000390:	466b      	mov	r3, sp
 8000392:	1dda      	adds	r2, r3, #7
 8000394:	466b      	mov	r3, sp
 8000396:	3306      	adds	r3, #6
 8000398:	7812      	ldrb	r2, [r2, #0]
 800039a:	781b      	ldrb	r3, [r3, #0]
 800039c:	4053      	eors	r3, r2
 800039e:	b2da      	uxtb	r2, r3
 80003a0:	9b00      	ldr	r3, [sp, #0]
 80003a2:	705a      	strb	r2, [r3, #1]
 80003a4:	46c0      	nop			@ (mov r8, r8)
 80003a6:	b002      	add	sp, #8
 80003a8:	4770      	bx	lr
 80003aa:	0000      	movs	r0, r0

080003ac <masked_ROL8>:
 80003ac:	b500      	push	{lr}
 80003ae:	b085      	sub	sp, #20
 80003b0:	9001      	str	r0, [sp, #4]
 80003b2:	9100      	str	r1, [sp, #0]
 80003b4:	9b01      	ldr	r3, [sp, #4]
 80003b6:	781b      	ldrb	r3, [r3, #0]
 80003b8:	9a00      	ldr	r2, [sp, #0]
 80003ba:	0011      	movs	r1, r2
 80003bc:	0018      	movs	r0, r3
 80003be:	f7ff ffbb 	bl	8000338 <ROL8>
 80003c2:	0003      	movs	r3, r0
 80003c4:	001a      	movs	r2, r3
 80003c6:	ab02      	add	r3, sp, #8
 80003c8:	701a      	strb	r2, [r3, #0]
 80003ca:	9b01      	ldr	r3, [sp, #4]
 80003cc:	785b      	ldrb	r3, [r3, #1]
 80003ce:	9a00      	ldr	r2, [sp, #0]
 80003d0:	0011      	movs	r1, r2
 80003d2:	0018      	movs	r0, r3
 80003d4:	f7ff ffb0 	bl	8000338 <ROL8>
 80003d8:	0003      	movs	r3, r0
 80003da:	001a      	movs	r2, r3
 80003dc:	ab02      	add	r3, sp, #8
 80003de:	705a      	strb	r2, [r3, #1]
 80003e0:	ab03      	add	r3, sp, #12
 80003e2:	aa02      	add	r2, sp, #8
 80003e4:	8812      	ldrh	r2, [r2, #0]
 80003e6:	801a      	strh	r2, [r3, #0]
 80003e8:	aa03      	add	r2, sp, #12
 80003ea:	2300      	movs	r3, #0
 80003ec:	7811      	ldrb	r1, [r2, #0]
 80003ee:	20ff      	movs	r0, #255	@ 0xff
 80003f0:	4001      	ands	r1, r0
 80003f2:	20ff      	movs	r0, #255	@ 0xff
 80003f4:	4383      	bics	r3, r0
 80003f6:	430b      	orrs	r3, r1
 80003f8:	7852      	ldrb	r2, [r2, #1]
 80003fa:	21ff      	movs	r1, #255	@ 0xff
 80003fc:	400a      	ands	r2, r1
 80003fe:	0212      	lsls	r2, r2, #8
 8000400:	4902      	ldr	r1, [pc, #8]	@ (800040c <masked_ROL8+0x60>)
 8000402:	400b      	ands	r3, r1
 8000404:	4313      	orrs	r3, r2
 8000406:	1c18      	adds	r0, r3, #0
 8000408:	b005      	add	sp, #20
 800040a:	bd00      	pop	{pc}
 800040c:	ffff00ff 	.word	0xffff00ff

08000410 <masked_xor>:
 8000410:	b084      	sub	sp, #16
 8000412:	9001      	str	r0, [sp, #4]
 8000414:	9100      	str	r1, [sp, #0]
 8000416:	9b01      	ldr	r3, [sp, #4]
 8000418:	781a      	ldrb	r2, [r3, #0]
 800041a:	9b00      	ldr	r3, [sp, #0]
 800041c:	781b      	ldrb	r3, [r3, #0]
 800041e:	4053      	eors	r3, r2
 8000420:	b2da      	uxtb	r2, r3
 8000422:	ab02      	add	r3, sp, #8
 8000424:	701a      	strb	r2, [r3, #0]
 8000426:	9b01      	ldr	r3, [sp, #4]
 8000428:	785a      	ldrb	r2, [r3, #1]
 800042a:	9b00      	ldr	r3, [sp, #0]
 800042c:	785b      	ldrb	r3, [r3, #1]
 800042e:	4053      	eors	r3, r2
 8000430:	b2da      	uxtb	r2, r3
 8000432:	ab02      	add	r3, sp, #8
 8000434:	705a      	strb	r2, [r3, #1]
 8000436:	ab03      	add	r3, sp, #12
 8000438:	aa02      	add	r2, sp, #8
 800043a:	8812      	ldrh	r2, [r2, #0]
 800043c:	801a      	strh	r2, [r3, #0]
 800043e:	aa03      	add	r2, sp, #12
 8000440:	2300      	movs	r3, #0
 8000442:	7811      	ldrb	r1, [r2, #0]
 8000444:	20ff      	movs	r0, #255	@ 0xff
 8000446:	4001      	ands	r1, r0
 8000448:	20ff      	movs	r0, #255	@ 0xff
 800044a:	4383      	bics	r3, r0
 800044c:	430b      	orrs	r3, r1
 800044e:	7852      	ldrb	r2, [r2, #1]
 8000450:	21ff      	movs	r1, #255	@ 0xff
 8000452:	400a      	ands	r2, r1
 8000454:	0212      	lsls	r2, r2, #8
 8000456:	4903      	ldr	r1, [pc, #12]	@ (8000464 <masked_xor+0x54>)
 8000458:	400b      	ands	r3, r1
 800045a:	4313      	orrs	r3, r2
 800045c:	1c18      	adds	r0, r3, #0
 800045e:	b004      	add	sp, #16
 8000460:	4770      	bx	lr
 8000462:	46c0      	nop			@ (mov r8, r8)
 8000464:	ffff00ff 	.word	0xffff00ff

08000468 <masked_xor_key>:
 8000468:	b082      	sub	sp, #8
 800046a:	9001      	str	r0, [sp, #4]
 800046c:	0008      	movs	r0, r1
 800046e:	0011      	movs	r1, r2
 8000470:	466b      	mov	r3, sp
 8000472:	3303      	adds	r3, #3
 8000474:	1c02      	adds	r2, r0, #0
 8000476:	701a      	strb	r2, [r3, #0]
 8000478:	466b      	mov	r3, sp
 800047a:	3302      	adds	r3, #2
 800047c:	1c0a      	adds	r2, r1, #0
 800047e:	701a      	strb	r2, [r3, #0]
 8000480:	9b01      	ldr	r3, [sp, #4]
 8000482:	781a      	ldrb	r2, [r3, #0]
 8000484:	466b      	mov	r3, sp
 8000486:	3303      	adds	r3, #3
 8000488:	781b      	ldrb	r3, [r3, #0]
 800048a:	4053      	eors	r3, r2
 800048c:	b2da      	uxtb	r2, r3
 800048e:	9b01      	ldr	r3, [sp, #4]
 8000490:	701a      	strb	r2, [r3, #0]
 8000492:	9b01      	ldr	r3, [sp, #4]
 8000494:	785a      	ldrb	r2, [r3, #1]
 8000496:	466b      	mov	r3, sp
 8000498:	3302      	adds	r3, #2
 800049a:	781b      	ldrb	r3, [r3, #0]
 800049c:	4053      	eors	r3, r2
 800049e:	b2da      	uxtb	r2, r3
 80004a0:	9b01      	ldr	r3, [sp, #4]
 80004a2:	705a      	strb	r2, [r3, #1]
 80004a4:	46c0      	nop			@ (mov r8, r8)
 80004a6:	b002      	add	sp, #8
 80004a8:	4770      	bx	lr
 80004aa:	0000      	movs	r0, r0

080004ac <mask_refreshing>:
 80004ac:	b084      	sub	sp, #16
 80004ae:	9001      	str	r0, [sp, #4]
 80004b0:	000a      	movs	r2, r1
 80004b2:	466b      	mov	r3, sp
 80004b4:	3303      	adds	r3, #3
 80004b6:	701a      	strb	r2, [r3, #0]
 80004b8:	9b01      	ldr	r3, [sp, #4]
 80004ba:	781a      	ldrb	r2, [r3, #0]
 80004bc:	466b      	mov	r3, sp
 80004be:	3303      	adds	r3, #3
 80004c0:	781b      	ldrb	r3, [r3, #0]
 80004c2:	4053      	eors	r3, r2
 80004c4:	b2da      	uxtb	r2, r3
 80004c6:	ab02      	add	r3, sp, #8
 80004c8:	701a      	strb	r2, [r3, #0]
 80004ca:	9b01      	ldr	r3, [sp, #4]
 80004cc:	785a      	ldrb	r2, [r3, #1]
 80004ce:	466b      	mov	r3, sp
 80004d0:	3303      	adds	r3, #3
 80004d2:	781b      	ldrb	r3, [r3, #0]
 80004d4:	4053      	eors	r3, r2
 80004d6:	b2da      	uxtb	r2, r3
 80004d8:	ab02      	add	r3, sp, #8
 80004da:	705a      	strb	r2, [r3, #1]
 80004dc:	ab03      	add	r3, sp, #12
 80004de:	aa02      	add	r2, sp, #8
 80004e0:	8812      	ldrh	r2, [r2, #0]
 80004e2:	801a      	strh	r2, [r3, #0]
 80004e4:	aa03      	add	r2, sp, #12
 80004e6:	2300      	movs	r3, #0
 80004e8:	7811      	ldrb	r1, [r2, #0]
 80004ea:	20ff      	movs	r0, #255	@ 0xff
 80004ec:	4001      	ands	r1, r0
 80004ee:	20ff      	movs	r0, #255	@ 0xff
 80004f0:	4383      	bics	r3, r0
 80004f2:	430b      	orrs	r3, r1
 80004f4:	7852      	ldrb	r2, [r2, #1]
 80004f6:	21ff      	movs	r1, #255	@ 0xff
 80004f8:	400a      	ands	r2, r1
 80004fa:	0212      	lsls	r2, r2, #8
 80004fc:	4902      	ldr	r1, [pc, #8]	@ (8000508 <mask_refreshing+0x5c>)
 80004fe:	400b      	ands	r3, r1
 8000500:	4313      	orrs	r3, r2
 8000502:	1c18      	adds	r0, r3, #0
 8000504:	b004      	add	sp, #16
 8000506:	4770      	bx	lr
 8000508:	ffff00ff 	.word	0xffff00ff

0800050c <ISW_AND>:
 800050c:	b086      	sub	sp, #24
 800050e:	9003      	str	r0, [sp, #12]
 8000510:	9102      	str	r1, [sp, #8]
 8000512:	466b      	mov	r3, sp
 8000514:	3307      	adds	r3, #7
 8000516:	701a      	strb	r2, [r3, #0]
 8000518:	9b03      	ldr	r3, [sp, #12]
 800051a:	781b      	ldrb	r3, [r3, #0]
 800051c:	9a02      	ldr	r2, [sp, #8]
 800051e:	7852      	ldrb	r2, [r2, #1]
 8000520:	4013      	ands	r3, r2
 8000522:	b2da      	uxtb	r2, r3
 8000524:	466b      	mov	r3, sp
 8000526:	3307      	adds	r3, #7
 8000528:	781b      	ldrb	r3, [r3, #0]
 800052a:	4053      	eors	r3, r2
 800052c:	b2d9      	uxtb	r1, r3
 800052e:	9b03      	ldr	r3, [sp, #12]
 8000530:	785b      	ldrb	r3, [r3, #1]
 8000532:	9a02      	ldr	r2, [sp, #8]
 8000534:	7812      	ldrb	r2, [r2, #0]
 8000536:	4013      	ands	r3, r2
 8000538:	b2da      	uxtb	r2, r3
 800053a:	2317      	movs	r3, #23
 800053c:	446b      	add	r3, sp
 800053e:	404a      	eors	r2, r1
 8000540:	701a      	strb	r2, [r3, #0]
 8000542:	9b03      	ldr	r3, [sp, #12]
 8000544:	781b      	ldrb	r3, [r3, #0]
 8000546:	9a02      	ldr	r2, [sp, #8]
 8000548:	7812      	ldrb	r2, [r2, #0]
 800054a:	4013      	ands	r3, r2
 800054c:	b2da      	uxtb	r2, r3
 800054e:	466b      	mov	r3, sp
 8000550:	3307      	adds	r3, #7
 8000552:	781b      	ldrb	r3, [r3, #0]
 8000554:	4053      	eors	r3, r2
 8000556:	b2da      	uxtb	r2, r3
 8000558:	ab04      	add	r3, sp, #16
 800055a:	701a      	strb	r2, [r3, #0]
 800055c:	9b03      	ldr	r3, [sp, #12]
 800055e:	785b      	ldrb	r3, [r3, #1]
 8000560:	9a02      	ldr	r2, [sp, #8]
 8000562:	7852      	ldrb	r2, [r2, #1]
 8000564:	4013      	ands	r3, r2
 8000566:	b2da      	uxtb	r2, r3
 8000568:	2317      	movs	r3, #23
 800056a:	446b      	add	r3, sp
 800056c:	781b      	ldrb	r3, [r3, #0]
 800056e:	4053      	eors	r3, r2
 8000570:	b2da      	uxtb	r2, r3
 8000572:	ab04      	add	r3, sp, #16
 8000574:	705a      	strb	r2, [r3, #1]
 8000576:	ab05      	add	r3, sp, #20
 8000578:	aa04      	add	r2, sp, #16
 800057a:	8812      	ldrh	r2, [r2, #0]
 800057c:	801a      	strh	r2, [r3, #0]
 800057e:	aa05      	add	r2, sp, #20
 8000580:	2300      	movs	r3, #0
 8000582:	7811      	ldrb	r1, [r2, #0]
 8000584:	20ff      	movs	r0, #255	@ 0xff
 8000586:	4001      	ands	r1, r0
 8000588:	20ff      	movs	r0, #255	@ 0xff
 800058a:	4383      	bics	r3, r0
 800058c:	430b      	orrs	r3, r1
 800058e:	7852      	ldrb	r2, [r2, #1]
 8000590:	21ff      	movs	r1, #255	@ 0xff
 8000592:	400a      	ands	r2, r1
 8000594:	0212      	lsls	r2, r2, #8
 8000596:	4903      	ldr	r1, [pc, #12]	@ (80005a4 <ISW_AND+0x98>)
 8000598:	400b      	ands	r3, r1
 800059a:	4313      	orrs	r3, r2
 800059c:	1c18      	adds	r0, r3, #0
 800059e:	b006      	add	sp, #24
 80005a0:	4770      	bx	lr
 80005a2:	46c0      	nop			@ (mov r8, r8)
 80005a4:	ffff00ff 	.word	0xffff00ff

080005a8 <shadow32_round_masked>:
 80005a8:	b500      	push	{lr}
 80005aa:	b09b      	sub	sp, #108	@ 0x6c
 80005ac:	9003      	str	r0, [sp, #12]
 80005ae:	9102      	str	r1, [sp, #8]
 80005b0:	9201      	str	r2, [sp, #4]
 80005b2:	9300      	str	r3, [sp, #0]
 80005b4:	9b03      	ldr	r3, [sp, #12]
 80005b6:	2101      	movs	r1, #1
 80005b8:	0018      	movs	r0, r3
 80005ba:	f7ff fef7 	bl	80003ac <masked_ROL8>
 80005be:	1c03      	adds	r3, r0, #0
 80005c0:	1c1a      	adds	r2, r3, #0
 80005c2:	ab19      	add	r3, sp, #100	@ 0x64
 80005c4:	801a      	strh	r2, [r3, #0]
 80005c6:	9b03      	ldr	r3, [sp, #12]
 80005c8:	2107      	movs	r1, #7
 80005ca:	0018      	movs	r0, r3
 80005cc:	f7ff feee 	bl	80003ac <masked_ROL8>
 80005d0:	1c03      	adds	r3, r0, #0
 80005d2:	1c1a      	adds	r2, r3, #0
 80005d4:	ab18      	add	r3, sp, #96	@ 0x60
 80005d6:	801a      	strh	r2, [r3, #0]
 80005d8:	2330      	movs	r3, #48	@ 0x30
 80005da:	3370      	adds	r3, #112	@ 0x70
 80005dc:	446b      	add	r3, sp
 80005de:	781a      	ldrb	r2, [r3, #0]
 80005e0:	ab19      	add	r3, sp, #100	@ 0x64
 80005e2:	0011      	movs	r1, r2
 80005e4:	0018      	movs	r0, r3
 80005e6:	f7ff ff61 	bl	80004ac <mask_refreshing>
 80005ea:	1c03      	adds	r3, r0, #0
 80005ec:	1c1a      	adds	r2, r3, #0
 80005ee:	ab19      	add	r3, sp, #100	@ 0x64
 80005f0:	801a      	strh	r2, [r3, #0]
 80005f2:	ab1c      	add	r3, sp, #112	@ 0x70
 80005f4:	781a      	ldrb	r2, [r3, #0]
 80005f6:	a918      	add	r1, sp, #96	@ 0x60
 80005f8:	ab19      	add	r3, sp, #100	@ 0x64
 80005fa:	0018      	movs	r0, r3
 80005fc:	f7ff ff86 	bl	800050c <ISW_AND>
 8000600:	1c03      	adds	r3, r0, #0
 8000602:	1c1a      	adds	r2, r3, #0
 8000604:	ab17      	add	r3, sp, #92	@ 0x5c
 8000606:	801a      	strh	r2, [r3, #0]
 8000608:	9b03      	ldr	r3, [sp, #12]
 800060a:	2102      	movs	r1, #2
 800060c:	0018      	movs	r0, r3
 800060e:	f7ff fecd 	bl	80003ac <masked_ROL8>
 8000612:	1c03      	adds	r3, r0, #0
 8000614:	1c1a      	adds	r2, r3, #0
 8000616:	ab16      	add	r3, sp, #88	@ 0x58
 8000618:	801a      	strh	r2, [r3, #0]
 800061a:	9a02      	ldr	r2, [sp, #8]
 800061c:	ab17      	add	r3, sp, #92	@ 0x5c
 800061e:	0011      	movs	r1, r2
 8000620:	0018      	movs	r0, r3
 8000622:	f7ff fef5 	bl	8000410 <masked_xor>
 8000626:	1c03      	adds	r3, r0, #0
 8000628:	1c1a      	adds	r2, r3, #0
 800062a:	ab15      	add	r3, sp, #84	@ 0x54
 800062c:	801a      	strh	r2, [r3, #0]
 800062e:	aa16      	add	r2, sp, #88	@ 0x58
 8000630:	ab15      	add	r3, sp, #84	@ 0x54
 8000632:	0011      	movs	r1, r2
 8000634:	0018      	movs	r0, r3
 8000636:	f7ff feeb 	bl	8000410 <masked_xor>
 800063a:	1c03      	adds	r3, r0, #0
 800063c:	1c1a      	adds	r2, r3, #0
 800063e:	ab15      	add	r3, sp, #84	@ 0x54
 8000640:	801a      	strh	r2, [r3, #0]
 8000642:	2320      	movs	r3, #32
 8000644:	3370      	adds	r3, #112	@ 0x70
 8000646:	446b      	add	r3, sp
 8000648:	781a      	ldrb	r2, [r3, #0]
 800064a:	ab20      	add	r3, sp, #128	@ 0x80
 800064c:	7819      	ldrb	r1, [r3, #0]
 800064e:	ab15      	add	r3, sp, #84	@ 0x54
 8000650:	0018      	movs	r0, r3
 8000652:	f7ff ff09 	bl	8000468 <masked_xor_key>
 8000656:	9b01      	ldr	r3, [sp, #4]
 8000658:	2101      	movs	r1, #1
 800065a:	0018      	movs	r0, r3
 800065c:	f7ff fea6 	bl	80003ac <masked_ROL8>
 8000660:	1c03      	adds	r3, r0, #0
 8000662:	1c1a      	adds	r2, r3, #0
 8000664:	ab14      	add	r3, sp, #80	@ 0x50
 8000666:	801a      	strh	r2, [r3, #0]
 8000668:	9b01      	ldr	r3, [sp, #4]
 800066a:	2107      	movs	r1, #7
 800066c:	0018      	movs	r0, r3
 800066e:	f7ff fe9d 	bl	80003ac <masked_ROL8>
 8000672:	1c03      	adds	r3, r0, #0
 8000674:	1c1a      	adds	r2, r3, #0
 8000676:	ab13      	add	r3, sp, #76	@ 0x4c
 8000678:	801a      	strh	r2, [r3, #0]
 800067a:	2334      	movs	r3, #52	@ 0x34
 800067c:	3370      	adds	r3, #112	@ 0x70
 800067e:	446b      	add	r3, sp
 8000680:	781a      	ldrb	r2, [r3, #0]
 8000682:	ab14      	add	r3, sp, #80	@ 0x50
 8000684:	0011      	movs	r1, r2
 8000686:	0018      	movs	r0, r3
 8000688:	f7ff ff10 	bl	80004ac <mask_refreshing>
 800068c:	1c03      	adds	r3, r0, #0
 800068e:	1c1a      	adds	r2, r3, #0
 8000690:	ab14      	add	r3, sp, #80	@ 0x50
 8000692:	801a      	strh	r2, [r3, #0]
 8000694:	ab1d      	add	r3, sp, #116	@ 0x74
 8000696:	781a      	ldrb	r2, [r3, #0]
 8000698:	a913      	add	r1, sp, #76	@ 0x4c
 800069a:	ab14      	add	r3, sp, #80	@ 0x50
 800069c:	0018      	movs	r0, r3
 800069e:	f7ff ff35 	bl	800050c <ISW_AND>
 80006a2:	1c03      	adds	r3, r0, #0
 80006a4:	1c1a      	adds	r2, r3, #0
 80006a6:	ab12      	add	r3, sp, #72	@ 0x48
 80006a8:	801a      	strh	r2, [r3, #0]
 80006aa:	9b01      	ldr	r3, [sp, #4]
 80006ac:	2102      	movs	r1, #2
 80006ae:	0018      	movs	r0, r3
 80006b0:	f7ff fe7c 	bl	80003ac <masked_ROL8>
 80006b4:	1c03      	adds	r3, r0, #0
 80006b6:	1c1a      	adds	r2, r3, #0
 80006b8:	ab11      	add	r3, sp, #68	@ 0x44
 80006ba:	801a      	strh	r2, [r3, #0]
 80006bc:	9a00      	ldr	r2, [sp, #0]
 80006be:	ab12      	add	r3, sp, #72	@ 0x48
 80006c0:	0011      	movs	r1, r2
 80006c2:	0018      	movs	r0, r3
 80006c4:	f7ff fea4 	bl	8000410 <masked_xor>
 80006c8:	1c03      	adds	r3, r0, #0
 80006ca:	1c1a      	adds	r2, r3, #0
 80006cc:	ab10      	add	r3, sp, #64	@ 0x40
 80006ce:	801a      	strh	r2, [r3, #0]
 80006d0:	aa11      	add	r2, sp, #68	@ 0x44
 80006d2:	ab10      	add	r3, sp, #64	@ 0x40
 80006d4:	0011      	movs	r1, r2
 80006d6:	0018      	movs	r0, r3
 80006d8:	f7ff fe9a 	bl	8000410 <masked_xor>
 80006dc:	1c03      	adds	r3, r0, #0
 80006de:	1c1a      	adds	r2, r3, #0
 80006e0:	ab10      	add	r3, sp, #64	@ 0x40
 80006e2:	801a      	strh	r2, [r3, #0]
 80006e4:	2324      	movs	r3, #36	@ 0x24
 80006e6:	3370      	adds	r3, #112	@ 0x70
 80006e8:	446b      	add	r3, sp
 80006ea:	781a      	ldrb	r2, [r3, #0]
 80006ec:	ab21      	add	r3, sp, #132	@ 0x84
 80006ee:	7819      	ldrb	r1, [r3, #0]
 80006f0:	ab10      	add	r3, sp, #64	@ 0x40
 80006f2:	0018      	movs	r0, r3
 80006f4:	f7ff feb8 	bl	8000468 <masked_xor_key>
 80006f8:	ab0f      	add	r3, sp, #60	@ 0x3c
 80006fa:	aa10      	add	r2, sp, #64	@ 0x40
 80006fc:	8812      	ldrh	r2, [r2, #0]
 80006fe:	801a      	strh	r2, [r3, #0]
 8000700:	ab15      	add	r3, sp, #84	@ 0x54
 8000702:	2101      	movs	r1, #1
 8000704:	0018      	movs	r0, r3
 8000706:	f7ff fe51 	bl	80003ac <masked_ROL8>
 800070a:	1c03      	adds	r3, r0, #0
 800070c:	1c1a      	adds	r2, r3, #0
 800070e:	ab0e      	add	r3, sp, #56	@ 0x38
 8000710:	801a      	strh	r2, [r3, #0]
 8000712:	ab15      	add	r3, sp, #84	@ 0x54
 8000714:	2107      	movs	r1, #7
 8000716:	0018      	movs	r0, r3
 8000718:	f7ff fe48 	bl	80003ac <masked_ROL8>
 800071c:	1c03      	adds	r3, r0, #0
 800071e:	1c1a      	adds	r2, r3, #0
 8000720:	ab0d      	add	r3, sp, #52	@ 0x34
 8000722:	801a      	strh	r2, [r3, #0]
 8000724:	2338      	movs	r3, #56	@ 0x38
 8000726:	3370      	adds	r3, #112	@ 0x70
 8000728:	446b      	add	r3, sp
 800072a:	781a      	ldrb	r2, [r3, #0]
 800072c:	ab0e      	add	r3, sp, #56	@ 0x38
 800072e:	0011      	movs	r1, r2
 8000730:	0018      	movs	r0, r3
 8000732:	f7ff febb 	bl	80004ac <mask_refreshing>
 8000736:	1c03      	adds	r3, r0, #0
 8000738:	1c1a      	adds	r2, r3, #0
 800073a:	ab0e      	add	r3, sp, #56	@ 0x38
 800073c:	801a      	strh	r2, [r3, #0]
 800073e:	ab1e      	add	r3, sp, #120	@ 0x78
 8000740:	781a      	ldrb	r2, [r3, #0]
 8000742:	a90d      	add	r1, sp, #52	@ 0x34
 8000744:	ab0e      	add	r3, sp, #56	@ 0x38
 8000746:	0018      	movs	r0, r3
 8000748:	f7ff fee0 	bl	800050c <ISW_AND>
 800074c:	1c03      	adds	r3, r0, #0
 800074e:	1c1a      	adds	r2, r3, #0
 8000750:	ab0c      	add	r3, sp, #48	@ 0x30
 8000752:	801a      	strh	r2, [r3, #0]
 8000754:	ab15      	add	r3, sp, #84	@ 0x54
 8000756:	2102      	movs	r1, #2
 8000758:	0018      	movs	r0, r3
 800075a:	f7ff fe27 	bl	80003ac <masked_ROL8>
 800075e:	1c03      	adds	r3, r0, #0
 8000760:	1c1a      	adds	r2, r3, #0
 8000762:	ab0b      	add	r3, sp, #44	@ 0x2c
 8000764:	801a      	strh	r2, [r3, #0]
 8000766:	9a03      	ldr	r2, [sp, #12]
 8000768:	ab0c      	add	r3, sp, #48	@ 0x30
 800076a:	0011      	movs	r1, r2
 800076c:	0018      	movs	r0, r3
 800076e:	f7ff fe4f 	bl	8000410 <masked_xor>
 8000772:	1c03      	adds	r3, r0, #0
 8000774:	1c1a      	adds	r2, r3, #0
 8000776:	ab0a      	add	r3, sp, #40	@ 0x28
 8000778:	801a      	strh	r2, [r3, #0]
 800077a:	aa0b      	add	r2, sp, #44	@ 0x2c
 800077c:	ab0a      	add	r3, sp, #40	@ 0x28
 800077e:	0011      	movs	r1, r2
 8000780:	0018      	movs	r0, r3
 8000782:	f7ff fe45 	bl	8000410 <masked_xor>
 8000786:	1c03      	adds	r3, r0, #0
 8000788:	1c1a      	adds	r2, r3, #0
 800078a:	ab0a      	add	r3, sp, #40	@ 0x28
 800078c:	801a      	strh	r2, [r3, #0]
 800078e:	2328      	movs	r3, #40	@ 0x28
 8000790:	3370      	adds	r3, #112	@ 0x70
 8000792:	446b      	add	r3, sp
 8000794:	781a      	ldrb	r2, [r3, #0]
 8000796:	ab22      	add	r3, sp, #136	@ 0x88
 8000798:	7819      	ldrb	r1, [r3, #0]
 800079a:	ab0a      	add	r3, sp, #40	@ 0x28
 800079c:	0018      	movs	r0, r3
 800079e:	f7ff fe63 	bl	8000468 <masked_xor_key>
 80007a2:	ab09      	add	r3, sp, #36	@ 0x24
 80007a4:	aa15      	add	r2, sp, #84	@ 0x54
 80007a6:	8812      	ldrh	r2, [r2, #0]
 80007a8:	801a      	strh	r2, [r3, #0]
 80007aa:	ab10      	add	r3, sp, #64	@ 0x40
 80007ac:	2101      	movs	r1, #1
 80007ae:	0018      	movs	r0, r3
 80007b0:	f7ff fdfc 	bl	80003ac <masked_ROL8>
 80007b4:	1c03      	adds	r3, r0, #0
 80007b6:	1c1a      	adds	r2, r3, #0
 80007b8:	ab08      	add	r3, sp, #32
 80007ba:	801a      	strh	r2, [r3, #0]
 80007bc:	ab10      	add	r3, sp, #64	@ 0x40
 80007be:	2107      	movs	r1, #7
 80007c0:	0018      	movs	r0, r3
 80007c2:	f7ff fdf3 	bl	80003ac <masked_ROL8>
 80007c6:	1c03      	adds	r3, r0, #0
 80007c8:	1c1a      	adds	r2, r3, #0
 80007ca:	ab07      	add	r3, sp, #28
 80007cc:	801a      	strh	r2, [r3, #0]
 80007ce:	233c      	movs	r3, #60	@ 0x3c
 80007d0:	3370      	adds	r3, #112	@ 0x70
 80007d2:	446b      	add	r3, sp
 80007d4:	781a      	ldrb	r2, [r3, #0]
 80007d6:	ab08      	add	r3, sp, #32
 80007d8:	0011      	movs	r1, r2
 80007da:	0018      	movs	r0, r3
 80007dc:	f7ff fe66 	bl	80004ac <mask_refreshing>
 80007e0:	1c03      	adds	r3, r0, #0
 80007e2:	1c1a      	adds	r2, r3, #0
 80007e4:	ab08      	add	r3, sp, #32
 80007e6:	801a      	strh	r2, [r3, #0]
 80007e8:	ab1f      	add	r3, sp, #124	@ 0x7c
 80007ea:	781a      	ldrb	r2, [r3, #0]
 80007ec:	a907      	add	r1, sp, #28
 80007ee:	ab08      	add	r3, sp, #32
 80007f0:	0018      	movs	r0, r3
 80007f2:	f7ff fe8b 	bl	800050c <ISW_AND>
 80007f6:	1c03      	adds	r3, r0, #0
 80007f8:	1c1a      	adds	r2, r3, #0
 80007fa:	ab06      	add	r3, sp, #24
 80007fc:	801a      	strh	r2, [r3, #0]
 80007fe:	ab10      	add	r3, sp, #64	@ 0x40
 8000800:	2102      	movs	r1, #2
 8000802:	0018      	movs	r0, r3
 8000804:	f7ff fdd2 	bl	80003ac <masked_ROL8>
 8000808:	1c03      	adds	r3, r0, #0
 800080a:	1c1a      	adds	r2, r3, #0
 800080c:	ab05      	add	r3, sp, #20
 800080e:	801a      	strh	r2, [r3, #0]
 8000810:	9a01      	ldr	r2, [sp, #4]
 8000812:	ab06      	add	r3, sp, #24
 8000814:	0011      	movs	r1, r2
 8000816:	0018      	movs	r0, r3
 8000818:	f7ff fdfa 	bl	8000410 <masked_xor>
 800081c:	1c03      	adds	r3, r0, #0
 800081e:	1c1a      	adds	r2, r3, #0
 8000820:	ab04      	add	r3, sp, #16
 8000822:	801a      	strh	r2, [r3, #0]
 8000824:	aa05      	add	r2, sp, #20
 8000826:	ab04      	add	r3, sp, #16
 8000828:	0011      	movs	r1, r2
 800082a:	0018      	movs	r0, r3
 800082c:	f7ff fdf0 	bl	8000410 <masked_xor>
 8000830:	1c03      	adds	r3, r0, #0
 8000832:	1c1a      	adds	r2, r3, #0
 8000834:	ab04      	add	r3, sp, #16
 8000836:	801a      	strh	r2, [r3, #0]
 8000838:	232c      	movs	r3, #44	@ 0x2c
 800083a:	3370      	adds	r3, #112	@ 0x70
 800083c:	446b      	add	r3, sp
 800083e:	781a      	ldrb	r2, [r3, #0]
 8000840:	ab23      	add	r3, sp, #140	@ 0x8c
 8000842:	7819      	ldrb	r1, [r3, #0]
 8000844:	ab04      	add	r3, sp, #16
 8000846:	0018      	movs	r0, r3
 8000848:	f7ff fe0e 	bl	8000468 <masked_xor_key>
 800084c:	9a03      	ldr	r2, [sp, #12]
 800084e:	ab0f      	add	r3, sp, #60	@ 0x3c
 8000850:	0010      	movs	r0, r2
 8000852:	0019      	movs	r1, r3
 8000854:	2302      	movs	r3, #2
 8000856:	001a      	movs	r2, r3
 8000858:	f001 feba 	bl	80025d0 <memcpy>
 800085c:	9a02      	ldr	r2, [sp, #8]
 800085e:	ab0a      	add	r3, sp, #40	@ 0x28
 8000860:	0010      	movs	r0, r2
 8000862:	0019      	movs	r1, r3
 8000864:	2302      	movs	r3, #2
 8000866:	001a      	movs	r2, r3
 8000868:	f001 feb2 	bl	80025d0 <memcpy>
 800086c:	9a01      	ldr	r2, [sp, #4]
 800086e:	ab09      	add	r3, sp, #36	@ 0x24
 8000870:	0010      	movs	r0, r2
 8000872:	0019      	movs	r1, r3
 8000874:	2302      	movs	r3, #2
 8000876:	001a      	movs	r2, r3
 8000878:	f001 feaa 	bl	80025d0 <memcpy>
 800087c:	9a00      	ldr	r2, [sp, #0]
 800087e:	ab04      	add	r3, sp, #16
 8000880:	0010      	movs	r0, r2
 8000882:	0019      	movs	r1, r3
 8000884:	2302      	movs	r3, #2
 8000886:	001a      	movs	r2, r3
 8000888:	f001 fea2 	bl	80025d0 <memcpy>
 800088c:	46c0      	nop			@ (mov r8, r8)
 800088e:	b01b      	add	sp, #108	@ 0x6c
 8000890:	bd00      	pop	{pc}
 8000892:	0000      	movs	r0, r0

08000894 <get_pt>:
 8000894:	b5f0      	push	{r4, r5, r6, r7, lr}
 8000896:	b0ad      	sub	sp, #180	@ 0xb4
 8000898:	9011      	str	r0, [sp, #68]	@ 0x44
 800089a:	000a      	movs	r2, r1
 800089c:	2343      	movs	r3, #67	@ 0x43
 800089e:	446b      	add	r3, sp
 80008a0:	701a      	strb	r2, [r3, #0]
 80008a2:	9b11      	ldr	r3, [sp, #68]	@ 0x44
 80008a4:	0018      	movs	r0, r3
 80008a6:	f001 fe3f 	bl	8002528 <aes_indep_enc_pretrigger>
 80008aa:	9b11      	ldr	r3, [sp, #68]	@ 0x44
 80008ac:	781a      	ldrb	r2, [r3, #0]
 80008ae:	239f      	movs	r3, #159	@ 0x9f
 80008b0:	446b      	add	r3, sp
 80008b2:	701a      	strb	r2, [r3, #0]
 80008b4:	9b11      	ldr	r3, [sp, #68]	@ 0x44
 80008b6:	785a      	ldrb	r2, [r3, #1]
 80008b8:	239e      	movs	r3, #158	@ 0x9e
 80008ba:	446b      	add	r3, sp
 80008bc:	701a      	strb	r2, [r3, #0]
 80008be:	9b11      	ldr	r3, [sp, #68]	@ 0x44
 80008c0:	789a      	ldrb	r2, [r3, #2]
 80008c2:	239d      	movs	r3, #157	@ 0x9d
 80008c4:	446b      	add	r3, sp
 80008c6:	701a      	strb	r2, [r3, #0]
 80008c8:	9b11      	ldr	r3, [sp, #68]	@ 0x44
 80008ca:	78da      	ldrb	r2, [r3, #3]
 80008cc:	ab27      	add	r3, sp, #156	@ 0x9c
 80008ce:	701a      	strb	r2, [r3, #0]
 80008d0:	23af      	movs	r3, #175	@ 0xaf
 80008d2:	446b      	add	r3, sp
 80008d4:	9a11      	ldr	r2, [sp, #68]	@ 0x44
 80008d6:	7912      	ldrb	r2, [r2, #4]
 80008d8:	701a      	strb	r2, [r3, #0]
 80008da:	23ae      	movs	r3, #174	@ 0xae
 80008dc:	446b      	add	r3, sp
 80008de:	9a11      	ldr	r2, [sp, #68]	@ 0x44
 80008e0:	7952      	ldrb	r2, [r2, #5]
 80008e2:	701a      	strb	r2, [r3, #0]
 80008e4:	23ad      	movs	r3, #173	@ 0xad
 80008e6:	446b      	add	r3, sp
 80008e8:	9a11      	ldr	r2, [sp, #68]	@ 0x44
 80008ea:	7992      	ldrb	r2, [r2, #6]
 80008ec:	701a      	strb	r2, [r3, #0]
 80008ee:	ab2b      	add	r3, sp, #172	@ 0xac
 80008f0:	9a11      	ldr	r2, [sp, #68]	@ 0x44
 80008f2:	79d2      	ldrb	r2, [r2, #7]
 80008f4:	701a      	strb	r2, [r3, #0]
 80008f6:	23ab      	movs	r3, #171	@ 0xab
 80008f8:	446b      	add	r3, sp
 80008fa:	9a11      	ldr	r2, [sp, #68]	@ 0x44
 80008fc:	7a12      	ldrb	r2, [r2, #8]
 80008fe:	701a      	strb	r2, [r3, #0]
 8000900:	23aa      	movs	r3, #170	@ 0xaa
 8000902:	446b      	add	r3, sp
 8000904:	9a11      	ldr	r2, [sp, #68]	@ 0x44
 8000906:	7a52      	ldrb	r2, [r2, #9]
 8000908:	701a      	strb	r2, [r3, #0]
 800090a:	23a9      	movs	r3, #169	@ 0xa9
 800090c:	446b      	add	r3, sp
 800090e:	9a11      	ldr	r2, [sp, #68]	@ 0x44
 8000910:	7a92      	ldrb	r2, [r2, #10]
 8000912:	701a      	strb	r2, [r3, #0]
 8000914:	ab2a      	add	r3, sp, #168	@ 0xa8
 8000916:	9a11      	ldr	r2, [sp, #68]	@ 0x44
 8000918:	7ad2      	ldrb	r2, [r2, #11]
 800091a:	701a      	strb	r2, [r3, #0]
 800091c:	23a7      	movs	r3, #167	@ 0xa7
 800091e:	446b      	add	r3, sp
 8000920:	9a11      	ldr	r2, [sp, #68]	@ 0x44
 8000922:	7b12      	ldrb	r2, [r2, #12]
 8000924:	701a      	strb	r2, [r3, #0]
 8000926:	23a6      	movs	r3, #166	@ 0xa6
 8000928:	446b      	add	r3, sp
 800092a:	9a11      	ldr	r2, [sp, #68]	@ 0x44
 800092c:	7b52      	ldrb	r2, [r2, #13]
 800092e:	701a      	strb	r2, [r3, #0]
 8000930:	23a5      	movs	r3, #165	@ 0xa5
 8000932:	446b      	add	r3, sp
 8000934:	9a11      	ldr	r2, [sp, #68]	@ 0x44
 8000936:	7b92      	ldrb	r2, [r2, #14]
 8000938:	701a      	strb	r2, [r3, #0]
 800093a:	ab29      	add	r3, sp, #164	@ 0xa4
 800093c:	9a11      	ldr	r2, [sp, #68]	@ 0x44
 800093e:	7bd2      	ldrb	r2, [r2, #15]
 8000940:	701a      	strb	r2, [r3, #0]
 8000942:	23a3      	movs	r3, #163	@ 0xa3
 8000944:	446b      	add	r3, sp
 8000946:	9a11      	ldr	r2, [sp, #68]	@ 0x44
 8000948:	7c12      	ldrb	r2, [r2, #16]
 800094a:	701a      	strb	r2, [r3, #0]
 800094c:	23a2      	movs	r3, #162	@ 0xa2
 800094e:	446b      	add	r3, sp
 8000950:	9a11      	ldr	r2, [sp, #68]	@ 0x44
 8000952:	7c52      	ldrb	r2, [r2, #17]
 8000954:	701a      	strb	r2, [r3, #0]
 8000956:	23a1      	movs	r3, #161	@ 0xa1
 8000958:	446b      	add	r3, sp
 800095a:	9a11      	ldr	r2, [sp, #68]	@ 0x44
 800095c:	7c92      	ldrb	r2, [r2, #18]
 800095e:	701a      	strb	r2, [r3, #0]
 8000960:	ab28      	add	r3, sp, #160	@ 0xa0
 8000962:	9a11      	ldr	r2, [sp, #68]	@ 0x44
 8000964:	7cd2      	ldrb	r2, [r2, #19]
 8000966:	701a      	strb	r2, [r3, #0]
 8000968:	aa17      	add	r2, sp, #92	@ 0x5c
 800096a:	4b5a      	ldr	r3, [pc, #360]	@ (8000ad4 <get_pt+0x240>)
 800096c:	0010      	movs	r0, r2
 800096e:	0019      	movs	r1, r3
 8000970:	2340      	movs	r3, #64	@ 0x40
 8000972:	001a      	movs	r2, r3
 8000974:	f001 fe2c 	bl	80025d0 <memcpy>
 8000978:	ab17      	add	r3, sp, #92	@ 0x5c
 800097a:	781a      	ldrb	r2, [r3, #0]
 800097c:	23a7      	movs	r3, #167	@ 0xa7
 800097e:	446b      	add	r3, sp
 8000980:	781b      	ldrb	r3, [r3, #0]
 8000982:	4053      	eors	r3, r2
 8000984:	b2da      	uxtb	r2, r3
 8000986:	ab17      	add	r3, sp, #92	@ 0x5c
 8000988:	701a      	strb	r2, [r3, #0]
 800098a:	ab17      	add	r3, sp, #92	@ 0x5c
 800098c:	785a      	ldrb	r2, [r3, #1]
 800098e:	23a6      	movs	r3, #166	@ 0xa6
 8000990:	446b      	add	r3, sp
 8000992:	781b      	ldrb	r3, [r3, #0]
 8000994:	4053      	eors	r3, r2
 8000996:	b2da      	uxtb	r2, r3
 8000998:	ab17      	add	r3, sp, #92	@ 0x5c
 800099a:	705a      	strb	r2, [r3, #1]
 800099c:	ab17      	add	r3, sp, #92	@ 0x5c
 800099e:	789a      	ldrb	r2, [r3, #2]
 80009a0:	23a5      	movs	r3, #165	@ 0xa5
 80009a2:	446b      	add	r3, sp
 80009a4:	781b      	ldrb	r3, [r3, #0]
 80009a6:	4053      	eors	r3, r2
 80009a8:	b2da      	uxtb	r2, r3
 80009aa:	ab17      	add	r3, sp, #92	@ 0x5c
 80009ac:	709a      	strb	r2, [r3, #2]
 80009ae:	ab17      	add	r3, sp, #92	@ 0x5c
 80009b0:	78da      	ldrb	r2, [r3, #3]
 80009b2:	ab29      	add	r3, sp, #164	@ 0xa4
 80009b4:	781b      	ldrb	r3, [r3, #0]
 80009b6:	4053      	eors	r3, r2
 80009b8:	b2da      	uxtb	r2, r3
 80009ba:	ab17      	add	r3, sp, #92	@ 0x5c
 80009bc:	70da      	strb	r2, [r3, #3]
 80009be:	239f      	movs	r3, #159	@ 0x9f
 80009c0:	446b      	add	r3, sp
 80009c2:	781b      	ldrb	r3, [r3, #0]
 80009c4:	b2d8      	uxtb	r0, r3
 80009c6:	23ab      	movs	r3, #171	@ 0xab
 80009c8:	446b      	add	r3, sp
 80009ca:	781a      	ldrb	r2, [r3, #0]
 80009cc:	ab16      	add	r3, sp, #88	@ 0x58
 80009ce:	0019      	movs	r1, r3
 80009d0:	f7ff fcce 	bl	8000370 <mask_byte>
 80009d4:	239e      	movs	r3, #158	@ 0x9e
 80009d6:	446b      	add	r3, sp
 80009d8:	781b      	ldrb	r3, [r3, #0]
 80009da:	b2d8      	uxtb	r0, r3
 80009dc:	23aa      	movs	r3, #170	@ 0xaa
 80009de:	446b      	add	r3, sp
 80009e0:	781a      	ldrb	r2, [r3, #0]
 80009e2:	ab15      	add	r3, sp, #84	@ 0x54
 80009e4:	0019      	movs	r1, r3
 80009e6:	f7ff fcc3 	bl	8000370 <mask_byte>
 80009ea:	239d      	movs	r3, #157	@ 0x9d
 80009ec:	446b      	add	r3, sp
 80009ee:	781b      	ldrb	r3, [r3, #0]
 80009f0:	b2d8      	uxtb	r0, r3
 80009f2:	23a9      	movs	r3, #169	@ 0xa9
 80009f4:	446b      	add	r3, sp
 80009f6:	781a      	ldrb	r2, [r3, #0]
 80009f8:	ab14      	add	r3, sp, #80	@ 0x50
 80009fa:	0019      	movs	r1, r3
 80009fc:	f7ff fcb8 	bl	8000370 <mask_byte>
 8000a00:	ab27      	add	r3, sp, #156	@ 0x9c
 8000a02:	781b      	ldrb	r3, [r3, #0]
 8000a04:	b2d8      	uxtb	r0, r3
 8000a06:	ab2a      	add	r3, sp, #168	@ 0xa8
 8000a08:	781a      	ldrb	r2, [r3, #0]
 8000a0a:	ab13      	add	r3, sp, #76	@ 0x4c
 8000a0c:	0019      	movs	r1, r3
 8000a0e:	f7ff fcaf 	bl	8000370 <mask_byte>
 8000a12:	f000 fc57 	bl	80012c4 <trigger_high>
 8000a16:	ab17      	add	r3, sp, #92	@ 0x5c
 8000a18:	781b      	ldrb	r3, [r3, #0]
 8000a1a:	aa17      	add	r2, sp, #92	@ 0x5c
 8000a1c:	7852      	ldrb	r2, [r2, #1]
 8000a1e:	a917      	add	r1, sp, #92	@ 0x5c
 8000a20:	7889      	ldrb	r1, [r1, #2]
 8000a22:	a817      	add	r0, sp, #92	@ 0x5c
 8000a24:	78c0      	ldrb	r0, [r0, #3]
 8000a26:	ac13      	add	r4, sp, #76	@ 0x4c
 8000a28:	46a4      	mov	ip, r4
 8000a2a:	af14      	add	r7, sp, #80	@ 0x50
 8000a2c:	ae15      	add	r6, sp, #84	@ 0x54
 8000a2e:	ad16      	add	r5, sp, #88	@ 0x58
 8000a30:	ac28      	add	r4, sp, #160	@ 0xa0
 8000a32:	7824      	ldrb	r4, [r4, #0]
 8000a34:	940f      	str	r4, [sp, #60]	@ 0x3c
 8000a36:	24a1      	movs	r4, #161	@ 0xa1
 8000a38:	446c      	add	r4, sp
 8000a3a:	7824      	ldrb	r4, [r4, #0]
 8000a3c:	940e      	str	r4, [sp, #56]	@ 0x38
 8000a3e:	24a2      	movs	r4, #162	@ 0xa2
 8000a40:	446c      	add	r4, sp
 8000a42:	7824      	ldrb	r4, [r4, #0]
 8000a44:	940d      	str	r4, [sp, #52]	@ 0x34
 8000a46:	24a3      	movs	r4, #163	@ 0xa3
 8000a48:	446c      	add	r4, sp
 8000a4a:	7824      	ldrb	r4, [r4, #0]
 8000a4c:	940c      	str	r4, [sp, #48]	@ 0x30
 8000a4e:	ac29      	add	r4, sp, #164	@ 0xa4
 8000a50:	7824      	ldrb	r4, [r4, #0]
 8000a52:	940b      	str	r4, [sp, #44]	@ 0x2c
 8000a54:	24a5      	movs	r4, #165	@ 0xa5
 8000a56:	446c      	add	r4, sp
 8000a58:	7824      	ldrb	r4, [r4, #0]
 8000a5a:	940a      	str	r4, [sp, #40]	@ 0x28
 8000a5c:	24a6      	movs	r4, #166	@ 0xa6
 8000a5e:	446c      	add	r4, sp
 8000a60:	7824      	ldrb	r4, [r4, #0]
 8000a62:	9409      	str	r4, [sp, #36]	@ 0x24
 8000a64:	24a7      	movs	r4, #167	@ 0xa7
 8000a66:	446c      	add	r4, sp
 8000a68:	7824      	ldrb	r4, [r4, #0]
 8000a6a:	9408      	str	r4, [sp, #32]
 8000a6c:	9007      	str	r0, [sp, #28]
 8000a6e:	9106      	str	r1, [sp, #24]
 8000a70:	9205      	str	r2, [sp, #20]
 8000a72:	9304      	str	r3, [sp, #16]
 8000a74:	ab2b      	add	r3, sp, #172	@ 0xac
 8000a76:	781b      	ldrb	r3, [r3, #0]
 8000a78:	9303      	str	r3, [sp, #12]
 8000a7a:	23ad      	movs	r3, #173	@ 0xad
 8000a7c:	446b      	add	r3, sp
 8000a7e:	781b      	ldrb	r3, [r3, #0]
 8000a80:	9302      	str	r3, [sp, #8]
 8000a82:	23ae      	movs	r3, #174	@ 0xae
 8000a84:	446b      	add	r3, sp
 8000a86:	781b      	ldrb	r3, [r3, #0]
 8000a88:	9301      	str	r3, [sp, #4]
 8000a8a:	23af      	movs	r3, #175	@ 0xaf
 8000a8c:	446b      	add	r3, sp
 8000a8e:	781b      	ldrb	r3, [r3, #0]
 8000a90:	9300      	str	r3, [sp, #0]
 8000a92:	4663      	mov	r3, ip
 8000a94:	003a      	movs	r2, r7
 8000a96:	0031      	movs	r1, r6
 8000a98:	0028      	movs	r0, r5
 8000a9a:	f7ff fd85 	bl	80005a8 <shadow32_round_masked>
 8000a9e:	2300      	movs	r3, #0
 8000aa0:	9312      	str	r3, [sp, #72]	@ 0x48
 8000aa2:	e003      	b.n	8000aac <get_pt+0x218>
 8000aa4:	46c0      	nop			@ (mov r8, r8)
 8000aa6:	9b12      	ldr	r3, [sp, #72]	@ 0x48
 8000aa8:	3301      	adds	r3, #1
 8000aaa:	9312      	str	r3, [sp, #72]	@ 0x48
 8000aac:	9b12      	ldr	r3, [sp, #72]	@ 0x48
 8000aae:	4a0a      	ldr	r2, [pc, #40]	@ (8000ad8 <get_pt+0x244>)
 8000ab0:	4293      	cmp	r3, r2
 8000ab2:	d9f7      	bls.n	8000aa4 <get_pt+0x210>
 8000ab4:	f000 fc10 	bl	80012d8 <trigger_low>
 8000ab8:	9b11      	ldr	r3, [sp, #68]	@ 0x44
 8000aba:	0018      	movs	r0, r3
 8000abc:	f001 fd39 	bl	8002532 <aes_indep_enc_posttrigger>
 8000ac0:	9b11      	ldr	r3, [sp, #68]	@ 0x44
 8000ac2:	001a      	movs	r2, r3
 8000ac4:	2110      	movs	r1, #16
 8000ac6:	2072      	movs	r0, #114	@ 0x72
 8000ac8:	f000 faa8 	bl	800101c <simpleserial_put>
 8000acc:	2300      	movs	r3, #0
 8000ace:	0018      	movs	r0, r3
 8000ad0:	b02d      	add	sp, #180	@ 0xb4
 8000ad2:	bdf0      	pop	{r4, r5, r6, r7, pc}
 8000ad4:	080025fc 	.word	0x080025fc
 8000ad8:	0000270f 	.word	0x0000270f

08000adc <main>:
 8000adc:	b510      	push	{r4, lr}
 8000ade:	b084      	sub	sp, #16
 8000ae0:	466b      	mov	r3, sp
 8000ae2:	4a0b      	ldr	r2, [pc, #44]	@ (8000b10 <main+0x34>)
 8000ae4:	ca13      	ldmia	r2!, {r0, r1, r4}
 8000ae6:	c313      	stmia	r3!, {r0, r1, r4}
 8000ae8:	6812      	ldr	r2, [r2, #0]
 8000aea:	601a      	str	r2, [r3, #0]
 8000aec:	f000 fad8 	bl	80010a0 <platform_init>
 8000af0:	f000 fb22 	bl	8001138 <init_uart>
 8000af4:	f000 fb82 	bl	80011fc <trigger_setup>
 8000af8:	f000 f95a 	bl	8000db0 <simpleserial_init>
 8000afc:	4b05      	ldr	r3, [pc, #20]	@ (8000b14 <main+0x38>)
 8000afe:	001a      	movs	r2, r3
 8000b00:	2114      	movs	r1, #20
 8000b02:	2070      	movs	r0, #112	@ 0x70
 8000b04:	f000 f970 	bl	8000de8 <simpleserial_addcmd>
 8000b08:	f000 f9c8 	bl	8000e9c <simpleserial_get>
 8000b0c:	e7fc      	b.n	8000b08 <main+0x2c>
 8000b0e:	46c0      	nop			@ (mov r8, r8)
 8000b10:	0800263c 	.word	0x0800263c
 8000b14:	08000895 	.word	0x08000895

08000b18 <check_version>:
 8000b18:	b082      	sub	sp, #8
 8000b1a:	9001      	str	r0, [sp, #4]
 8000b1c:	000a      	movs	r2, r1
 8000b1e:	466b      	mov	r3, sp
 8000b20:	3303      	adds	r3, #3
 8000b22:	701a      	strb	r2, [r3, #0]
 8000b24:	2301      	movs	r3, #1
 8000b26:	0018      	movs	r0, r3
 8000b28:	b002      	add	sp, #8
 8000b2a:	4770      	bx	lr

08000b2c <ss_num_commands>:
 8000b2c:	b500      	push	{lr}
 8000b2e:	b085      	sub	sp, #20
 8000b30:	9001      	str	r0, [sp, #4]
 8000b32:	000a      	movs	r2, r1
 8000b34:	466b      	mov	r3, sp
 8000b36:	3303      	adds	r3, #3
 8000b38:	701a      	strb	r2, [r3, #0]
 8000b3a:	4b08      	ldr	r3, [pc, #32]	@ (8000b5c <ss_num_commands+0x30>)
 8000b3c:	681b      	ldr	r3, [r3, #0]
 8000b3e:	b2da      	uxtb	r2, r3
 8000b40:	230f      	movs	r3, #15
 8000b42:	446b      	add	r3, sp
 8000b44:	701a      	strb	r2, [r3, #0]
 8000b46:	230f      	movs	r3, #15
 8000b48:	446b      	add	r3, sp
 8000b4a:	001a      	movs	r2, r3
 8000b4c:	2101      	movs	r1, #1
 8000b4e:	2072      	movs	r0, #114	@ 0x72
 8000b50:	f000 fa64 	bl	800101c <simpleserial_put>
 8000b54:	2300      	movs	r3, #0
 8000b56:	0018      	movs	r0, r3
 8000b58:	b005      	add	sp, #20
 8000b5a:	bd00      	pop	{pc}
 8000b5c:	20000014 	.word	0x20000014

08000b60 <ss_get_commands>:
 8000b60:	b500      	push	{lr}
 8000b62:	b09d      	sub	sp, #116	@ 0x74
 8000b64:	9001      	str	r0, [sp, #4]
 8000b66:	000a      	movs	r2, r1
 8000b68:	466b      	mov	r3, sp
 8000b6a:	3303      	adds	r3, #3
 8000b6c:	701a      	strb	r2, [r3, #0]
 8000b6e:	236f      	movs	r3, #111	@ 0x6f
 8000b70:	446b      	add	r3, sp
 8000b72:	2200      	movs	r2, #0
 8000b74:	701a      	strb	r2, [r3, #0]
 8000b76:	e03c      	b.n	8000bf2 <ss_get_commands+0x92>
 8000b78:	236f      	movs	r3, #111	@ 0x6f
 8000b7a:	446b      	add	r3, sp
 8000b7c:	7819      	ldrb	r1, [r3, #0]
 8000b7e:	236f      	movs	r3, #111	@ 0x6f
 8000b80:	446b      	add	r3, sp
 8000b82:	781a      	ldrb	r2, [r3, #0]
 8000b84:	4b28      	ldr	r3, [pc, #160]	@ (8000c28 <ss_get_commands+0xc8>)
 8000b86:	0109      	lsls	r1, r1, #4
 8000b88:	5cc8      	ldrb	r0, [r1, r3]
 8000b8a:	a903      	add	r1, sp, #12
 8000b8c:	0013      	movs	r3, r2
 8000b8e:	005b      	lsls	r3, r3, #1
 8000b90:	189b      	adds	r3, r3, r2
 8000b92:	1c02      	adds	r2, r0, #0
 8000b94:	545a      	strb	r2, [r3, r1]
 8000b96:	236f      	movs	r3, #111	@ 0x6f
 8000b98:	446b      	add	r3, sp
 8000b9a:	781b      	ldrb	r3, [r3, #0]
 8000b9c:	4a22      	ldr	r2, [pc, #136]	@ (8000c28 <ss_get_commands+0xc8>)
 8000b9e:	011b      	lsls	r3, r3, #4
 8000ba0:	18d3      	adds	r3, r2, r3
 8000ba2:	3304      	adds	r3, #4
 8000ba4:	6819      	ldr	r1, [r3, #0]
 8000ba6:	236f      	movs	r3, #111	@ 0x6f
 8000ba8:	446b      	add	r3, sp
 8000baa:	781a      	ldrb	r2, [r3, #0]
 8000bac:	b2c8      	uxtb	r0, r1
 8000bae:	a903      	add	r1, sp, #12
 8000bb0:	0013      	movs	r3, r2
 8000bb2:	005b      	lsls	r3, r3, #1
 8000bb4:	189b      	adds	r3, r3, r2
 8000bb6:	18cb      	adds	r3, r1, r3
 8000bb8:	3301      	adds	r3, #1
 8000bba:	1c02      	adds	r2, r0, #0
 8000bbc:	701a      	strb	r2, [r3, #0]
 8000bbe:	236f      	movs	r3, #111	@ 0x6f
 8000bc0:	446b      	add	r3, sp
 8000bc2:	781b      	ldrb	r3, [r3, #0]
 8000bc4:	226f      	movs	r2, #111	@ 0x6f
 8000bc6:	446a      	add	r2, sp
 8000bc8:	7812      	ldrb	r2, [r2, #0]
 8000bca:	4917      	ldr	r1, [pc, #92]	@ (8000c28 <ss_get_commands+0xc8>)
 8000bcc:	011b      	lsls	r3, r3, #4
 8000bce:	18cb      	adds	r3, r1, r3
 8000bd0:	330c      	adds	r3, #12
 8000bd2:	7818      	ldrb	r0, [r3, #0]
 8000bd4:	a903      	add	r1, sp, #12
 8000bd6:	0013      	movs	r3, r2
 8000bd8:	005b      	lsls	r3, r3, #1
 8000bda:	189b      	adds	r3, r3, r2
 8000bdc:	18cb      	adds	r3, r1, r3
 8000bde:	3302      	adds	r3, #2
 8000be0:	1c02      	adds	r2, r0, #0
 8000be2:	701a      	strb	r2, [r3, #0]
 8000be4:	236f      	movs	r3, #111	@ 0x6f
 8000be6:	446b      	add	r3, sp
 8000be8:	781a      	ldrb	r2, [r3, #0]
 8000bea:	236f      	movs	r3, #111	@ 0x6f
 8000bec:	446b      	add	r3, sp
 8000bee:	3201      	adds	r2, #1
 8000bf0:	701a      	strb	r2, [r3, #0]
 8000bf2:	236f      	movs	r3, #111	@ 0x6f
 8000bf4:	446b      	add	r3, sp
 8000bf6:	781a      	ldrb	r2, [r3, #0]
 8000bf8:	4b0c      	ldr	r3, [pc, #48]	@ (8000c2c <ss_get_commands+0xcc>)
 8000bfa:	681b      	ldr	r3, [r3, #0]
 8000bfc:	21ff      	movs	r1, #255	@ 0xff
 8000bfe:	400b      	ands	r3, r1
 8000c00:	429a      	cmp	r2, r3
 8000c02:	dbb9      	blt.n	8000b78 <ss_get_commands+0x18>
 8000c04:	4b09      	ldr	r3, [pc, #36]	@ (8000c2c <ss_get_commands+0xcc>)
 8000c06:	681b      	ldr	r3, [r3, #0]
 8000c08:	b2db      	uxtb	r3, r3
 8000c0a:	1c1a      	adds	r2, r3, #0
 8000c0c:	1c13      	adds	r3, r2, #0
 8000c0e:	18db      	adds	r3, r3, r3
 8000c10:	189b      	adds	r3, r3, r2
 8000c12:	b2db      	uxtb	r3, r3
 8000c14:	aa03      	add	r2, sp, #12
 8000c16:	0019      	movs	r1, r3
 8000c18:	2072      	movs	r0, #114	@ 0x72
 8000c1a:	f000 f9ff 	bl	800101c <simpleserial_put>
 8000c1e:	2300      	movs	r3, #0
 8000c20:	0018      	movs	r0, r3
 8000c22:	b01d      	add	sp, #116	@ 0x74
 8000c24:	bd00      	pop	{pc}
 8000c26:	46c0      	nop			@ (mov r8, r8)
 8000c28:	20000018 	.word	0x20000018
 8000c2c:	20000014 	.word	0x20000014

08000c30 <hex_decode>:
 8000c30:	b086      	sub	sp, #24
 8000c32:	9003      	str	r0, [sp, #12]
 8000c34:	9102      	str	r1, [sp, #8]
 8000c36:	9201      	str	r2, [sp, #4]
 8000c38:	2300      	movs	r3, #0
 8000c3a:	9305      	str	r3, [sp, #20]
 8000c3c:	e0ae      	b.n	8000d9c <hex_decode+0x16c>
 8000c3e:	9b05      	ldr	r3, [sp, #20]
 8000c40:	005b      	lsls	r3, r3, #1
 8000c42:	001a      	movs	r2, r3
 8000c44:	9b02      	ldr	r3, [sp, #8]
 8000c46:	189a      	adds	r2, r3, r2
 8000c48:	2313      	movs	r3, #19
 8000c4a:	446b      	add	r3, sp
 8000c4c:	7812      	ldrb	r2, [r2, #0]
 8000c4e:	701a      	strb	r2, [r3, #0]
 8000c50:	9b05      	ldr	r3, [sp, #20]
 8000c52:	005b      	lsls	r3, r3, #1
 8000c54:	3301      	adds	r3, #1
 8000c56:	9a02      	ldr	r2, [sp, #8]
 8000c58:	18d2      	adds	r2, r2, r3
 8000c5a:	2312      	movs	r3, #18
 8000c5c:	446b      	add	r3, sp
 8000c5e:	7812      	ldrb	r2, [r2, #0]
 8000c60:	701a      	strb	r2, [r3, #0]
 8000c62:	2312      	movs	r3, #18
 8000c64:	446b      	add	r3, sp
 8000c66:	781b      	ldrb	r3, [r3, #0]
 8000c68:	2b2f      	cmp	r3, #47	@ 0x2f
 8000c6a:	d90e      	bls.n	8000c8a <hex_decode+0x5a>
 8000c6c:	2312      	movs	r3, #18
 8000c6e:	446b      	add	r3, sp
 8000c70:	781b      	ldrb	r3, [r3, #0]
 8000c72:	2b39      	cmp	r3, #57	@ 0x39
 8000c74:	d809      	bhi.n	8000c8a <hex_decode+0x5a>
 8000c76:	9b05      	ldr	r3, [sp, #20]
 8000c78:	9a01      	ldr	r2, [sp, #4]
 8000c7a:	18d3      	adds	r3, r2, r3
 8000c7c:	2212      	movs	r2, #18
 8000c7e:	446a      	add	r2, sp
 8000c80:	7812      	ldrb	r2, [r2, #0]
 8000c82:	3a30      	subs	r2, #48	@ 0x30
 8000c84:	b2d2      	uxtb	r2, r2
 8000c86:	701a      	strb	r2, [r3, #0]
 8000c88:	e029      	b.n	8000cde <hex_decode+0xae>
 8000c8a:	2312      	movs	r3, #18
 8000c8c:	446b      	add	r3, sp
 8000c8e:	781b      	ldrb	r3, [r3, #0]
 8000c90:	2b40      	cmp	r3, #64	@ 0x40
 8000c92:	d90e      	bls.n	8000cb2 <hex_decode+0x82>
 8000c94:	2312      	movs	r3, #18
 8000c96:	446b      	add	r3, sp
 8000c98:	781b      	ldrb	r3, [r3, #0]
 8000c9a:	2b46      	cmp	r3, #70	@ 0x46
 8000c9c:	d809      	bhi.n	8000cb2 <hex_decode+0x82>
 8000c9e:	9b05      	ldr	r3, [sp, #20]
 8000ca0:	9a01      	ldr	r2, [sp, #4]
 8000ca2:	18d3      	adds	r3, r2, r3
 8000ca4:	2212      	movs	r2, #18
 8000ca6:	446a      	add	r2, sp
 8000ca8:	7812      	ldrb	r2, [r2, #0]
 8000caa:	3a37      	subs	r2, #55	@ 0x37
 8000cac:	b2d2      	uxtb	r2, r2
 8000cae:	701a      	strb	r2, [r3, #0]
 8000cb0:	e015      	b.n	8000cde <hex_decode+0xae>
 8000cb2:	2312      	movs	r3, #18
 8000cb4:	446b      	add	r3, sp
 8000cb6:	781b      	ldrb	r3, [r3, #0]
 8000cb8:	2b60      	cmp	r3, #96	@ 0x60
 8000cba:	d90e      	bls.n	8000cda <hex_decode+0xaa>
 8000cbc:	2312      	movs	r3, #18
 8000cbe:	446b      	add	r3, sp
 8000cc0:	781b      	ldrb	r3, [r3, #0]
 8000cc2:	2b66      	cmp	r3, #102	@ 0x66
 8000cc4:	d809      	bhi.n	8000cda <hex_decode+0xaa>
 8000cc6:	9b05      	ldr	r3, [sp, #20]
 8000cc8:	9a01      	ldr	r2, [sp, #4]
 8000cca:	18d3      	adds	r3, r2, r3
 8000ccc:	2212      	movs	r2, #18
 8000cce:	446a      	add	r2, sp
 8000cd0:	7812      	ldrb	r2, [r2, #0]
 8000cd2:	3a57      	subs	r2, #87	@ 0x57
 8000cd4:	b2d2      	uxtb	r2, r2
 8000cd6:	701a      	strb	r2, [r3, #0]
 8000cd8:	e001      	b.n	8000cde <hex_decode+0xae>
 8000cda:	2301      	movs	r3, #1
 8000cdc:	e064      	b.n	8000da8 <hex_decode+0x178>
 8000cde:	2313      	movs	r3, #19
 8000ce0:	446b      	add	r3, sp
 8000ce2:	781b      	ldrb	r3, [r3, #0]
 8000ce4:	2b2f      	cmp	r3, #47	@ 0x2f
 8000ce6:	d918      	bls.n	8000d1a <hex_decode+0xea>
 8000ce8:	2313      	movs	r3, #19
 8000cea:	446b      	add	r3, sp
 8000cec:	781b      	ldrb	r3, [r3, #0]
 8000cee:	2b39      	cmp	r3, #57	@ 0x39
 8000cf0:	d813      	bhi.n	8000d1a <hex_decode+0xea>
 8000cf2:	9b05      	ldr	r3, [sp, #20]
 8000cf4:	9a01      	ldr	r2, [sp, #4]
 8000cf6:	18d3      	adds	r3, r2, r3
 8000cf8:	781b      	ldrb	r3, [r3, #0]
 8000cfa:	b25a      	sxtb	r2, r3
 8000cfc:	2313      	movs	r3, #19
 8000cfe:	446b      	add	r3, sp
 8000d00:	781b      	ldrb	r3, [r3, #0]
 8000d02:	3b30      	subs	r3, #48	@ 0x30
 8000d04:	b25b      	sxtb	r3, r3
 8000d06:	011b      	lsls	r3, r3, #4
 8000d08:	b25b      	sxtb	r3, r3
 8000d0a:	4313      	orrs	r3, r2
 8000d0c:	b259      	sxtb	r1, r3
 8000d0e:	9b05      	ldr	r3, [sp, #20]
 8000d10:	9a01      	ldr	r2, [sp, #4]
 8000d12:	18d3      	adds	r3, r2, r3
 8000d14:	b2ca      	uxtb	r2, r1
 8000d16:	701a      	strb	r2, [r3, #0]
 8000d18:	e03d      	b.n	8000d96 <hex_decode+0x166>
 8000d1a:	2313      	movs	r3, #19
 8000d1c:	446b      	add	r3, sp
 8000d1e:	781b      	ldrb	r3, [r3, #0]
 8000d20:	2b40      	cmp	r3, #64	@ 0x40
 8000d22:	d918      	bls.n	8000d56 <hex_decode+0x126>
 8000d24:	2313      	movs	r3, #19
 8000d26:	446b      	add	r3, sp
 8000d28:	781b      	ldrb	r3, [r3, #0]
 8000d2a:	2b46      	cmp	r3, #70	@ 0x46
 8000d2c:	d813      	bhi.n	8000d56 <hex_decode+0x126>
 8000d2e:	9b05      	ldr	r3, [sp, #20]
 8000d30:	9a01      	ldr	r2, [sp, #4]
 8000d32:	18d3      	adds	r3, r2, r3
 8000d34:	781b      	ldrb	r3, [r3, #0]
 8000d36:	b25a      	sxtb	r2, r3
 8000d38:	2313      	movs	r3, #19
 8000d3a:	446b      	add	r3, sp
 8000d3c:	781b      	ldrb	r3, [r3, #0]
 8000d3e:	3b37      	subs	r3, #55	@ 0x37
 8000d40:	b25b      	sxtb	r3, r3
 8000d42:	011b      	lsls	r3, r3, #4
 8000d44:	b25b      	sxtb	r3, r3
 8000d46:	4313      	orrs	r3, r2
 8000d48:	b259      	sxtb	r1, r3
 8000d4a:	9b05      	ldr	r3, [sp, #20]
 8000d4c:	9a01      	ldr	r2, [sp, #4]
 8000d4e:	18d3      	adds	r3, r2, r3
 8000d50:	b2ca      	uxtb	r2, r1
 8000d52:	701a      	strb	r2, [r3, #0]
 8000d54:	e01f      	b.n	8000d96 <hex_decode+0x166>
 8000d56:	2313      	movs	r3, #19
 8000d58:	446b      	add	r3, sp
 8000d5a:	781b      	ldrb	r3, [r3, #0]
 8000d5c:	2b60      	cmp	r3, #96	@ 0x60
 8000d5e:	d918      	bls.n	8000d92 <hex_decode+0x162>
 8000d60:	2313      	movs	r3, #19
 8000d62:	446b      	add	r3, sp
 8000d64:	781b      	ldrb	r3, [r3, #0]
 8000d66:	2b66      	cmp	r3, #102	@ 0x66
 8000d68:	d813      	bhi.n	8000d92 <hex_decode+0x162>
 8000d6a:	9b05      	ldr	r3, [sp, #20]
 8000d6c:	9a01      	ldr	r2, [sp, #4]
 8000d6e:	18d3      	adds	r3, r2, r3
 8000d70:	781b      	ldrb	r3, [r3, #0]
 8000d72:	b25a      	sxtb	r2, r3
 8000d74:	2313      	movs	r3, #19
 8000d76:	446b      	add	r3, sp
 8000d78:	781b      	ldrb	r3, [r3, #0]
 8000d7a:	3b57      	subs	r3, #87	@ 0x57
 8000d7c:	b25b      	sxtb	r3, r3
 8000d7e:	011b      	lsls	r3, r3, #4
 8000d80:	b25b      	sxtb	r3, r3
 8000d82:	4313      	orrs	r3, r2
 8000d84:	b259      	sxtb	r1, r3
 8000d86:	9b05      	ldr	r3, [sp, #20]
 8000d88:	9a01      	ldr	r2, [sp, #4]
 8000d8a:	18d3      	adds	r3, r2, r3
 8000d8c:	b2ca      	uxtb	r2, r1
 8000d8e:	701a      	strb	r2, [r3, #0]
 8000d90:	e001      	b.n	8000d96 <hex_decode+0x166>
 8000d92:	2301      	movs	r3, #1
 8000d94:	e008      	b.n	8000da8 <hex_decode+0x178>
 8000d96:	9b05      	ldr	r3, [sp, #20]
 8000d98:	3301      	adds	r3, #1
 8000d9a:	9305      	str	r3, [sp, #20]
 8000d9c:	9a05      	ldr	r2, [sp, #20]
 8000d9e:	9b03      	ldr	r3, [sp, #12]
 8000da0:	429a      	cmp	r2, r3
 8000da2:	da00      	bge.n	8000da6 <hex_decode+0x176>
 8000da4:	e74b      	b.n	8000c3e <hex_decode+0xe>
 8000da6:	2300      	movs	r3, #0
 8000da8:	0018      	movs	r0, r3
 8000daa:	b006      	add	sp, #24
 8000dac:	4770      	bx	lr
 8000dae:	0000      	movs	r0, r0

08000db0 <simpleserial_init>:
 8000db0:	b510      	push	{r4, lr}
 8000db2:	4b0a      	ldr	r3, [pc, #40]	@ (8000ddc <simpleserial_init+0x2c>)
 8000db4:	001a      	movs	r2, r3
 8000db6:	2100      	movs	r1, #0
 8000db8:	2076      	movs	r0, #118	@ 0x76
 8000dba:	f000 f815 	bl	8000de8 <simpleserial_addcmd>
 8000dbe:	4b08      	ldr	r3, [pc, #32]	@ (8000de0 <simpleserial_init+0x30>)
 8000dc0:	001a      	movs	r2, r3
 8000dc2:	2100      	movs	r1, #0
 8000dc4:	2077      	movs	r0, #119	@ 0x77
 8000dc6:	f000 f80f 	bl	8000de8 <simpleserial_addcmd>
 8000dca:	4b06      	ldr	r3, [pc, #24]	@ (8000de4 <simpleserial_init+0x34>)
 8000dcc:	001a      	movs	r2, r3
 8000dce:	2100      	movs	r1, #0
 8000dd0:	2079      	movs	r0, #121	@ 0x79
 8000dd2:	f000 f809 	bl	8000de8 <simpleserial_addcmd>
 8000dd6:	46c0      	nop			@ (mov r8, r8)
 8000dd8:	bd10      	pop	{r4, pc}
 8000dda:	46c0      	nop			@ (mov r8, r8)
 8000ddc:	08000b19 	.word	0x08000b19
 8000de0:	08000b61 	.word	0x08000b61
 8000de4:	08000b2d 	.word	0x08000b2d

08000de8 <simpleserial_addcmd>:
 8000de8:	b500      	push	{lr}
 8000dea:	b085      	sub	sp, #20
 8000dec:	9102      	str	r1, [sp, #8]
 8000dee:	9201      	str	r2, [sp, #4]
 8000df0:	230f      	movs	r3, #15
 8000df2:	446b      	add	r3, sp
 8000df4:	1c02      	adds	r2, r0, #0
 8000df6:	701a      	strb	r2, [r3, #0]
 8000df8:	9a01      	ldr	r2, [sp, #4]
 8000dfa:	9902      	ldr	r1, [sp, #8]
 8000dfc:	230f      	movs	r3, #15
 8000dfe:	446b      	add	r3, sp
 8000e00:	7818      	ldrb	r0, [r3, #0]
 8000e02:	2300      	movs	r3, #0
 8000e04:	f000 f804 	bl	8000e10 <simpleserial_addcmd_flags>
 8000e08:	0003      	movs	r3, r0
 8000e0a:	0018      	movs	r0, r3
 8000e0c:	b005      	add	sp, #20
 8000e0e:	bd00      	pop	{pc}

08000e10 <simpleserial_addcmd_flags>:
 8000e10:	b084      	sub	sp, #16
 8000e12:	9102      	str	r1, [sp, #8]
 8000e14:	9201      	str	r2, [sp, #4]
 8000e16:	0019      	movs	r1, r3
 8000e18:	230f      	movs	r3, #15
 8000e1a:	446b      	add	r3, sp
 8000e1c:	1c02      	adds	r2, r0, #0
 8000e1e:	701a      	strb	r2, [r3, #0]
 8000e20:	230e      	movs	r3, #14
 8000e22:	446b      	add	r3, sp
 8000e24:	1c0a      	adds	r2, r1, #0
 8000e26:	701a      	strb	r2, [r3, #0]
 8000e28:	4b1a      	ldr	r3, [pc, #104]	@ (8000e94 <simpleserial_addcmd_flags+0x84>)
 8000e2a:	681b      	ldr	r3, [r3, #0]
 8000e2c:	2b1f      	cmp	r3, #31
 8000e2e:	dd01      	ble.n	8000e34 <simpleserial_addcmd_flags+0x24>
 8000e30:	2301      	movs	r3, #1
 8000e32:	e02c      	b.n	8000e8e <simpleserial_addcmd_flags+0x7e>
 8000e34:	9b02      	ldr	r3, [sp, #8]
 8000e36:	2b3f      	cmp	r3, #63	@ 0x3f
 8000e38:	d901      	bls.n	8000e3e <simpleserial_addcmd_flags+0x2e>
 8000e3a:	2301      	movs	r3, #1
 8000e3c:	e027      	b.n	8000e8e <simpleserial_addcmd_flags+0x7e>
 8000e3e:	4b15      	ldr	r3, [pc, #84]	@ (8000e94 <simpleserial_addcmd_flags+0x84>)
 8000e40:	681a      	ldr	r2, [r3, #0]
 8000e42:	4b15      	ldr	r3, [pc, #84]	@ (8000e98 <simpleserial_addcmd_flags+0x88>)
 8000e44:	0112      	lsls	r2, r2, #4
 8000e46:	210f      	movs	r1, #15
 8000e48:	4469      	add	r1, sp
 8000e4a:	7809      	ldrb	r1, [r1, #0]
 8000e4c:	54d1      	strb	r1, [r2, r3]
 8000e4e:	4b11      	ldr	r3, [pc, #68]	@ (8000e94 <simpleserial_addcmd_flags+0x84>)
 8000e50:	681b      	ldr	r3, [r3, #0]
 8000e52:	4a11      	ldr	r2, [pc, #68]	@ (8000e98 <simpleserial_addcmd_flags+0x88>)
 8000e54:	011b      	lsls	r3, r3, #4
 8000e56:	18d3      	adds	r3, r2, r3
 8000e58:	3304      	adds	r3, #4
 8000e5a:	9a02      	ldr	r2, [sp, #8]
 8000e5c:	601a      	str	r2, [r3, #0]
 8000e5e:	4b0d      	ldr	r3, [pc, #52]	@ (8000e94 <simpleserial_addcmd_flags+0x84>)
 8000e60:	681b      	ldr	r3, [r3, #0]
 8000e62:	4a0d      	ldr	r2, [pc, #52]	@ (8000e98 <simpleserial_addcmd_flags+0x88>)
 8000e64:	011b      	lsls	r3, r3, #4
 8000e66:	18d3      	adds	r3, r2, r3
 8000e68:	3308      	adds	r3, #8
 8000e6a:	9a01      	ldr	r2, [sp, #4]
 8000e6c:	601a      	str	r2, [r3, #0]
 8000e6e:	4b09      	ldr	r3, [pc, #36]	@ (8000e94 <simpleserial_addcmd_flags+0x84>)
 8000e70:	681b      	ldr	r3, [r3, #0]
 8000e72:	4a09      	ldr	r2, [pc, #36]	@ (8000e98 <simpleserial_addcmd_flags+0x88>)
 8000e74:	011b      	lsls	r3, r3, #4
 8000e76:	18d3      	adds	r3, r2, r3
 8000e78:	330c      	adds	r3, #12
 8000e7a:	220e      	movs	r2, #14
 8000e7c:	446a      	add	r2, sp
 8000e7e:	7812      	ldrb	r2, [r2, #0]
 8000e80:	701a      	strb	r2, [r3, #0]
 8000e82:	4b04      	ldr	r3, [pc, #16]	@ (8000e94 <simpleserial_addcmd_flags+0x84>)
 8000e84:	681b      	ldr	r3, [r3, #0]
 8000e86:	1c5a      	adds	r2, r3, #1
 8000e88:	4b02      	ldr	r3, [pc, #8]	@ (8000e94 <simpleserial_addcmd_flags+0x84>)
 8000e8a:	601a      	str	r2, [r3, #0]
 8000e8c:	2300      	movs	r3, #0
 8000e8e:	0018      	movs	r0, r3
 8000e90:	b004      	add	sp, #16
 8000e92:	4770      	bx	lr
 8000e94:	20000014 	.word	0x20000014
 8000e98:	20000018 	.word	0x20000018

08000e9c <simpleserial_get>:
 8000e9c:	b510      	push	{r4, lr}
 8000e9e:	b0b6      	sub	sp, #216	@ 0xd8
 8000ea0:	24cf      	movs	r4, #207	@ 0xcf
 8000ea2:	446c      	add	r4, sp
 8000ea4:	f000 fa22 	bl	80012ec <getch>
 8000ea8:	0003      	movs	r3, r0
 8000eaa:	7023      	strb	r3, [r4, #0]
 8000eac:	2300      	movs	r3, #0
 8000eae:	9335      	str	r3, [sp, #212]	@ 0xd4
 8000eb0:	e00b      	b.n	8000eca <simpleserial_get+0x2e>
 8000eb2:	4b58      	ldr	r3, [pc, #352]	@ (8001014 <simpleserial_get+0x178>)
 8000eb4:	9a35      	ldr	r2, [sp, #212]	@ 0xd4
 8000eb6:	0112      	lsls	r2, r2, #4
 8000eb8:	5cd3      	ldrb	r3, [r2, r3]
 8000eba:	22cf      	movs	r2, #207	@ 0xcf
 8000ebc:	446a      	add	r2, sp
 8000ebe:	7812      	ldrb	r2, [r2, #0]
 8000ec0:	429a      	cmp	r2, r3
 8000ec2:	d008      	beq.n	8000ed6 <simpleserial_get+0x3a>
 8000ec4:	9b35      	ldr	r3, [sp, #212]	@ 0xd4
 8000ec6:	3301      	adds	r3, #1
 8000ec8:	9335      	str	r3, [sp, #212]	@ 0xd4
 8000eca:	4b53      	ldr	r3, [pc, #332]	@ (8001018 <simpleserial_get+0x17c>)
 8000ecc:	681b      	ldr	r3, [r3, #0]
 8000ece:	9a35      	ldr	r2, [sp, #212]	@ 0xd4
 8000ed0:	429a      	cmp	r2, r3
 8000ed2:	dbee      	blt.n	8000eb2 <simpleserial_get+0x16>
 8000ed4:	e000      	b.n	8000ed8 <simpleserial_get+0x3c>
 8000ed6:	46c0      	nop			@ (mov r8, r8)
 8000ed8:	4b4f      	ldr	r3, [pc, #316]	@ (8001018 <simpleserial_get+0x17c>)
 8000eda:	681b      	ldr	r3, [r3, #0]
 8000edc:	9a35      	ldr	r2, [sp, #212]	@ 0xd4
 8000ede:	429a      	cmp	r2, r3
 8000ee0:	d100      	bne.n	8000ee4 <simpleserial_get+0x48>
 8000ee2:	e08c      	b.n	8000ffe <simpleserial_get+0x162>
 8000ee4:	4a4b      	ldr	r2, [pc, #300]	@ (8001014 <simpleserial_get+0x178>)
 8000ee6:	9b35      	ldr	r3, [sp, #212]	@ 0xd4
 8000ee8:	011b      	lsls	r3, r3, #4
 8000eea:	18d3      	adds	r3, r2, r3
 8000eec:	330c      	adds	r3, #12
 8000eee:	781b      	ldrb	r3, [r3, #0]
 8000ef0:	001a      	movs	r2, r3
 8000ef2:	2301      	movs	r3, #1
 8000ef4:	4013      	ands	r3, r2
 8000ef6:	d022      	beq.n	8000f3e <simpleserial_get+0xa2>
 8000ef8:	466b      	mov	r3, sp
 8000efa:	3307      	adds	r3, #7
 8000efc:	2200      	movs	r2, #0
 8000efe:	701a      	strb	r2, [r3, #0]
 8000f00:	f000 f9f4 	bl	80012ec <getch>
 8000f04:	0003      	movs	r3, r0
 8000f06:	001a      	movs	r2, r3
 8000f08:	ab01      	add	r3, sp, #4
 8000f0a:	701a      	strb	r2, [r3, #0]
 8000f0c:	f000 f9ee 	bl	80012ec <getch>
 8000f10:	0003      	movs	r3, r0
 8000f12:	001a      	movs	r2, r3
 8000f14:	ab01      	add	r3, sp, #4
 8000f16:	705a      	strb	r2, [r3, #1]
 8000f18:	466b      	mov	r3, sp
 8000f1a:	1dda      	adds	r2, r3, #7
 8000f1c:	ab01      	add	r3, sp, #4
 8000f1e:	0019      	movs	r1, r3
 8000f20:	2001      	movs	r0, #1
 8000f22:	f7ff fe85 	bl	8000c30 <hex_decode>
 8000f26:	1e03      	subs	r3, r0, #0
 8000f28:	d16b      	bne.n	8001002 <simpleserial_get+0x166>
 8000f2a:	466b      	mov	r3, sp
 8000f2c:	3307      	adds	r3, #7
 8000f2e:	781b      	ldrb	r3, [r3, #0]
 8000f30:	0019      	movs	r1, r3
 8000f32:	4a38      	ldr	r2, [pc, #224]	@ (8001014 <simpleserial_get+0x178>)
 8000f34:	9b35      	ldr	r3, [sp, #212]	@ 0xd4
 8000f36:	011b      	lsls	r3, r3, #4
 8000f38:	18d3      	adds	r3, r2, r3
 8000f3a:	3304      	adds	r3, #4
 8000f3c:	6019      	str	r1, [r3, #0]
 8000f3e:	2300      	movs	r3, #0
 8000f40:	9334      	str	r3, [sp, #208]	@ 0xd0
 8000f42:	e019      	b.n	8000f78 <simpleserial_get+0xdc>
 8000f44:	24cf      	movs	r4, #207	@ 0xcf
 8000f46:	446c      	add	r4, sp
 8000f48:	f000 f9d0 	bl	80012ec <getch>
 8000f4c:	0003      	movs	r3, r0
 8000f4e:	7023      	strb	r3, [r4, #0]
 8000f50:	23cf      	movs	r3, #207	@ 0xcf
 8000f52:	446b      	add	r3, sp
 8000f54:	781b      	ldrb	r3, [r3, #0]
 8000f56:	2b0a      	cmp	r3, #10
 8000f58:	d055      	beq.n	8001006 <simpleserial_get+0x16a>
 8000f5a:	23cf      	movs	r3, #207	@ 0xcf
 8000f5c:	446b      	add	r3, sp
 8000f5e:	781b      	ldrb	r3, [r3, #0]
 8000f60:	2b0d      	cmp	r3, #13
 8000f62:	d050      	beq.n	8001006 <simpleserial_get+0x16a>
 8000f64:	aa13      	add	r2, sp, #76	@ 0x4c
 8000f66:	9b34      	ldr	r3, [sp, #208]	@ 0xd0
 8000f68:	18d3      	adds	r3, r2, r3
 8000f6a:	22cf      	movs	r2, #207	@ 0xcf
 8000f6c:	446a      	add	r2, sp
 8000f6e:	7812      	ldrb	r2, [r2, #0]
 8000f70:	701a      	strb	r2, [r3, #0]
 8000f72:	9b34      	ldr	r3, [sp, #208]	@ 0xd0
 8000f74:	3301      	adds	r3, #1
 8000f76:	9334      	str	r3, [sp, #208]	@ 0xd0
 8000f78:	4a26      	ldr	r2, [pc, #152]	@ (8001014 <simpleserial_get+0x178>)
 8000f7a:	9b35      	ldr	r3, [sp, #212]	@ 0xd4
 8000f7c:	011b      	lsls	r3, r3, #4
 8000f7e:	18d3      	adds	r3, r2, r3
 8000f80:	3304      	adds	r3, #4
 8000f82:	681b      	ldr	r3, [r3, #0]
 8000f84:	005a      	lsls	r2, r3, #1
 8000f86:	9b34      	ldr	r3, [sp, #208]	@ 0xd0
 8000f88:	429a      	cmp	r2, r3
 8000f8a:	d8db      	bhi.n	8000f44 <simpleserial_get+0xa8>
 8000f8c:	24cf      	movs	r4, #207	@ 0xcf
 8000f8e:	446c      	add	r4, sp
 8000f90:	f000 f9ac 	bl	80012ec <getch>
 8000f94:	0003      	movs	r3, r0
 8000f96:	7023      	strb	r3, [r4, #0]
 8000f98:	23cf      	movs	r3, #207	@ 0xcf
 8000f9a:	446b      	add	r3, sp
 8000f9c:	781b      	ldrb	r3, [r3, #0]
 8000f9e:	2b0a      	cmp	r3, #10
 8000fa0:	d004      	beq.n	8000fac <simpleserial_get+0x110>
 8000fa2:	23cf      	movs	r3, #207	@ 0xcf
 8000fa4:	446b      	add	r3, sp
 8000fa6:	781b      	ldrb	r3, [r3, #0]
 8000fa8:	2b0d      	cmp	r3, #13
 8000faa:	d12e      	bne.n	800100a <simpleserial_get+0x16e>
 8000fac:	4a19      	ldr	r2, [pc, #100]	@ (8001014 <simpleserial_get+0x178>)
 8000fae:	9b35      	ldr	r3, [sp, #212]	@ 0xd4
 8000fb0:	011b      	lsls	r3, r3, #4
 8000fb2:	18d3      	adds	r3, r2, r3
 8000fb4:	3304      	adds	r3, #4
 8000fb6:	681b      	ldr	r3, [r3, #0]
 8000fb8:	0018      	movs	r0, r3
 8000fba:	aa03      	add	r2, sp, #12
 8000fbc:	ab13      	add	r3, sp, #76	@ 0x4c
 8000fbe:	0019      	movs	r1, r3
 8000fc0:	f7ff fe36 	bl	8000c30 <hex_decode>
 8000fc4:	1e03      	subs	r3, r0, #0
 8000fc6:	d122      	bne.n	800100e <simpleserial_get+0x172>
 8000fc8:	4a12      	ldr	r2, [pc, #72]	@ (8001014 <simpleserial_get+0x178>)
 8000fca:	9b35      	ldr	r3, [sp, #212]	@ 0xd4
 8000fcc:	011b      	lsls	r3, r3, #4
 8000fce:	18d3      	adds	r3, r2, r3
 8000fd0:	3308      	adds	r3, #8
 8000fd2:	681a      	ldr	r2, [r3, #0]
 8000fd4:	490f      	ldr	r1, [pc, #60]	@ (8001014 <simpleserial_get+0x178>)
 8000fd6:	9b35      	ldr	r3, [sp, #212]	@ 0xd4
 8000fd8:	011b      	lsls	r3, r3, #4
 8000fda:	18cb      	adds	r3, r1, r3
 8000fdc:	3304      	adds	r3, #4
 8000fde:	681b      	ldr	r3, [r3, #0]
 8000fe0:	b2d9      	uxtb	r1, r3
 8000fe2:	ab03      	add	r3, sp, #12
 8000fe4:	0018      	movs	r0, r3
 8000fe6:	4790      	blx	r2
 8000fe8:	0003      	movs	r3, r0
 8000fea:	001a      	movs	r2, r3
 8000fec:	ab02      	add	r3, sp, #8
 8000fee:	701a      	strb	r2, [r3, #0]
 8000ff0:	ab02      	add	r3, sp, #8
 8000ff2:	001a      	movs	r2, r3
 8000ff4:	2101      	movs	r1, #1
 8000ff6:	207a      	movs	r0, #122	@ 0x7a
 8000ff8:	f000 f810 	bl	800101c <simpleserial_put>
 8000ffc:	e008      	b.n	8001010 <simpleserial_get+0x174>
 8000ffe:	46c0      	nop			@ (mov r8, r8)
 8001000:	e006      	b.n	8001010 <simpleserial_get+0x174>
 8001002:	46c0      	nop			@ (mov r8, r8)
 8001004:	e004      	b.n	8001010 <simpleserial_get+0x174>
 8001006:	46c0      	nop			@ (mov r8, r8)
 8001008:	e002      	b.n	8001010 <simpleserial_get+0x174>
 800100a:	46c0      	nop			@ (mov r8, r8)
 800100c:	e000      	b.n	8001010 <simpleserial_get+0x174>
 800100e:	46c0      	nop			@ (mov r8, r8)
 8001010:	b036      	add	sp, #216	@ 0xd8
 8001012:	bd10      	pop	{r4, pc}
 8001014:	20000018 	.word	0x20000018
 8001018:	20000014 	.word	0x20000014

0800101c <simpleserial_put>:
 800101c:	b500      	push	{lr}
 800101e:	b085      	sub	sp, #20
 8001020:	9200      	str	r2, [sp, #0]
 8001022:	466b      	mov	r3, sp
 8001024:	3307      	adds	r3, #7
 8001026:	1c02      	adds	r2, r0, #0
 8001028:	701a      	strb	r2, [r3, #0]
 800102a:	466b      	mov	r3, sp
 800102c:	3306      	adds	r3, #6
 800102e:	1c0a      	adds	r2, r1, #0
 8001030:	701a      	strb	r2, [r3, #0]
 8001032:	9b00      	ldr	r3, [sp, #0]
 8001034:	2b00      	cmp	r3, #0
 8001036:	d02d      	beq.n	8001094 <simpleserial_put+0x78>
 8001038:	466b      	mov	r3, sp
 800103a:	3307      	adds	r3, #7
 800103c:	781b      	ldrb	r3, [r3, #0]
 800103e:	0018      	movs	r0, r3
 8001040:	f000 f970 	bl	8001324 <putch>
 8001044:	2300      	movs	r3, #0
 8001046:	9303      	str	r3, [sp, #12]
 8001048:	e01a      	b.n	8001080 <simpleserial_put+0x64>
 800104a:	9b03      	ldr	r3, [sp, #12]
 800104c:	9a00      	ldr	r2, [sp, #0]
 800104e:	18d3      	adds	r3, r2, r3
 8001050:	781b      	ldrb	r3, [r3, #0]
 8001052:	091b      	lsrs	r3, r3, #4
 8001054:	b2db      	uxtb	r3, r3
 8001056:	001a      	movs	r2, r3
 8001058:	4b10      	ldr	r3, [pc, #64]	@ (800109c <simpleserial_put+0x80>)
 800105a:	5c9b      	ldrb	r3, [r3, r2]
 800105c:	0018      	movs	r0, r3
 800105e:	f000 f961 	bl	8001324 <putch>
 8001062:	9b03      	ldr	r3, [sp, #12]
 8001064:	9a00      	ldr	r2, [sp, #0]
 8001066:	18d3      	adds	r3, r2, r3
 8001068:	781b      	ldrb	r3, [r3, #0]
 800106a:	001a      	movs	r2, r3
 800106c:	230f      	movs	r3, #15
 800106e:	4013      	ands	r3, r2
 8001070:	4a0a      	ldr	r2, [pc, #40]	@ (800109c <simpleserial_put+0x80>)
 8001072:	5cd3      	ldrb	r3, [r2, r3]
 8001074:	0018      	movs	r0, r3
 8001076:	f000 f955 	bl	8001324 <putch>
 800107a:	9b03      	ldr	r3, [sp, #12]
 800107c:	3301      	adds	r3, #1
 800107e:	9303      	str	r3, [sp, #12]
 8001080:	466b      	mov	r3, sp
 8001082:	3306      	adds	r3, #6
 8001084:	781b      	ldrb	r3, [r3, #0]
 8001086:	9a03      	ldr	r2, [sp, #12]
 8001088:	429a      	cmp	r2, r3
 800108a:	dbde      	blt.n	800104a <simpleserial_put+0x2e>
 800108c:	200a      	movs	r0, #10
 800108e:	f000 f949 	bl	8001324 <putch>
 8001092:	e000      	b.n	8001096 <simpleserial_put+0x7a>
 8001094:	46c0      	nop			@ (mov r8, r8)
 8001096:	b005      	add	sp, #20
 8001098:	bd00      	pop	{pc}
 800109a:	46c0      	nop			@ (mov r8, r8)
 800109c:	20000000 	.word	0x20000000

080010a0 <platform_init>:
 80010a0:	b500      	push	{lr}
 80010a2:	b097      	sub	sp, #92	@ 0x5c
 80010a4:	ab11      	add	r3, sp, #68	@ 0x44
 80010a6:	2204      	movs	r2, #4
 80010a8:	601a      	str	r2, [r3, #0]
 80010aa:	ab11      	add	r3, sp, #68	@ 0x44
 80010ac:	2201      	movs	r2, #1
 80010ae:	605a      	str	r2, [r3, #4]
 80010b0:	ab11      	add	r3, sp, #68	@ 0x44
 80010b2:	2200      	movs	r2, #0
 80010b4:	609a      	str	r2, [r3, #8]
 80010b6:	ab11      	add	r3, sp, #68	@ 0x44
 80010b8:	2203      	movs	r2, #3
 80010ba:	60da      	str	r2, [r3, #12]
 80010bc:	aa11      	add	r2, sp, #68	@ 0x44
 80010be:	2390      	movs	r3, #144	@ 0x90
 80010c0:	05db      	lsls	r3, r3, #23
 80010c2:	0011      	movs	r1, r2
 80010c4:	0018      	movs	r0, r3
 80010c6:	f000 fd23 	bl	8001b10 <HAL_GPIO_Init>
 80010ca:	ab11      	add	r3, sp, #68	@ 0x44
 80010cc:	2210      	movs	r2, #16
 80010ce:	601a      	str	r2, [r3, #0]
 80010d0:	ab11      	add	r3, sp, #68	@ 0x44
 80010d2:	2201      	movs	r2, #1
 80010d4:	605a      	str	r2, [r3, #4]
 80010d6:	ab11      	add	r3, sp, #68	@ 0x44
 80010d8:	2200      	movs	r2, #0
 80010da:	609a      	str	r2, [r3, #8]
 80010dc:	ab11      	add	r3, sp, #68	@ 0x44
 80010de:	2203      	movs	r2, #3
 80010e0:	60da      	str	r2, [r3, #12]
 80010e2:	aa11      	add	r2, sp, #68	@ 0x44
 80010e4:	2390      	movs	r3, #144	@ 0x90
 80010e6:	05db      	lsls	r3, r3, #23
 80010e8:	0011      	movs	r1, r2
 80010ea:	0018      	movs	r0, r3
 80010ec:	f000 fd10 	bl	8001b10 <HAL_GPIO_Init>
 80010f0:	ab05      	add	r3, sp, #20
 80010f2:	2203      	movs	r2, #3
 80010f4:	601a      	str	r2, [r3, #0]
 80010f6:	ab05      	add	r3, sp, #20
 80010f8:	2205      	movs	r2, #5
 80010fa:	605a      	str	r2, [r3, #4]
 80010fc:	ab05      	add	r3, sp, #20
 80010fe:	2200      	movs	r2, #0
 8001100:	60da      	str	r2, [r3, #12]
 8001102:	ab05      	add	r3, sp, #20
 8001104:	2200      	movs	r2, #0
 8001106:	625a      	str	r2, [r3, #36]	@ 0x24
 8001108:	ab05      	add	r3, sp, #20
 800110a:	0018      	movs	r0, r3
 800110c:	f000 f936 	bl	800137c <HAL_RCC_OscConfig>
 8001110:	ab01      	add	r3, sp, #4
 8001112:	2207      	movs	r2, #7
 8001114:	601a      	str	r2, [r3, #0]
 8001116:	ab01      	add	r3, sp, #4
 8001118:	2201      	movs	r2, #1
 800111a:	605a      	str	r2, [r3, #4]
 800111c:	ab01      	add	r3, sp, #4
 800111e:	2200      	movs	r2, #0
 8001120:	609a      	str	r2, [r3, #8]
 8001122:	ab01      	add	r3, sp, #4
 8001124:	2200      	movs	r2, #0
 8001126:	60da      	str	r2, [r3, #12]
 8001128:	ab01      	add	r3, sp, #4
 800112a:	2100      	movs	r1, #0
 800112c:	0018      	movs	r0, r3
 800112e:	f000 fc19 	bl	8001964 <HAL_RCC_ClockConfig>
 8001132:	46c0      	nop			@ (mov r8, r8)
 8001134:	b017      	add	sp, #92	@ 0x5c
 8001136:	bd00      	pop	{pc}

08001138 <init_uart>:
 8001138:	b500      	push	{lr}
 800113a:	b089      	sub	sp, #36	@ 0x24
 800113c:	4b2c      	ldr	r3, [pc, #176]	@ (80011f0 <init_uart+0xb8>)
 800113e:	695a      	ldr	r2, [r3, #20]
 8001140:	4b2b      	ldr	r3, [pc, #172]	@ (80011f0 <init_uart+0xb8>)
 8001142:	2180      	movs	r1, #128	@ 0x80
 8001144:	0289      	lsls	r1, r1, #10
 8001146:	430a      	orrs	r2, r1
 8001148:	615a      	str	r2, [r3, #20]
 800114a:	4b29      	ldr	r3, [pc, #164]	@ (80011f0 <init_uart+0xb8>)
 800114c:	695a      	ldr	r2, [r3, #20]
 800114e:	2380      	movs	r3, #128	@ 0x80
 8001150:	029b      	lsls	r3, r3, #10
 8001152:	4013      	ands	r3, r2
 8001154:	9302      	str	r3, [sp, #8]
 8001156:	9b02      	ldr	r3, [sp, #8]
 8001158:	ab03      	add	r3, sp, #12
 800115a:	22c0      	movs	r2, #192	@ 0xc0
 800115c:	00d2      	lsls	r2, r2, #3
 800115e:	601a      	str	r2, [r3, #0]
 8001160:	ab03      	add	r3, sp, #12
 8001162:	2202      	movs	r2, #2
 8001164:	605a      	str	r2, [r3, #4]
 8001166:	ab03      	add	r3, sp, #12
 8001168:	2201      	movs	r2, #1
 800116a:	609a      	str	r2, [r3, #8]
 800116c:	ab03      	add	r3, sp, #12
 800116e:	2203      	movs	r2, #3
 8001170:	60da      	str	r2, [r3, #12]
 8001172:	ab03      	add	r3, sp, #12
 8001174:	2201      	movs	r2, #1
 8001176:	611a      	str	r2, [r3, #16]
 8001178:	aa03      	add	r2, sp, #12
 800117a:	2390      	movs	r3, #144	@ 0x90
 800117c:	05db      	lsls	r3, r3, #23
 800117e:	0011      	movs	r1, r2
 8001180:	0018      	movs	r0, r3
 8001182:	f000 fcc5 	bl	8001b10 <HAL_GPIO_Init>
 8001186:	4b1a      	ldr	r3, [pc, #104]	@ (80011f0 <init_uart+0xb8>)
 8001188:	699a      	ldr	r2, [r3, #24]
 800118a:	4b19      	ldr	r3, [pc, #100]	@ (80011f0 <init_uart+0xb8>)
 800118c:	2180      	movs	r1, #128	@ 0x80
 800118e:	01c9      	lsls	r1, r1, #7
 8001190:	430a      	orrs	r2, r1
 8001192:	619a      	str	r2, [r3, #24]
 8001194:	4b16      	ldr	r3, [pc, #88]	@ (80011f0 <init_uart+0xb8>)
 8001196:	699a      	ldr	r2, [r3, #24]
 8001198:	2380      	movs	r3, #128	@ 0x80
 800119a:	01db      	lsls	r3, r3, #7
 800119c:	4013      	ands	r3, r2
 800119e:	9301      	str	r3, [sp, #4]
 80011a0:	9b01      	ldr	r3, [sp, #4]
 80011a2:	4b13      	ldr	r3, [pc, #76]	@ (80011f0 <init_uart+0xb8>)
 80011a4:	6b1b      	ldr	r3, [r3, #48]	@ 0x30
 80011a6:	2203      	movs	r2, #3
 80011a8:	4393      	bics	r3, r2
 80011aa:	001a      	movs	r2, r3
 80011ac:	4b10      	ldr	r3, [pc, #64]	@ (80011f0 <init_uart+0xb8>)
 80011ae:	2101      	movs	r1, #1
 80011b0:	430a      	orrs	r2, r1
 80011b2:	631a      	str	r2, [r3, #48]	@ 0x30
 80011b4:	4b0f      	ldr	r3, [pc, #60]	@ (80011f4 <init_uart+0xbc>)
 80011b6:	4a10      	ldr	r2, [pc, #64]	@ (80011f8 <init_uart+0xc0>)
 80011b8:	601a      	str	r2, [r3, #0]
 80011ba:	4b0e      	ldr	r3, [pc, #56]	@ (80011f4 <init_uart+0xbc>)
 80011bc:	2296      	movs	r2, #150	@ 0x96
 80011be:	0212      	lsls	r2, r2, #8
 80011c0:	605a      	str	r2, [r3, #4]
 80011c2:	4b0c      	ldr	r3, [pc, #48]	@ (80011f4 <init_uart+0xbc>)
 80011c4:	2200      	movs	r2, #0
 80011c6:	609a      	str	r2, [r3, #8]
 80011c8:	4b0a      	ldr	r3, [pc, #40]	@ (80011f4 <init_uart+0xbc>)
 80011ca:	2200      	movs	r2, #0
 80011cc:	60da      	str	r2, [r3, #12]
 80011ce:	4b09      	ldr	r3, [pc, #36]	@ (80011f4 <init_uart+0xbc>)
 80011d0:	2200      	movs	r2, #0
 80011d2:	611a      	str	r2, [r3, #16]
 80011d4:	4b07      	ldr	r3, [pc, #28]	@ (80011f4 <init_uart+0xbc>)
 80011d6:	2200      	movs	r2, #0
 80011d8:	619a      	str	r2, [r3, #24]
 80011da:	4b06      	ldr	r3, [pc, #24]	@ (80011f4 <init_uart+0xbc>)
 80011dc:	220c      	movs	r2, #12
 80011de:	615a      	str	r2, [r3, #20]
 80011e0:	4b04      	ldr	r3, [pc, #16]	@ (80011f4 <init_uart+0xbc>)
 80011e2:	0018      	movs	r0, r3
 80011e4:	f000 ffe2 	bl	80021ac <HAL_UART_Init>
 80011e8:	46c0      	nop			@ (mov r8, r8)
 80011ea:	b009      	add	sp, #36	@ 0x24
 80011ec:	bd00      	pop	{pc}
 80011ee:	46c0      	nop			@ (mov r8, r8)
 80011f0:	40021000 	.word	0x40021000
 80011f4:	20000218 	.word	0x20000218
 80011f8:	40013800 	.word	0x40013800

080011fc <trigger_setup>:
 80011fc:	b500      	push	{lr}
 80011fe:	b087      	sub	sp, #28
 8001200:	4b2f      	ldr	r3, [pc, #188]	@ (80012c0 <trigger_setup+0xc4>)
 8001202:	695a      	ldr	r2, [r3, #20]
 8001204:	4b2e      	ldr	r3, [pc, #184]	@ (80012c0 <trigger_setup+0xc4>)
 8001206:	2180      	movs	r1, #128	@ 0x80
 8001208:	0289      	lsls	r1, r1, #10
 800120a:	430a      	orrs	r2, r1
 800120c:	615a      	str	r2, [r3, #20]
 800120e:	4b2c      	ldr	r3, [pc, #176]	@ (80012c0 <trigger_setup+0xc4>)
 8001210:	695a      	ldr	r2, [r3, #20]
 8001212:	2380      	movs	r3, #128	@ 0x80
 8001214:	029b      	lsls	r3, r3, #10
 8001216:	4013      	ands	r3, r2
 8001218:	9300      	str	r3, [sp, #0]
 800121a:	9b00      	ldr	r3, [sp, #0]
 800121c:	ab01      	add	r3, sp, #4
 800121e:	2280      	movs	r2, #128	@ 0x80
 8001220:	601a      	str	r2, [r3, #0]
 8001222:	ab01      	add	r3, sp, #4
 8001224:	2201      	movs	r2, #1
 8001226:	605a      	str	r2, [r3, #4]
 8001228:	ab01      	add	r3, sp, #4
 800122a:	2200      	movs	r2, #0
 800122c:	609a      	str	r2, [r3, #8]
 800122e:	ab01      	add	r3, sp, #4
 8001230:	2203      	movs	r2, #3
 8001232:	60da      	str	r2, [r3, #12]
 8001234:	aa01      	add	r2, sp, #4
 8001236:	2390      	movs	r3, #144	@ 0x90
 8001238:	05db      	lsls	r3, r3, #23
 800123a:	0011      	movs	r1, r2
 800123c:	0018      	movs	r0, r3
 800123e:	f000 fc67 	bl	8001b10 <HAL_GPIO_Init>
 8001242:	ab01      	add	r3, sp, #4
 8001244:	2210      	movs	r2, #16
 8001246:	601a      	str	r2, [r3, #0]
 8001248:	ab01      	add	r3, sp, #4
 800124a:	2201      	movs	r2, #1
 800124c:	605a      	str	r2, [r3, #4]
 800124e:	ab01      	add	r3, sp, #4
 8001250:	2200      	movs	r2, #0
 8001252:	609a      	str	r2, [r3, #8]
 8001254:	ab01      	add	r3, sp, #4
 8001256:	2203      	movs	r2, #3
 8001258:	60da      	str	r2, [r3, #12]
 800125a:	aa01      	add	r2, sp, #4
 800125c:	2390      	movs	r3, #144	@ 0x90
 800125e:	05db      	lsls	r3, r3, #23
 8001260:	0011      	movs	r1, r2
 8001262:	0018      	movs	r0, r3
 8001264:	f000 fc54 	bl	8001b10 <HAL_GPIO_Init>
 8001268:	ab01      	add	r3, sp, #4
 800126a:	2204      	movs	r2, #4
 800126c:	601a      	str	r2, [r3, #0]
 800126e:	ab01      	add	r3, sp, #4
 8001270:	2201      	movs	r2, #1
 8001272:	605a      	str	r2, [r3, #4]
 8001274:	ab01      	add	r3, sp, #4
 8001276:	2200      	movs	r2, #0
 8001278:	609a      	str	r2, [r3, #8]
 800127a:	ab01      	add	r3, sp, #4
 800127c:	2203      	movs	r2, #3
 800127e:	60da      	str	r2, [r3, #12]
 8001280:	aa01      	add	r2, sp, #4
 8001282:	2390      	movs	r3, #144	@ 0x90
 8001284:	05db      	lsls	r3, r3, #23
 8001286:	0011      	movs	r1, r2
 8001288:	0018      	movs	r0, r3
 800128a:	f000 fc41 	bl	8001b10 <HAL_GPIO_Init>
 800128e:	2390      	movs	r3, #144	@ 0x90
 8001290:	05db      	lsls	r3, r3, #23
 8001292:	2200      	movs	r2, #0
 8001294:	2180      	movs	r1, #128	@ 0x80
 8001296:	0018      	movs	r0, r3
 8001298:	f000 fdac 	bl	8001df4 <HAL_GPIO_WritePin>
 800129c:	2390      	movs	r3, #144	@ 0x90
 800129e:	05db      	lsls	r3, r3, #23
 80012a0:	2201      	movs	r2, #1
 80012a2:	2110      	movs	r1, #16
 80012a4:	0018      	movs	r0, r3
 80012a6:	f000 fda5 	bl	8001df4 <HAL_GPIO_WritePin>
 80012aa:	2390      	movs	r3, #144	@ 0x90
 80012ac:	05db      	lsls	r3, r3, #23
 80012ae:	2201      	movs	r2, #1
 80012b0:	2104      	movs	r1, #4
 80012b2:	0018      	movs	r0, r3
 80012b4:	f000 fd9e 	bl	8001df4 <HAL_GPIO_WritePin>
 80012b8:	46c0      	nop			@ (mov r8, r8)
 80012ba:	b007      	add	sp, #28
 80012bc:	bd00      	pop	{pc}
 80012be:	46c0      	nop			@ (mov r8, r8)
 80012c0:	40021000 	.word	0x40021000

080012c4 <trigger_high>:
 80012c4:	b510      	push	{r4, lr}
 80012c6:	2390      	movs	r3, #144	@ 0x90
 80012c8:	05db      	lsls	r3, r3, #23
 80012ca:	2201      	movs	r2, #1
 80012cc:	2180      	movs	r1, #128	@ 0x80
 80012ce:	0018      	movs	r0, r3
 80012d0:	f000 fd90 	bl	8001df4 <HAL_GPIO_WritePin>
 80012d4:	46c0      	nop			@ (mov r8, r8)
 80012d6:	bd10      	pop	{r4, pc}

080012d8 <trigger_low>:
 80012d8:	b510      	push	{r4, lr}
 80012da:	2390      	movs	r3, #144	@ 0x90
 80012dc:	05db      	lsls	r3, r3, #23
 80012de:	2200      	movs	r2, #0
 80012e0:	2180      	movs	r1, #128	@ 0x80
 80012e2:	0018      	movs	r0, r3
 80012e4:	f000 fd86 	bl	8001df4 <HAL_GPIO_WritePin>
 80012e8:	46c0      	nop			@ (mov r8, r8)
 80012ea:	bd10      	pop	{r4, pc}

080012ec <getch>:
 80012ec:	b500      	push	{lr}
 80012ee:	b083      	sub	sp, #12
 80012f0:	e005      	b.n	80012fe <getch+0x12>
 80012f2:	4b0a      	ldr	r3, [pc, #40]	@ (800131c <getch+0x30>)
 80012f4:	6a1a      	ldr	r2, [r3, #32]
 80012f6:	4b09      	ldr	r3, [pc, #36]	@ (800131c <getch+0x30>)
 80012f8:	2108      	movs	r1, #8
 80012fa:	430a      	orrs	r2, r1
 80012fc:	621a      	str	r2, [r3, #32]
 80012fe:	466b      	mov	r3, sp
 8001300:	1dd9      	adds	r1, r3, #7
 8001302:	4807      	ldr	r0, [pc, #28]	@ (8001320 <getch+0x34>)
 8001304:	2332      	movs	r3, #50	@ 0x32
 8001306:	2201      	movs	r2, #1
 8001308:	f000 ff9a 	bl	8002240 <HAL_UART_Receive>
 800130c:	1e03      	subs	r3, r0, #0
 800130e:	d1f0      	bne.n	80012f2 <getch+0x6>
 8001310:	466b      	mov	r3, sp
 8001312:	3307      	adds	r3, #7
 8001314:	781b      	ldrb	r3, [r3, #0]
 8001316:	0018      	movs	r0, r3
 8001318:	b003      	add	sp, #12
 800131a:	bd00      	pop	{pc}
 800131c:	40013800 	.word	0x40013800
 8001320:	20000218 	.word	0x20000218

08001324 <putch>:
 8001324:	b500      	push	{lr}
 8001326:	b085      	sub	sp, #20
 8001328:	0002      	movs	r2, r0
 800132a:	466b      	mov	r3, sp
 800132c:	3307      	adds	r3, #7
 800132e:	701a      	strb	r2, [r3, #0]
 8001330:	230f      	movs	r3, #15
 8001332:	446b      	add	r3, sp
 8001334:	466a      	mov	r2, sp
 8001336:	3207      	adds	r2, #7
 8001338:	7812      	ldrb	r2, [r2, #0]
 800133a:	701a      	strb	r2, [r3, #0]
 800133c:	4b04      	ldr	r3, [pc, #16]	@ (8001350 <putch+0x2c>)
 800133e:	210f      	movs	r1, #15
 8001340:	4469      	add	r1, sp
 8001342:	4804      	ldr	r0, [pc, #16]	@ (8001354 <putch+0x30>)
 8001344:	2201      	movs	r2, #1
 8001346:	f001 f84b 	bl	80023e0 <HAL_UART_Transmit>
 800134a:	46c0      	nop			@ (mov r8, r8)
 800134c:	b005      	add	sp, #20
 800134e:	bd00      	pop	{pc}
 8001350:	00001388 	.word	0x00001388
 8001354:	20000218 	.word	0x20000218

08001358 <HAL_GetTick>:
 8001358:	4b03      	ldr	r3, [pc, #12]	@ (8001368 <HAL_GetTick+0x10>)
 800135a:	681a      	ldr	r2, [r3, #0]
 800135c:	1c51      	adds	r1, r2, #1
 800135e:	4b02      	ldr	r3, [pc, #8]	@ (8001368 <HAL_GetTick+0x10>)
 8001360:	6019      	str	r1, [r3, #0]
 8001362:	0013      	movs	r3, r2
 8001364:	0018      	movs	r0, r3
 8001366:	4770      	bx	lr
 8001368:	20000288 	.word	0x20000288

0800136c <HAL_RCC_GetSysClockFreq>:
 800136c:	23e1      	movs	r3, #225	@ 0xe1
 800136e:	03db      	lsls	r3, r3, #15
 8001370:	0018      	movs	r0, r3
 8001372:	4770      	bx	lr

08001374 <HAL_RCC_GetPCLK1Freq>:
 8001374:	23e1      	movs	r3, #225	@ 0xe1
 8001376:	03db      	lsls	r3, r3, #15
 8001378:	0018      	movs	r0, r3
 800137a:	4770      	bx	lr

0800137c <HAL_RCC_OscConfig>:
 800137c:	b500      	push	{lr}
 800137e:	b087      	sub	sp, #28
 8001380:	9001      	str	r0, [sp, #4]
 8001382:	2300      	movs	r3, #0
 8001384:	9304      	str	r3, [sp, #16]
 8001386:	9b01      	ldr	r3, [sp, #4]
 8001388:	681b      	ldr	r3, [r3, #0]
 800138a:	2201      	movs	r2, #1
 800138c:	4013      	ands	r3, r2
 800138e:	d100      	bne.n	8001392 <HAL_RCC_OscConfig+0x16>
 8001390:	e08d      	b.n	80014ae <HAL_RCC_OscConfig+0x132>
 8001392:	4bc4      	ldr	r3, [pc, #784]	@ (80016a4 <HAL_RCC_OscConfig+0x328>)
 8001394:	685b      	ldr	r3, [r3, #4]
 8001396:	220c      	movs	r2, #12
 8001398:	4013      	ands	r3, r2
 800139a:	2b04      	cmp	r3, #4
 800139c:	d00e      	beq.n	80013bc <HAL_RCC_OscConfig+0x40>
 800139e:	4bc1      	ldr	r3, [pc, #772]	@ (80016a4 <HAL_RCC_OscConfig+0x328>)
 80013a0:	685b      	ldr	r3, [r3, #4]
 80013a2:	220c      	movs	r2, #12
 80013a4:	4013      	ands	r3, r2
 80013a6:	2b08      	cmp	r3, #8
 80013a8:	d116      	bne.n	80013d8 <HAL_RCC_OscConfig+0x5c>
 80013aa:	4bbe      	ldr	r3, [pc, #760]	@ (80016a4 <HAL_RCC_OscConfig+0x328>)
 80013ac:	685a      	ldr	r2, [r3, #4]
 80013ae:	2380      	movs	r3, #128	@ 0x80
 80013b0:	025b      	lsls	r3, r3, #9
 80013b2:	401a      	ands	r2, r3
 80013b4:	2380      	movs	r3, #128	@ 0x80
 80013b6:	025b      	lsls	r3, r3, #9
 80013b8:	429a      	cmp	r2, r3
 80013ba:	d10d      	bne.n	80013d8 <HAL_RCC_OscConfig+0x5c>
 80013bc:	4bb9      	ldr	r3, [pc, #740]	@ (80016a4 <HAL_RCC_OscConfig+0x328>)
 80013be:	681a      	ldr	r2, [r3, #0]
 80013c0:	2380      	movs	r3, #128	@ 0x80
 80013c2:	029b      	lsls	r3, r3, #10
 80013c4:	4013      	ands	r3, r2
 80013c6:	d100      	bne.n	80013ca <HAL_RCC_OscConfig+0x4e>
 80013c8:	e070      	b.n	80014ac <HAL_RCC_OscConfig+0x130>
 80013ca:	9b01      	ldr	r3, [sp, #4]
 80013cc:	685b      	ldr	r3, [r3, #4]
 80013ce:	2b00      	cmp	r3, #0
 80013d0:	d000      	beq.n	80013d4 <HAL_RCC_OscConfig+0x58>
 80013d2:	e06b      	b.n	80014ac <HAL_RCC_OscConfig+0x130>
 80013d4:	2301      	movs	r3, #1
 80013d6:	e2b7      	b.n	8001948 <HAL_RCC_OscConfig+0x5cc>
 80013d8:	9b01      	ldr	r3, [sp, #4]
 80013da:	685b      	ldr	r3, [r3, #4]
 80013dc:	2b01      	cmp	r3, #1
 80013de:	d107      	bne.n	80013f0 <HAL_RCC_OscConfig+0x74>
 80013e0:	4bb0      	ldr	r3, [pc, #704]	@ (80016a4 <HAL_RCC_OscConfig+0x328>)
 80013e2:	681a      	ldr	r2, [r3, #0]
 80013e4:	4baf      	ldr	r3, [pc, #700]	@ (80016a4 <HAL_RCC_OscConfig+0x328>)
 80013e6:	2180      	movs	r1, #128	@ 0x80
 80013e8:	0249      	lsls	r1, r1, #9
 80013ea:	430a      	orrs	r2, r1
 80013ec:	601a      	str	r2, [r3, #0]
 80013ee:	e02f      	b.n	8001450 <HAL_RCC_OscConfig+0xd4>
 80013f0:	9b01      	ldr	r3, [sp, #4]
 80013f2:	685b      	ldr	r3, [r3, #4]
 80013f4:	2b00      	cmp	r3, #0
 80013f6:	d10c      	bne.n	8001412 <HAL_RCC_OscConfig+0x96>
 80013f8:	4baa      	ldr	r3, [pc, #680]	@ (80016a4 <HAL_RCC_OscConfig+0x328>)
 80013fa:	681a      	ldr	r2, [r3, #0]
 80013fc:	4ba9      	ldr	r3, [pc, #676]	@ (80016a4 <HAL_RCC_OscConfig+0x328>)
 80013fe:	49aa      	ldr	r1, [pc, #680]	@ (80016a8 <HAL_RCC_OscConfig+0x32c>)
 8001400:	400a      	ands	r2, r1
 8001402:	601a      	str	r2, [r3, #0]
 8001404:	4ba7      	ldr	r3, [pc, #668]	@ (80016a4 <HAL_RCC_OscConfig+0x328>)
 8001406:	681a      	ldr	r2, [r3, #0]
 8001408:	4ba6      	ldr	r3, [pc, #664]	@ (80016a4 <HAL_RCC_OscConfig+0x328>)
 800140a:	49a8      	ldr	r1, [pc, #672]	@ (80016ac <HAL_RCC_OscConfig+0x330>)
 800140c:	400a      	ands	r2, r1
 800140e:	601a      	str	r2, [r3, #0]
 8001410:	e01e      	b.n	8001450 <HAL_RCC_OscConfig+0xd4>
 8001412:	9b01      	ldr	r3, [sp, #4]
 8001414:	685b      	ldr	r3, [r3, #4]
 8001416:	2b05      	cmp	r3, #5
 8001418:	d10e      	bne.n	8001438 <HAL_RCC_OscConfig+0xbc>
 800141a:	4ba2      	ldr	r3, [pc, #648]	@ (80016a4 <HAL_RCC_OscConfig+0x328>)
 800141c:	681a      	ldr	r2, [r3, #0]
 800141e:	4ba1      	ldr	r3, [pc, #644]	@ (80016a4 <HAL_RCC_OscConfig+0x328>)
 8001420:	2180      	movs	r1, #128	@ 0x80
 8001422:	02c9      	lsls	r1, r1, #11
 8001424:	430a      	orrs	r2, r1
 8001426:	601a      	str	r2, [r3, #0]
 8001428:	4b9e      	ldr	r3, [pc, #632]	@ (80016a4 <HAL_RCC_OscConfig+0x328>)
 800142a:	681a      	ldr	r2, [r3, #0]
 800142c:	4b9d      	ldr	r3, [pc, #628]	@ (80016a4 <HAL_RCC_OscConfig+0x328>)
 800142e:	2180      	movs	r1, #128	@ 0x80
 8001430:	0249      	lsls	r1, r1, #9
 8001432:	430a      	orrs	r2, r1
 8001434:	601a      	str	r2, [r3, #0]
 8001436:	e00b      	b.n	8001450 <HAL_RCC_OscConfig+0xd4>
 8001438:	4b9a      	ldr	r3, [pc, #616]	@ (80016a4 <HAL_RCC_OscConfig+0x328>)
 800143a:	681a      	ldr	r2, [r3, #0]
 800143c:	4b99      	ldr	r3, [pc, #612]	@ (80016a4 <HAL_RCC_OscConfig+0x328>)
 800143e:	499a      	ldr	r1, [pc, #616]	@ (80016a8 <HAL_RCC_OscConfig+0x32c>)
 8001440:	400a      	ands	r2, r1
 8001442:	601a      	str	r2, [r3, #0]
 8001444:	4b97      	ldr	r3, [pc, #604]	@ (80016a4 <HAL_RCC_OscConfig+0x328>)
 8001446:	681a      	ldr	r2, [r3, #0]
 8001448:	4b96      	ldr	r3, [pc, #600]	@ (80016a4 <HAL_RCC_OscConfig+0x328>)
 800144a:	4998      	ldr	r1, [pc, #608]	@ (80016ac <HAL_RCC_OscConfig+0x330>)
 800144c:	400a      	ands	r2, r1
 800144e:	601a      	str	r2, [r3, #0]
 8001450:	9b01      	ldr	r3, [sp, #4]
 8001452:	685b      	ldr	r3, [r3, #4]
 8001454:	2b00      	cmp	r3, #0
 8001456:	d014      	beq.n	8001482 <HAL_RCC_OscConfig+0x106>
 8001458:	f7ff ff7e 	bl	8001358 <HAL_GetTick>
 800145c:	0003      	movs	r3, r0
 800145e:	9304      	str	r3, [sp, #16]
 8001460:	e008      	b.n	8001474 <HAL_RCC_OscConfig+0xf8>
 8001462:	f7ff ff79 	bl	8001358 <HAL_GetTick>
 8001466:	0002      	movs	r2, r0
 8001468:	9b04      	ldr	r3, [sp, #16]
 800146a:	1ad3      	subs	r3, r2, r3
 800146c:	2b64      	cmp	r3, #100	@ 0x64
 800146e:	d901      	bls.n	8001474 <HAL_RCC_OscConfig+0xf8>
 8001470:	2303      	movs	r3, #3
 8001472:	e269      	b.n	8001948 <HAL_RCC_OscConfig+0x5cc>
 8001474:	4b8b      	ldr	r3, [pc, #556]	@ (80016a4 <HAL_RCC_OscConfig+0x328>)
 8001476:	681a      	ldr	r2, [r3, #0]
 8001478:	2380      	movs	r3, #128	@ 0x80
 800147a:	029b      	lsls	r3, r3, #10
 800147c:	4013      	ands	r3, r2
 800147e:	d0f0      	beq.n	8001462 <HAL_RCC_OscConfig+0xe6>
 8001480:	e015      	b.n	80014ae <HAL_RCC_OscConfig+0x132>
 8001482:	f7ff ff69 	bl	8001358 <HAL_GetTick>
 8001486:	0003      	movs	r3, r0
 8001488:	9304      	str	r3, [sp, #16]
 800148a:	e008      	b.n	800149e <HAL_RCC_OscConfig+0x122>
 800148c:	f7ff ff64 	bl	8001358 <HAL_GetTick>
 8001490:	0002      	movs	r2, r0
 8001492:	9b04      	ldr	r3, [sp, #16]
 8001494:	1ad3      	subs	r3, r2, r3
 8001496:	2b64      	cmp	r3, #100	@ 0x64
 8001498:	d901      	bls.n	800149e <HAL_RCC_OscConfig+0x122>
 800149a:	2303      	movs	r3, #3
 800149c:	e254      	b.n	8001948 <HAL_RCC_OscConfig+0x5cc>
 800149e:	4b81      	ldr	r3, [pc, #516]	@ (80016a4 <HAL_RCC_OscConfig+0x328>)
 80014a0:	681a      	ldr	r2, [r3, #0]
 80014a2:	2380      	movs	r3, #128	@ 0x80
 80014a4:	029b      	lsls	r3, r3, #10
 80014a6:	4013      	ands	r3, r2
 80014a8:	d1f0      	bne.n	800148c <HAL_RCC_OscConfig+0x110>
 80014aa:	e000      	b.n	80014ae <HAL_RCC_OscConfig+0x132>
 80014ac:	46c0      	nop			@ (mov r8, r8)
 80014ae:	9b01      	ldr	r3, [sp, #4]
 80014b0:	681b      	ldr	r3, [r3, #0]
 80014b2:	2202      	movs	r2, #2
 80014b4:	4013      	ands	r3, r2
 80014b6:	d100      	bne.n	80014ba <HAL_RCC_OscConfig+0x13e>
 80014b8:	e069      	b.n	800158e <HAL_RCC_OscConfig+0x212>
 80014ba:	4b7a      	ldr	r3, [pc, #488]	@ (80016a4 <HAL_RCC_OscConfig+0x328>)
 80014bc:	685b      	ldr	r3, [r3, #4]
 80014be:	220c      	movs	r2, #12
 80014c0:	4013      	ands	r3, r2
 80014c2:	d00b      	beq.n	80014dc <HAL_RCC_OscConfig+0x160>
 80014c4:	4b77      	ldr	r3, [pc, #476]	@ (80016a4 <HAL_RCC_OscConfig+0x328>)
 80014c6:	685b      	ldr	r3, [r3, #4]
 80014c8:	220c      	movs	r2, #12
 80014ca:	4013      	ands	r3, r2
 80014cc:	2b08      	cmp	r3, #8
 80014ce:	d11c      	bne.n	800150a <HAL_RCC_OscConfig+0x18e>
 80014d0:	4b74      	ldr	r3, [pc, #464]	@ (80016a4 <HAL_RCC_OscConfig+0x328>)
 80014d2:	685a      	ldr	r2, [r3, #4]
 80014d4:	2380      	movs	r3, #128	@ 0x80
 80014d6:	025b      	lsls	r3, r3, #9
 80014d8:	4013      	ands	r3, r2
 80014da:	d116      	bne.n	800150a <HAL_RCC_OscConfig+0x18e>
 80014dc:	4b71      	ldr	r3, [pc, #452]	@ (80016a4 <HAL_RCC_OscConfig+0x328>)
 80014de:	681b      	ldr	r3, [r3, #0]
 80014e0:	2202      	movs	r2, #2
 80014e2:	4013      	ands	r3, r2
 80014e4:	d005      	beq.n	80014f2 <HAL_RCC_OscConfig+0x176>
 80014e6:	9b01      	ldr	r3, [sp, #4]
 80014e8:	68db      	ldr	r3, [r3, #12]
 80014ea:	2b01      	cmp	r3, #1
 80014ec:	d001      	beq.n	80014f2 <HAL_RCC_OscConfig+0x176>
 80014ee:	2301      	movs	r3, #1
 80014f0:	e22a      	b.n	8001948 <HAL_RCC_OscConfig+0x5cc>
 80014f2:	4b6c      	ldr	r3, [pc, #432]	@ (80016a4 <HAL_RCC_OscConfig+0x328>)
 80014f4:	681b      	ldr	r3, [r3, #0]
 80014f6:	22f8      	movs	r2, #248	@ 0xf8
 80014f8:	4393      	bics	r3, r2
 80014fa:	0019      	movs	r1, r3
 80014fc:	9b01      	ldr	r3, [sp, #4]
 80014fe:	691b      	ldr	r3, [r3, #16]
 8001500:	00da      	lsls	r2, r3, #3
 8001502:	4b68      	ldr	r3, [pc, #416]	@ (80016a4 <HAL_RCC_OscConfig+0x328>)
 8001504:	430a      	orrs	r2, r1
 8001506:	601a      	str	r2, [r3, #0]
 8001508:	e041      	b.n	800158e <HAL_RCC_OscConfig+0x212>
 800150a:	9b01      	ldr	r3, [sp, #4]
 800150c:	68db      	ldr	r3, [r3, #12]
 800150e:	2b00      	cmp	r3, #0
 8001510:	d024      	beq.n	800155c <HAL_RCC_OscConfig+0x1e0>
 8001512:	4b64      	ldr	r3, [pc, #400]	@ (80016a4 <HAL_RCC_OscConfig+0x328>)
 8001514:	681a      	ldr	r2, [r3, #0]
 8001516:	4b63      	ldr	r3, [pc, #396]	@ (80016a4 <HAL_RCC_OscConfig+0x328>)
 8001518:	2101      	movs	r1, #1
 800151a:	430a      	orrs	r2, r1
 800151c:	601a      	str	r2, [r3, #0]
 800151e:	f7ff ff1b 	bl	8001358 <HAL_GetTick>
 8001522:	0003      	movs	r3, r0
 8001524:	9304      	str	r3, [sp, #16]
 8001526:	e008      	b.n	800153a <HAL_RCC_OscConfig+0x1be>
 8001528:	f7ff ff16 	bl	8001358 <HAL_GetTick>
 800152c:	0002      	movs	r2, r0
 800152e:	9b04      	ldr	r3, [sp, #16]
 8001530:	1ad3      	subs	r3, r2, r3
 8001532:	2b02      	cmp	r3, #2
 8001534:	d901      	bls.n	800153a <HAL_RCC_OscConfig+0x1be>
 8001536:	2303      	movs	r3, #3
 8001538:	e206      	b.n	8001948 <HAL_RCC_OscConfig+0x5cc>
 800153a:	4b5a      	ldr	r3, [pc, #360]	@ (80016a4 <HAL_RCC_OscConfig+0x328>)
 800153c:	681b      	ldr	r3, [r3, #0]
 800153e:	2202      	movs	r2, #2
 8001540:	4013      	ands	r3, r2
 8001542:	d0f1      	beq.n	8001528 <HAL_RCC_OscConfig+0x1ac>
 8001544:	4b57      	ldr	r3, [pc, #348]	@ (80016a4 <HAL_RCC_OscConfig+0x328>)
 8001546:	681b      	ldr	r3, [r3, #0]
 8001548:	22f8      	movs	r2, #248	@ 0xf8
 800154a:	4393      	bics	r3, r2
 800154c:	0019      	movs	r1, r3
 800154e:	9b01      	ldr	r3, [sp, #4]
 8001550:	691b      	ldr	r3, [r3, #16]
 8001552:	00da      	lsls	r2, r3, #3
 8001554:	4b53      	ldr	r3, [pc, #332]	@ (80016a4 <HAL_RCC_OscConfig+0x328>)
 8001556:	430a      	orrs	r2, r1
 8001558:	601a      	str	r2, [r3, #0]
 800155a:	e018      	b.n	800158e <HAL_RCC_OscConfig+0x212>
 800155c:	4b51      	ldr	r3, [pc, #324]	@ (80016a4 <HAL_RCC_OscConfig+0x328>)
 800155e:	681a      	ldr	r2, [r3, #0]
 8001560:	4b50      	ldr	r3, [pc, #320]	@ (80016a4 <HAL_RCC_OscConfig+0x328>)
 8001562:	2101      	movs	r1, #1
 8001564:	438a      	bics	r2, r1
 8001566:	601a      	str	r2, [r3, #0]
 8001568:	f7ff fef6 	bl	8001358 <HAL_GetTick>
 800156c:	0003      	movs	r3, r0
 800156e:	9304      	str	r3, [sp, #16]
 8001570:	e008      	b.n	8001584 <HAL_RCC_OscConfig+0x208>
 8001572:	f7ff fef1 	bl	8001358 <HAL_GetTick>
 8001576:	0002      	movs	r2, r0
 8001578:	9b04      	ldr	r3, [sp, #16]
 800157a:	1ad3      	subs	r3, r2, r3
 800157c:	2b02      	cmp	r3, #2
 800157e:	d901      	bls.n	8001584 <HAL_RCC_OscConfig+0x208>
 8001580:	2303      	movs	r3, #3
 8001582:	e1e1      	b.n	8001948 <HAL_RCC_OscConfig+0x5cc>
 8001584:	4b47      	ldr	r3, [pc, #284]	@ (80016a4 <HAL_RCC_OscConfig+0x328>)
 8001586:	681b      	ldr	r3, [r3, #0]
 8001588:	2202      	movs	r2, #2
 800158a:	4013      	ands	r3, r2
 800158c:	d1f1      	bne.n	8001572 <HAL_RCC_OscConfig+0x1f6>
 800158e:	9b01      	ldr	r3, [sp, #4]
 8001590:	681b      	ldr	r3, [r3, #0]
 8001592:	2208      	movs	r2, #8
 8001594:	4013      	ands	r3, r2
 8001596:	d036      	beq.n	8001606 <HAL_RCC_OscConfig+0x28a>
 8001598:	9b01      	ldr	r3, [sp, #4]
 800159a:	69db      	ldr	r3, [r3, #28]
 800159c:	2b00      	cmp	r3, #0
 800159e:	d019      	beq.n	80015d4 <HAL_RCC_OscConfig+0x258>
 80015a0:	4b40      	ldr	r3, [pc, #256]	@ (80016a4 <HAL_RCC_OscConfig+0x328>)
 80015a2:	6a5a      	ldr	r2, [r3, #36]	@ 0x24
 80015a4:	4b3f      	ldr	r3, [pc, #252]	@ (80016a4 <HAL_RCC_OscConfig+0x328>)
 80015a6:	2101      	movs	r1, #1
 80015a8:	430a      	orrs	r2, r1
 80015aa:	625a      	str	r2, [r3, #36]	@ 0x24
 80015ac:	f7ff fed4 	bl	8001358 <HAL_GetTick>
 80015b0:	0003      	movs	r3, r0
 80015b2:	9304      	str	r3, [sp, #16]
 80015b4:	e008      	b.n	80015c8 <HAL_RCC_OscConfig+0x24c>
 80015b6:	f7ff fecf 	bl	8001358 <HAL_GetTick>
 80015ba:	0002      	movs	r2, r0
 80015bc:	9b04      	ldr	r3, [sp, #16]
 80015be:	1ad3      	subs	r3, r2, r3
 80015c0:	2b02      	cmp	r3, #2
 80015c2:	d901      	bls.n	80015c8 <HAL_RCC_OscConfig+0x24c>
 80015c4:	2303      	movs	r3, #3
 80015c6:	e1bf      	b.n	8001948 <HAL_RCC_OscConfig+0x5cc>
 80015c8:	4b36      	ldr	r3, [pc, #216]	@ (80016a4 <HAL_RCC_OscConfig+0x328>)
 80015ca:	6a5b      	ldr	r3, [r3, #36]	@ 0x24
 80015cc:	2202      	movs	r2, #2
 80015ce:	4013      	ands	r3, r2
 80015d0:	d0f1      	beq.n	80015b6 <HAL_RCC_OscConfig+0x23a>
 80015d2:	e018      	b.n	8001606 <HAL_RCC_OscConfig+0x28a>
 80015d4:	4b33      	ldr	r3, [pc, #204]	@ (80016a4 <HAL_RCC_OscConfig+0x328>)
 80015d6:	6a5a      	ldr	r2, [r3, #36]	@ 0x24
 80015d8:	4b32      	ldr	r3, [pc, #200]	@ (80016a4 <HAL_RCC_OscConfig+0x328>)
 80015da:	2101      	movs	r1, #1
 80015dc:	438a      	bics	r2, r1
 80015de:	625a      	str	r2, [r3, #36]	@ 0x24
 80015e0:	f7ff feba 	bl	8001358 <HAL_GetTick>
 80015e4:	0003      	movs	r3, r0
 80015e6:	9304      	str	r3, [sp, #16]
 80015e8:	e008      	b.n	80015fc <HAL_RCC_OscConfig+0x280>
 80015ea:	f7ff feb5 	bl	8001358 <HAL_GetTick>
 80015ee:	0002      	movs	r2, r0
 80015f0:	9b04      	ldr	r3, [sp, #16]
 80015f2:	1ad3      	subs	r3, r2, r3
 80015f4:	2b02      	cmp	r3, #2
 80015f6:	d901      	bls.n	80015fc <HAL_RCC_OscConfig+0x280>
 80015f8:	2303      	movs	r3, #3
 80015fa:	e1a5      	b.n	8001948 <HAL_RCC_OscConfig+0x5cc>
 80015fc:	4b29      	ldr	r3, [pc, #164]	@ (80016a4 <HAL_RCC_OscConfig+0x328>)
 80015fe:	6a5b      	ldr	r3, [r3, #36]	@ 0x24
 8001600:	2202      	movs	r2, #2
 8001602:	4013      	ands	r3, r2
 8001604:	d1f1      	bne.n	80015ea <HAL_RCC_OscConfig+0x26e>
 8001606:	9b01      	ldr	r3, [sp, #4]
 8001608:	681b      	ldr	r3, [r3, #0]
 800160a:	2204      	movs	r2, #4
 800160c:	4013      	ands	r3, r2
 800160e:	d100      	bne.n	8001612 <HAL_RCC_OscConfig+0x296>
 8001610:	e0b6      	b.n	8001780 <HAL_RCC_OscConfig+0x404>
 8001612:	2317      	movs	r3, #23
 8001614:	446b      	add	r3, sp
 8001616:	2200      	movs	r2, #0
 8001618:	701a      	strb	r2, [r3, #0]
 800161a:	4b22      	ldr	r3, [pc, #136]	@ (80016a4 <HAL_RCC_OscConfig+0x328>)
 800161c:	69da      	ldr	r2, [r3, #28]
 800161e:	2380      	movs	r3, #128	@ 0x80
 8001620:	055b      	lsls	r3, r3, #21
 8001622:	4013      	ands	r3, r2
 8001624:	d111      	bne.n	800164a <HAL_RCC_OscConfig+0x2ce>
 8001626:	4b1f      	ldr	r3, [pc, #124]	@ (80016a4 <HAL_RCC_OscConfig+0x328>)
 8001628:	69da      	ldr	r2, [r3, #28]
 800162a:	4b1e      	ldr	r3, [pc, #120]	@ (80016a4 <HAL_RCC_OscConfig+0x328>)
 800162c:	2180      	movs	r1, #128	@ 0x80
 800162e:	0549      	lsls	r1, r1, #21
 8001630:	430a      	orrs	r2, r1
 8001632:	61da      	str	r2, [r3, #28]
 8001634:	4b1b      	ldr	r3, [pc, #108]	@ (80016a4 <HAL_RCC_OscConfig+0x328>)
 8001636:	69da      	ldr	r2, [r3, #28]
 8001638:	2380      	movs	r3, #128	@ 0x80
 800163a:	055b      	lsls	r3, r3, #21
 800163c:	4013      	ands	r3, r2
 800163e:	9303      	str	r3, [sp, #12]
 8001640:	9b03      	ldr	r3, [sp, #12]
 8001642:	2317      	movs	r3, #23
 8001644:	446b      	add	r3, sp
 8001646:	2201      	movs	r2, #1
 8001648:	701a      	strb	r2, [r3, #0]
 800164a:	4b19      	ldr	r3, [pc, #100]	@ (80016b0 <HAL_RCC_OscConfig+0x334>)
 800164c:	681a      	ldr	r2, [r3, #0]
 800164e:	2380      	movs	r3, #128	@ 0x80
 8001650:	005b      	lsls	r3, r3, #1
 8001652:	4013      	ands	r3, r2
 8001654:	d11a      	bne.n	800168c <HAL_RCC_OscConfig+0x310>
 8001656:	4b16      	ldr	r3, [pc, #88]	@ (80016b0 <HAL_RCC_OscConfig+0x334>)
 8001658:	681a      	ldr	r2, [r3, #0]
 800165a:	4b15      	ldr	r3, [pc, #84]	@ (80016b0 <HAL_RCC_OscConfig+0x334>)
 800165c:	2180      	movs	r1, #128	@ 0x80
 800165e:	0049      	lsls	r1, r1, #1
 8001660:	430a      	orrs	r2, r1
 8001662:	601a      	str	r2, [r3, #0]
 8001664:	f7ff fe78 	bl	8001358 <HAL_GetTick>
 8001668:	0003      	movs	r3, r0
 800166a:	9304      	str	r3, [sp, #16]
 800166c:	e008      	b.n	8001680 <HAL_RCC_OscConfig+0x304>
 800166e:	f7ff fe73 	bl	8001358 <HAL_GetTick>
 8001672:	0002      	movs	r2, r0
 8001674:	9b04      	ldr	r3, [sp, #16]
 8001676:	1ad3      	subs	r3, r2, r3
 8001678:	2b64      	cmp	r3, #100	@ 0x64
 800167a:	d901      	bls.n	8001680 <HAL_RCC_OscConfig+0x304>
 800167c:	2303      	movs	r3, #3
 800167e:	e163      	b.n	8001948 <HAL_RCC_OscConfig+0x5cc>
 8001680:	4b0b      	ldr	r3, [pc, #44]	@ (80016b0 <HAL_RCC_OscConfig+0x334>)
 8001682:	681a      	ldr	r2, [r3, #0]
 8001684:	2380      	movs	r3, #128	@ 0x80
 8001686:	005b      	lsls	r3, r3, #1
 8001688:	4013      	ands	r3, r2
 800168a:	d0f0      	beq.n	800166e <HAL_RCC_OscConfig+0x2f2>
 800168c:	9b01      	ldr	r3, [sp, #4]
 800168e:	689b      	ldr	r3, [r3, #8]
 8001690:	2b01      	cmp	r3, #1
 8001692:	d10f      	bne.n	80016b4 <HAL_RCC_OscConfig+0x338>
 8001694:	4b03      	ldr	r3, [pc, #12]	@ (80016a4 <HAL_RCC_OscConfig+0x328>)
 8001696:	6a1a      	ldr	r2, [r3, #32]
 8001698:	4b02      	ldr	r3, [pc, #8]	@ (80016a4 <HAL_RCC_OscConfig+0x328>)
 800169a:	2101      	movs	r1, #1
 800169c:	430a      	orrs	r2, r1
 800169e:	621a      	str	r2, [r3, #32]
 80016a0:	e036      	b.n	8001710 <HAL_RCC_OscConfig+0x394>
 80016a2:	46c0      	nop			@ (mov r8, r8)
 80016a4:	40021000 	.word	0x40021000
 80016a8:	fffeffff 	.word	0xfffeffff
 80016ac:	fffbffff 	.word	0xfffbffff
 80016b0:	40007000 	.word	0x40007000
 80016b4:	9b01      	ldr	r3, [sp, #4]
 80016b6:	689b      	ldr	r3, [r3, #8]
 80016b8:	2b00      	cmp	r3, #0
 80016ba:	d10c      	bne.n	80016d6 <HAL_RCC_OscConfig+0x35a>
 80016bc:	4ba4      	ldr	r3, [pc, #656]	@ (8001950 <HAL_RCC_OscConfig+0x5d4>)
 80016be:	6a1a      	ldr	r2, [r3, #32]
 80016c0:	4ba3      	ldr	r3, [pc, #652]	@ (8001950 <HAL_RCC_OscConfig+0x5d4>)
 80016c2:	2101      	movs	r1, #1
 80016c4:	438a      	bics	r2, r1
 80016c6:	621a      	str	r2, [r3, #32]
 80016c8:	4ba1      	ldr	r3, [pc, #644]	@ (8001950 <HAL_RCC_OscConfig+0x5d4>)
 80016ca:	6a1a      	ldr	r2, [r3, #32]
 80016cc:	4ba0      	ldr	r3, [pc, #640]	@ (8001950 <HAL_RCC_OscConfig+0x5d4>)
 80016ce:	2104      	movs	r1, #4
 80016d0:	438a      	bics	r2, r1
 80016d2:	621a      	str	r2, [r3, #32]
 80016d4:	e01c      	b.n	8001710 <HAL_RCC_OscConfig+0x394>
 80016d6:	9b01      	ldr	r3, [sp, #4]
 80016d8:	689b      	ldr	r3, [r3, #8]
 80016da:	2b05      	cmp	r3, #5
 80016dc:	d10c      	bne.n	80016f8 <HAL_RCC_OscConfig+0x37c>
 80016de:	4b9c      	ldr	r3, [pc, #624]	@ (8001950 <HAL_RCC_OscConfig+0x5d4>)
 80016e0:	6a1a      	ldr	r2, [r3, #32]
 80016e2:	4b9b      	ldr	r3, [pc, #620]	@ (8001950 <HAL_RCC_OscConfig+0x5d4>)
 80016e4:	2104      	movs	r1, #4
 80016e6:	430a      	orrs	r2, r1
 80016e8:	621a      	str	r2, [r3, #32]
 80016ea:	4b99      	ldr	r3, [pc, #612]	@ (8001950 <HAL_RCC_OscConfig+0x5d4>)
 80016ec:	6a1a      	ldr	r2, [r3, #32]
 80016ee:	4b98      	ldr	r3, [pc, #608]	@ (8001950 <HAL_RCC_OscConfig+0x5d4>)
 80016f0:	2101      	movs	r1, #1
 80016f2:	430a      	orrs	r2, r1
 80016f4:	621a      	str	r2, [r3, #32]
 80016f6:	e00b      	b.n	8001710 <HAL_RCC_OscConfig+0x394>
 80016f8:	4b95      	ldr	r3, [pc, #596]	@ (8001950 <HAL_RCC_OscConfig+0x5d4>)
 80016fa:	6a1a      	ldr	r2, [r3, #32]
 80016fc:	4b94      	ldr	r3, [pc, #592]	@ (8001950 <HAL_RCC_OscConfig+0x5d4>)
 80016fe:	2101      	movs	r1, #1
 8001700:	438a      	bics	r2, r1
 8001702:	621a      	str	r2, [r3, #32]
 8001704:	4b92      	ldr	r3, [pc, #584]	@ (8001950 <HAL_RCC_OscConfig+0x5d4>)
 8001706:	6a1a      	ldr	r2, [r3, #32]
 8001708:	4b91      	ldr	r3, [pc, #580]	@ (8001950 <HAL_RCC_OscConfig+0x5d4>)
 800170a:	2104      	movs	r1, #4
 800170c:	438a      	bics	r2, r1
 800170e:	621a      	str	r2, [r3, #32]
 8001710:	9b01      	ldr	r3, [sp, #4]
 8001712:	689b      	ldr	r3, [r3, #8]
 8001714:	2b00      	cmp	r3, #0
 8001716:	d014      	beq.n	8001742 <HAL_RCC_OscConfig+0x3c6>
 8001718:	f7ff fe1e 	bl	8001358 <HAL_GetTick>
 800171c:	0003      	movs	r3, r0
 800171e:	9304      	str	r3, [sp, #16]
 8001720:	e009      	b.n	8001736 <HAL_RCC_OscConfig+0x3ba>
 8001722:	f7ff fe19 	bl	8001358 <HAL_GetTick>
 8001726:	0002      	movs	r2, r0
 8001728:	9b04      	ldr	r3, [sp, #16]
 800172a:	1ad3      	subs	r3, r2, r3
 800172c:	4a89      	ldr	r2, [pc, #548]	@ (8001954 <HAL_RCC_OscConfig+0x5d8>)
 800172e:	4293      	cmp	r3, r2
 8001730:	d901      	bls.n	8001736 <HAL_RCC_OscConfig+0x3ba>
 8001732:	2303      	movs	r3, #3
 8001734:	e108      	b.n	8001948 <HAL_RCC_OscConfig+0x5cc>
 8001736:	4b86      	ldr	r3, [pc, #536]	@ (8001950 <HAL_RCC_OscConfig+0x5d4>)
 8001738:	6a1b      	ldr	r3, [r3, #32]
 800173a:	2202      	movs	r2, #2
 800173c:	4013      	ands	r3, r2
 800173e:	d0f0      	beq.n	8001722 <HAL_RCC_OscConfig+0x3a6>
 8001740:	e013      	b.n	800176a <HAL_RCC_OscConfig+0x3ee>
 8001742:	f7ff fe09 	bl	8001358 <HAL_GetTick>
 8001746:	0003      	movs	r3, r0
 8001748:	9304      	str	r3, [sp, #16]
 800174a:	e009      	b.n	8001760 <HAL_RCC_OscConfig+0x3e4>
 800174c:	f7ff fe04 	bl	8001358 <HAL_GetTick>
 8001750:	0002      	movs	r2, r0
 8001752:	9b04      	ldr	r3, [sp, #16]
 8001754:	1ad3      	subs	r3, r2, r3
 8001756:	4a7f      	ldr	r2, [pc, #508]	@ (8001954 <HAL_RCC_OscConfig+0x5d8>)
 8001758:	4293      	cmp	r3, r2
 800175a:	d901      	bls.n	8001760 <HAL_RCC_OscConfig+0x3e4>
 800175c:	2303      	movs	r3, #3
 800175e:	e0f3      	b.n	8001948 <HAL_RCC_OscConfig+0x5cc>
 8001760:	4b7b      	ldr	r3, [pc, #492]	@ (8001950 <HAL_RCC_OscConfig+0x5d4>)
 8001762:	6a1b      	ldr	r3, [r3, #32]
 8001764:	2202      	movs	r2, #2
 8001766:	4013      	ands	r3, r2
 8001768:	d1f0      	bne.n	800174c <HAL_RCC_OscConfig+0x3d0>
 800176a:	2317      	movs	r3, #23
 800176c:	446b      	add	r3, sp
 800176e:	781b      	ldrb	r3, [r3, #0]
 8001770:	2b01      	cmp	r3, #1
 8001772:	d105      	bne.n	8001780 <HAL_RCC_OscConfig+0x404>
 8001774:	4b76      	ldr	r3, [pc, #472]	@ (8001950 <HAL_RCC_OscConfig+0x5d4>)
 8001776:	69da      	ldr	r2, [r3, #28]
 8001778:	4b75      	ldr	r3, [pc, #468]	@ (8001950 <HAL_RCC_OscConfig+0x5d4>)
 800177a:	4977      	ldr	r1, [pc, #476]	@ (8001958 <HAL_RCC_OscConfig+0x5dc>)
 800177c:	400a      	ands	r2, r1
 800177e:	61da      	str	r2, [r3, #28]
 8001780:	9b01      	ldr	r3, [sp, #4]
 8001782:	681b      	ldr	r3, [r3, #0]
 8001784:	2210      	movs	r2, #16
 8001786:	4013      	ands	r3, r2
 8001788:	d063      	beq.n	8001852 <HAL_RCC_OscConfig+0x4d6>
 800178a:	9b01      	ldr	r3, [sp, #4]
 800178c:	695b      	ldr	r3, [r3, #20]
 800178e:	2b01      	cmp	r3, #1
 8001790:	d12a      	bne.n	80017e8 <HAL_RCC_OscConfig+0x46c>
 8001792:	4b6f      	ldr	r3, [pc, #444]	@ (8001950 <HAL_RCC_OscConfig+0x5d4>)
 8001794:	6b5a      	ldr	r2, [r3, #52]	@ 0x34
 8001796:	4b6e      	ldr	r3, [pc, #440]	@ (8001950 <HAL_RCC_OscConfig+0x5d4>)
 8001798:	2104      	movs	r1, #4
 800179a:	430a      	orrs	r2, r1
 800179c:	635a      	str	r2, [r3, #52]	@ 0x34
 800179e:	4b6c      	ldr	r3, [pc, #432]	@ (8001950 <HAL_RCC_OscConfig+0x5d4>)
 80017a0:	6b5a      	ldr	r2, [r3, #52]	@ 0x34
 80017a2:	4b6b      	ldr	r3, [pc, #428]	@ (8001950 <HAL_RCC_OscConfig+0x5d4>)
 80017a4:	2101      	movs	r1, #1
 80017a6:	430a      	orrs	r2, r1
 80017a8:	635a      	str	r2, [r3, #52]	@ 0x34
 80017aa:	f7ff fdd5 	bl	8001358 <HAL_GetTick>
 80017ae:	0003      	movs	r3, r0
 80017b0:	9304      	str	r3, [sp, #16]
 80017b2:	e008      	b.n	80017c6 <HAL_RCC_OscConfig+0x44a>
 80017b4:	f7ff fdd0 	bl	8001358 <HAL_GetTick>
 80017b8:	0002      	movs	r2, r0
 80017ba:	9b04      	ldr	r3, [sp, #16]
 80017bc:	1ad3      	subs	r3, r2, r3
 80017be:	2b02      	cmp	r3, #2
 80017c0:	d901      	bls.n	80017c6 <HAL_RCC_OscConfig+0x44a>
 80017c2:	2303      	movs	r3, #3
 80017c4:	e0c0      	b.n	8001948 <HAL_RCC_OscConfig+0x5cc>
 80017c6:	4b62      	ldr	r3, [pc, #392]	@ (8001950 <HAL_RCC_OscConfig+0x5d4>)
 80017c8:	6b5b      	ldr	r3, [r3, #52]	@ 0x34
 80017ca:	2202      	movs	r2, #2
 80017cc:	4013      	ands	r3, r2
 80017ce:	d0f1      	beq.n	80017b4 <HAL_RCC_OscConfig+0x438>
 80017d0:	4b5f      	ldr	r3, [pc, #380]	@ (8001950 <HAL_RCC_OscConfig+0x5d4>)
 80017d2:	6b5b      	ldr	r3, [r3, #52]	@ 0x34
 80017d4:	22f8      	movs	r2, #248	@ 0xf8
 80017d6:	4393      	bics	r3, r2
 80017d8:	0019      	movs	r1, r3
 80017da:	9b01      	ldr	r3, [sp, #4]
 80017dc:	699b      	ldr	r3, [r3, #24]
 80017de:	00da      	lsls	r2, r3, #3
 80017e0:	4b5b      	ldr	r3, [pc, #364]	@ (8001950 <HAL_RCC_OscConfig+0x5d4>)
 80017e2:	430a      	orrs	r2, r1
 80017e4:	635a      	str	r2, [r3, #52]	@ 0x34
 80017e6:	e034      	b.n	8001852 <HAL_RCC_OscConfig+0x4d6>
 80017e8:	9b01      	ldr	r3, [sp, #4]
 80017ea:	695b      	ldr	r3, [r3, #20]
 80017ec:	3305      	adds	r3, #5
 80017ee:	d111      	bne.n	8001814 <HAL_RCC_OscConfig+0x498>
 80017f0:	4b57      	ldr	r3, [pc, #348]	@ (8001950 <HAL_RCC_OscConfig+0x5d4>)
 80017f2:	6b5a      	ldr	r2, [r3, #52]	@ 0x34
 80017f4:	4b56      	ldr	r3, [pc, #344]	@ (8001950 <HAL_RCC_OscConfig+0x5d4>)
 80017f6:	2104      	movs	r1, #4
 80017f8:	438a      	bics	r2, r1
 80017fa:	635a      	str	r2, [r3, #52]	@ 0x34
 80017fc:	4b54      	ldr	r3, [pc, #336]	@ (8001950 <HAL_RCC_OscConfig+0x5d4>)
 80017fe:	6b5b      	ldr	r3, [r3, #52]	@ 0x34
 8001800:	22f8      	movs	r2, #248	@ 0xf8
 8001802:	4393      	bics	r3, r2
 8001804:	0019      	movs	r1, r3
 8001806:	9b01      	ldr	r3, [sp, #4]
 8001808:	699b      	ldr	r3, [r3, #24]
 800180a:	00da      	lsls	r2, r3, #3
 800180c:	4b50      	ldr	r3, [pc, #320]	@ (8001950 <HAL_RCC_OscConfig+0x5d4>)
 800180e:	430a      	orrs	r2, r1
 8001810:	635a      	str	r2, [r3, #52]	@ 0x34
 8001812:	e01e      	b.n	8001852 <HAL_RCC_OscConfig+0x4d6>
 8001814:	4b4e      	ldr	r3, [pc, #312]	@ (8001950 <HAL_RCC_OscConfig+0x5d4>)
 8001816:	6b5a      	ldr	r2, [r3, #52]	@ 0x34
 8001818:	4b4d      	ldr	r3, [pc, #308]	@ (8001950 <HAL_RCC_OscConfig+0x5d4>)
 800181a:	2104      	movs	r1, #4
 800181c:	430a      	orrs	r2, r1
 800181e:	635a      	str	r2, [r3, #52]	@ 0x34
 8001820:	4b4b      	ldr	r3, [pc, #300]	@ (8001950 <HAL_RCC_OscConfig+0x5d4>)
 8001822:	6b5a      	ldr	r2, [r3, #52]	@ 0x34
 8001824:	4b4a      	ldr	r3, [pc, #296]	@ (8001950 <HAL_RCC_OscConfig+0x5d4>)
 8001826:	2101      	movs	r1, #1
 8001828:	438a      	bics	r2, r1
 800182a:	635a      	str	r2, [r3, #52]	@ 0x34
 800182c:	f7ff fd94 	bl	8001358 <HAL_GetTick>
 8001830:	0003      	movs	r3, r0
 8001832:	9304      	str	r3, [sp, #16]
 8001834:	e008      	b.n	8001848 <HAL_RCC_OscConfig+0x4cc>
 8001836:	f7ff fd8f 	bl	8001358 <HAL_GetTick>
 800183a:	0002      	movs	r2, r0
 800183c:	9b04      	ldr	r3, [sp, #16]
 800183e:	1ad3      	subs	r3, r2, r3
 8001840:	2b02      	cmp	r3, #2
 8001842:	d901      	bls.n	8001848 <HAL_RCC_OscConfig+0x4cc>
 8001844:	2303      	movs	r3, #3
 8001846:	e07f      	b.n	8001948 <HAL_RCC_OscConfig+0x5cc>
 8001848:	4b41      	ldr	r3, [pc, #260]	@ (8001950 <HAL_RCC_OscConfig+0x5d4>)
 800184a:	6b5b      	ldr	r3, [r3, #52]	@ 0x34
 800184c:	2202      	movs	r2, #2
 800184e:	4013      	ands	r3, r2
 8001850:	d1f1      	bne.n	8001836 <HAL_RCC_OscConfig+0x4ba>
 8001852:	9b01      	ldr	r3, [sp, #4]
 8001854:	6a1b      	ldr	r3, [r3, #32]
 8001856:	2b00      	cmp	r3, #0
 8001858:	d100      	bne.n	800185c <HAL_RCC_OscConfig+0x4e0>
 800185a:	e074      	b.n	8001946 <HAL_RCC_OscConfig+0x5ca>
 800185c:	4b3c      	ldr	r3, [pc, #240]	@ (8001950 <HAL_RCC_OscConfig+0x5d4>)
 800185e:	685b      	ldr	r3, [r3, #4]
 8001860:	220c      	movs	r2, #12
 8001862:	4013      	ands	r3, r2
 8001864:	2b08      	cmp	r3, #8
 8001866:	d100      	bne.n	800186a <HAL_RCC_OscConfig+0x4ee>
 8001868:	e06b      	b.n	8001942 <HAL_RCC_OscConfig+0x5c6>
 800186a:	9b01      	ldr	r3, [sp, #4]
 800186c:	6a1b      	ldr	r3, [r3, #32]
 800186e:	2b02      	cmp	r3, #2
 8001870:	d14c      	bne.n	800190c <HAL_RCC_OscConfig+0x590>
 8001872:	4b37      	ldr	r3, [pc, #220]	@ (8001950 <HAL_RCC_OscConfig+0x5d4>)
 8001874:	681a      	ldr	r2, [r3, #0]
 8001876:	4b36      	ldr	r3, [pc, #216]	@ (8001950 <HAL_RCC_OscConfig+0x5d4>)
 8001878:	4938      	ldr	r1, [pc, #224]	@ (800195c <HAL_RCC_OscConfig+0x5e0>)
 800187a:	400a      	ands	r2, r1
 800187c:	601a      	str	r2, [r3, #0]
 800187e:	f7ff fd6b 	bl	8001358 <HAL_GetTick>
 8001882:	0003      	movs	r3, r0
 8001884:	9304      	str	r3, [sp, #16]
 8001886:	e008      	b.n	800189a <HAL_RCC_OscConfig+0x51e>
 8001888:	f7ff fd66 	bl	8001358 <HAL_GetTick>
 800188c:	0002      	movs	r2, r0
 800188e:	9b04      	ldr	r3, [sp, #16]
 8001890:	1ad3      	subs	r3, r2, r3
 8001892:	2b02      	cmp	r3, #2
 8001894:	d901      	bls.n	800189a <HAL_RCC_OscConfig+0x51e>
 8001896:	2303      	movs	r3, #3
 8001898:	e056      	b.n	8001948 <HAL_RCC_OscConfig+0x5cc>
 800189a:	4b2d      	ldr	r3, [pc, #180]	@ (8001950 <HAL_RCC_OscConfig+0x5d4>)
 800189c:	681a      	ldr	r2, [r3, #0]
 800189e:	2380      	movs	r3, #128	@ 0x80
 80018a0:	049b      	lsls	r3, r3, #18
 80018a2:	4013      	ands	r3, r2
 80018a4:	d1f0      	bne.n	8001888 <HAL_RCC_OscConfig+0x50c>
 80018a6:	4b2a      	ldr	r3, [pc, #168]	@ (8001950 <HAL_RCC_OscConfig+0x5d4>)
 80018a8:	6adb      	ldr	r3, [r3, #44]	@ 0x2c
 80018aa:	220f      	movs	r2, #15
 80018ac:	4393      	bics	r3, r2
 80018ae:	0019      	movs	r1, r3
 80018b0:	9b01      	ldr	r3, [sp, #4]
 80018b2:	6ada      	ldr	r2, [r3, #44]	@ 0x2c
 80018b4:	4b26      	ldr	r3, [pc, #152]	@ (8001950 <HAL_RCC_OscConfig+0x5d4>)
 80018b6:	430a      	orrs	r2, r1
 80018b8:	62da      	str	r2, [r3, #44]	@ 0x2c
 80018ba:	4b25      	ldr	r3, [pc, #148]	@ (8001950 <HAL_RCC_OscConfig+0x5d4>)
 80018bc:	685b      	ldr	r3, [r3, #4]
 80018be:	4a28      	ldr	r2, [pc, #160]	@ (8001960 <HAL_RCC_OscConfig+0x5e4>)
 80018c0:	4013      	ands	r3, r2
 80018c2:	0019      	movs	r1, r3
 80018c4:	9b01      	ldr	r3, [sp, #4]
 80018c6:	6a9a      	ldr	r2, [r3, #40]	@ 0x28
 80018c8:	9b01      	ldr	r3, [sp, #4]
 80018ca:	6a5b      	ldr	r3, [r3, #36]	@ 0x24
 80018cc:	431a      	orrs	r2, r3
 80018ce:	4b20      	ldr	r3, [pc, #128]	@ (8001950 <HAL_RCC_OscConfig+0x5d4>)
 80018d0:	430a      	orrs	r2, r1
 80018d2:	605a      	str	r2, [r3, #4]
 80018d4:	4b1e      	ldr	r3, [pc, #120]	@ (8001950 <HAL_RCC_OscConfig+0x5d4>)
 80018d6:	681a      	ldr	r2, [r3, #0]
 80018d8:	4b1d      	ldr	r3, [pc, #116]	@ (8001950 <HAL_RCC_OscConfig+0x5d4>)
 80018da:	2180      	movs	r1, #128	@ 0x80
 80018dc:	0449      	lsls	r1, r1, #17
 80018de:	430a      	orrs	r2, r1
 80018e0:	601a      	str	r2, [r3, #0]
 80018e2:	f7ff fd39 	bl	8001358 <HAL_GetTick>
 80018e6:	0003      	movs	r3, r0
 80018e8:	9304      	str	r3, [sp, #16]
 80018ea:	e008      	b.n	80018fe <HAL_RCC_OscConfig+0x582>
 80018ec:	f7ff fd34 	bl	8001358 <HAL_GetTick>
 80018f0:	0002      	movs	r2, r0
 80018f2:	9b04      	ldr	r3, [sp, #16]
 80018f4:	1ad3      	subs	r3, r2, r3
 80018f6:	2b02      	cmp	r3, #2
 80018f8:	d901      	bls.n	80018fe <HAL_RCC_OscConfig+0x582>
 80018fa:	2303      	movs	r3, #3
 80018fc:	e024      	b.n	8001948 <HAL_RCC_OscConfig+0x5cc>
 80018fe:	4b14      	ldr	r3, [pc, #80]	@ (8001950 <HAL_RCC_OscConfig+0x5d4>)
 8001900:	681a      	ldr	r2, [r3, #0]
 8001902:	2380      	movs	r3, #128	@ 0x80
 8001904:	049b      	lsls	r3, r3, #18
 8001906:	4013      	ands	r3, r2
 8001908:	d0f0      	beq.n	80018ec <HAL_RCC_OscConfig+0x570>
 800190a:	e01c      	b.n	8001946 <HAL_RCC_OscConfig+0x5ca>
 800190c:	4b10      	ldr	r3, [pc, #64]	@ (8001950 <HAL_RCC_OscConfig+0x5d4>)
 800190e:	681a      	ldr	r2, [r3, #0]
 8001910:	4b0f      	ldr	r3, [pc, #60]	@ (8001950 <HAL_RCC_OscConfig+0x5d4>)
 8001912:	4912      	ldr	r1, [pc, #72]	@ (800195c <HAL_RCC_OscConfig+0x5e0>)
 8001914:	400a      	ands	r2, r1
 8001916:	601a      	str	r2, [r3, #0]
 8001918:	f7ff fd1e 	bl	8001358 <HAL_GetTick>
 800191c:	0003      	movs	r3, r0
 800191e:	9304      	str	r3, [sp, #16]
 8001920:	e008      	b.n	8001934 <HAL_RCC_OscConfig+0x5b8>
 8001922:	f7ff fd19 	bl	8001358 <HAL_GetTick>
 8001926:	0002      	movs	r2, r0
 8001928:	9b04      	ldr	r3, [sp, #16]
 800192a:	1ad3      	subs	r3, r2, r3
 800192c:	2b02      	cmp	r3, #2
 800192e:	d901      	bls.n	8001934 <HAL_RCC_OscConfig+0x5b8>
 8001930:	2303      	movs	r3, #3
 8001932:	e009      	b.n	8001948 <HAL_RCC_OscConfig+0x5cc>
 8001934:	4b06      	ldr	r3, [pc, #24]	@ (8001950 <HAL_RCC_OscConfig+0x5d4>)
 8001936:	681a      	ldr	r2, [r3, #0]
 8001938:	2380      	movs	r3, #128	@ 0x80
 800193a:	049b      	lsls	r3, r3, #18
 800193c:	4013      	ands	r3, r2
 800193e:	d1f0      	bne.n	8001922 <HAL_RCC_OscConfig+0x5a6>
 8001940:	e001      	b.n	8001946 <HAL_RCC_OscConfig+0x5ca>
 8001942:	2301      	movs	r3, #1
 8001944:	e000      	b.n	8001948 <HAL_RCC_OscConfig+0x5cc>
 8001946:	2300      	movs	r3, #0
 8001948:	0018      	movs	r0, r3
 800194a:	b007      	add	sp, #28
 800194c:	bd00      	pop	{pc}
 800194e:	46c0      	nop			@ (mov r8, r8)
 8001950:	40021000 	.word	0x40021000
 8001954:	00001388 	.word	0x00001388
 8001958:	efffffff 	.word	0xefffffff
 800195c:	feffffff 	.word	0xfeffffff
 8001960:	ffc2ffff 	.word	0xffc2ffff

08001964 <HAL_RCC_ClockConfig>:
 8001964:	b500      	push	{lr}
 8001966:	b085      	sub	sp, #20
 8001968:	9001      	str	r0, [sp, #4]
 800196a:	9100      	str	r1, [sp, #0]
 800196c:	2300      	movs	r3, #0
 800196e:	9303      	str	r3, [sp, #12]
 8001970:	4b62      	ldr	r3, [pc, #392]	@ (8001afc <HAL_RCC_ClockConfig+0x198>)
 8001972:	681b      	ldr	r3, [r3, #0]
 8001974:	2201      	movs	r2, #1
 8001976:	4013      	ands	r3, r2
 8001978:	9a00      	ldr	r2, [sp, #0]
 800197a:	429a      	cmp	r2, r3
 800197c:	d911      	bls.n	80019a2 <HAL_RCC_ClockConfig+0x3e>
 800197e:	4b5f      	ldr	r3, [pc, #380]	@ (8001afc <HAL_RCC_ClockConfig+0x198>)
 8001980:	681b      	ldr	r3, [r3, #0]
 8001982:	2201      	movs	r2, #1
 8001984:	4393      	bics	r3, r2
 8001986:	0019      	movs	r1, r3
 8001988:	4b5c      	ldr	r3, [pc, #368]	@ (8001afc <HAL_RCC_ClockConfig+0x198>)
 800198a:	9a00      	ldr	r2, [sp, #0]
 800198c:	430a      	orrs	r2, r1
 800198e:	601a      	str	r2, [r3, #0]
 8001990:	4b5a      	ldr	r3, [pc, #360]	@ (8001afc <HAL_RCC_ClockConfig+0x198>)
 8001992:	681b      	ldr	r3, [r3, #0]
 8001994:	2201      	movs	r2, #1
 8001996:	4013      	ands	r3, r2
 8001998:	9a00      	ldr	r2, [sp, #0]
 800199a:	429a      	cmp	r2, r3
 800199c:	d001      	beq.n	80019a2 <HAL_RCC_ClockConfig+0x3e>
 800199e:	2301      	movs	r3, #1
 80019a0:	e0a9      	b.n	8001af6 <HAL_RCC_ClockConfig+0x192>
 80019a2:	9b01      	ldr	r3, [sp, #4]
 80019a4:	681b      	ldr	r3, [r3, #0]
 80019a6:	2202      	movs	r2, #2
 80019a8:	4013      	ands	r3, r2
 80019aa:	d009      	beq.n	80019c0 <HAL_RCC_ClockConfig+0x5c>
 80019ac:	4b54      	ldr	r3, [pc, #336]	@ (8001b00 <HAL_RCC_ClockConfig+0x19c>)
 80019ae:	685b      	ldr	r3, [r3, #4]
 80019b0:	22f0      	movs	r2, #240	@ 0xf0
 80019b2:	4393      	bics	r3, r2
 80019b4:	0019      	movs	r1, r3
 80019b6:	9b01      	ldr	r3, [sp, #4]
 80019b8:	689a      	ldr	r2, [r3, #8]
 80019ba:	4b51      	ldr	r3, [pc, #324]	@ (8001b00 <HAL_RCC_ClockConfig+0x19c>)
 80019bc:	430a      	orrs	r2, r1
 80019be:	605a      	str	r2, [r3, #4]
 80019c0:	9b01      	ldr	r3, [sp, #4]
 80019c2:	681b      	ldr	r3, [r3, #0]
 80019c4:	2201      	movs	r2, #1
 80019c6:	4013      	ands	r3, r2
 80019c8:	d100      	bne.n	80019cc <HAL_RCC_ClockConfig+0x68>
 80019ca:	e067      	b.n	8001a9c <HAL_RCC_ClockConfig+0x138>
 80019cc:	9b01      	ldr	r3, [sp, #4]
 80019ce:	685b      	ldr	r3, [r3, #4]
 80019d0:	2b01      	cmp	r3, #1
 80019d2:	d107      	bne.n	80019e4 <HAL_RCC_ClockConfig+0x80>
 80019d4:	4b4a      	ldr	r3, [pc, #296]	@ (8001b00 <HAL_RCC_ClockConfig+0x19c>)
 80019d6:	681a      	ldr	r2, [r3, #0]
 80019d8:	2380      	movs	r3, #128	@ 0x80
 80019da:	029b      	lsls	r3, r3, #10
 80019dc:	4013      	ands	r3, r2
 80019de:	d114      	bne.n	8001a0a <HAL_RCC_ClockConfig+0xa6>
 80019e0:	2301      	movs	r3, #1
 80019e2:	e088      	b.n	8001af6 <HAL_RCC_ClockConfig+0x192>
 80019e4:	9b01      	ldr	r3, [sp, #4]
 80019e6:	685b      	ldr	r3, [r3, #4]
 80019e8:	2b02      	cmp	r3, #2
 80019ea:	d107      	bne.n	80019fc <HAL_RCC_ClockConfig+0x98>
 80019ec:	4b44      	ldr	r3, [pc, #272]	@ (8001b00 <HAL_RCC_ClockConfig+0x19c>)
 80019ee:	681a      	ldr	r2, [r3, #0]
 80019f0:	2380      	movs	r3, #128	@ 0x80
 80019f2:	049b      	lsls	r3, r3, #18
 80019f4:	4013      	ands	r3, r2
 80019f6:	d108      	bne.n	8001a0a <HAL_RCC_ClockConfig+0xa6>
 80019f8:	2301      	movs	r3, #1
 80019fa:	e07c      	b.n	8001af6 <HAL_RCC_ClockConfig+0x192>
 80019fc:	4b40      	ldr	r3, [pc, #256]	@ (8001b00 <HAL_RCC_ClockConfig+0x19c>)
 80019fe:	681b      	ldr	r3, [r3, #0]
 8001a00:	2202      	movs	r2, #2
 8001a02:	4013      	ands	r3, r2
 8001a04:	d101      	bne.n	8001a0a <HAL_RCC_ClockConfig+0xa6>
 8001a06:	2301      	movs	r3, #1
 8001a08:	e075      	b.n	8001af6 <HAL_RCC_ClockConfig+0x192>
 8001a0a:	4b3d      	ldr	r3, [pc, #244]	@ (8001b00 <HAL_RCC_ClockConfig+0x19c>)
 8001a0c:	685b      	ldr	r3, [r3, #4]
 8001a0e:	2203      	movs	r2, #3
 8001a10:	4393      	bics	r3, r2
 8001a12:	0019      	movs	r1, r3
 8001a14:	9b01      	ldr	r3, [sp, #4]
 8001a16:	685a      	ldr	r2, [r3, #4]
 8001a18:	4b39      	ldr	r3, [pc, #228]	@ (8001b00 <HAL_RCC_ClockConfig+0x19c>)
 8001a1a:	430a      	orrs	r2, r1
 8001a1c:	605a      	str	r2, [r3, #4]
 8001a1e:	f7ff fc9b 	bl	8001358 <HAL_GetTick>
 8001a22:	0003      	movs	r3, r0
 8001a24:	9303      	str	r3, [sp, #12]
 8001a26:	9b01      	ldr	r3, [sp, #4]
 8001a28:	685b      	ldr	r3, [r3, #4]
 8001a2a:	2b01      	cmp	r3, #1
 8001a2c:	d111      	bne.n	8001a52 <HAL_RCC_ClockConfig+0xee>
 8001a2e:	e009      	b.n	8001a44 <HAL_RCC_ClockConfig+0xe0>
 8001a30:	f7ff fc92 	bl	8001358 <HAL_GetTick>
 8001a34:	0002      	movs	r2, r0
 8001a36:	9b03      	ldr	r3, [sp, #12]
 8001a38:	1ad3      	subs	r3, r2, r3
 8001a3a:	4a32      	ldr	r2, [pc, #200]	@ (8001b04 <HAL_RCC_ClockConfig+0x1a0>)
 8001a3c:	4293      	cmp	r3, r2
 8001a3e:	d901      	bls.n	8001a44 <HAL_RCC_ClockConfig+0xe0>
 8001a40:	2303      	movs	r3, #3
 8001a42:	e058      	b.n	8001af6 <HAL_RCC_ClockConfig+0x192>
 8001a44:	4b2e      	ldr	r3, [pc, #184]	@ (8001b00 <HAL_RCC_ClockConfig+0x19c>)
 8001a46:	685b      	ldr	r3, [r3, #4]
 8001a48:	220c      	movs	r2, #12
 8001a4a:	4013      	ands	r3, r2
 8001a4c:	2b04      	cmp	r3, #4
 8001a4e:	d1ef      	bne.n	8001a30 <HAL_RCC_ClockConfig+0xcc>
 8001a50:	e024      	b.n	8001a9c <HAL_RCC_ClockConfig+0x138>
 8001a52:	9b01      	ldr	r3, [sp, #4]
 8001a54:	685b      	ldr	r3, [r3, #4]
 8001a56:	2b02      	cmp	r3, #2
 8001a58:	d11b      	bne.n	8001a92 <HAL_RCC_ClockConfig+0x12e>
 8001a5a:	e009      	b.n	8001a70 <HAL_RCC_ClockConfig+0x10c>
 8001a5c:	f7ff fc7c 	bl	8001358 <HAL_GetTick>
 8001a60:	0002      	movs	r2, r0
 8001a62:	9b03      	ldr	r3, [sp, #12]
 8001a64:	1ad3      	subs	r3, r2, r3
 8001a66:	4a27      	ldr	r2, [pc, #156]	@ (8001b04 <HAL_RCC_ClockConfig+0x1a0>)
 8001a68:	4293      	cmp	r3, r2
 8001a6a:	d901      	bls.n	8001a70 <HAL_RCC_ClockConfig+0x10c>
 8001a6c:	2303      	movs	r3, #3
 8001a6e:	e042      	b.n	8001af6 <HAL_RCC_ClockConfig+0x192>
 8001a70:	4b23      	ldr	r3, [pc, #140]	@ (8001b00 <HAL_RCC_ClockConfig+0x19c>)
 8001a72:	685b      	ldr	r3, [r3, #4]
 8001a74:	220c      	movs	r2, #12
 8001a76:	4013      	ands	r3, r2
 8001a78:	2b08      	cmp	r3, #8
 8001a7a:	d1ef      	bne.n	8001a5c <HAL_RCC_ClockConfig+0xf8>
 8001a7c:	e00e      	b.n	8001a9c <HAL_RCC_ClockConfig+0x138>
 8001a7e:	f7ff fc6b 	bl	8001358 <HAL_GetTick>
 8001a82:	0002      	movs	r2, r0
 8001a84:	9b03      	ldr	r3, [sp, #12]
 8001a86:	1ad3      	subs	r3, r2, r3
 8001a88:	4a1e      	ldr	r2, [pc, #120]	@ (8001b04 <HAL_RCC_ClockConfig+0x1a0>)
 8001a8a:	4293      	cmp	r3, r2
 8001a8c:	d901      	bls.n	8001a92 <HAL_RCC_ClockConfig+0x12e>
 8001a8e:	2303      	movs	r3, #3
 8001a90:	e031      	b.n	8001af6 <HAL_RCC_ClockConfig+0x192>
 8001a92:	4b1b      	ldr	r3, [pc, #108]	@ (8001b00 <HAL_RCC_ClockConfig+0x19c>)
 8001a94:	685b      	ldr	r3, [r3, #4]
 8001a96:	220c      	movs	r2, #12
 8001a98:	4013      	ands	r3, r2
 8001a9a:	d1f0      	bne.n	8001a7e <HAL_RCC_ClockConfig+0x11a>
 8001a9c:	4b17      	ldr	r3, [pc, #92]	@ (8001afc <HAL_RCC_ClockConfig+0x198>)
 8001a9e:	681b      	ldr	r3, [r3, #0]
 8001aa0:	2201      	movs	r2, #1
 8001aa2:	4013      	ands	r3, r2
 8001aa4:	9a00      	ldr	r2, [sp, #0]
 8001aa6:	429a      	cmp	r2, r3
 8001aa8:	d211      	bcs.n	8001ace <HAL_RCC_ClockConfig+0x16a>
 8001aaa:	4b14      	ldr	r3, [pc, #80]	@ (8001afc <HAL_RCC_ClockConfig+0x198>)
 8001aac:	681b      	ldr	r3, [r3, #0]
 8001aae:	2201      	movs	r2, #1
 8001ab0:	4393      	bics	r3, r2
 8001ab2:	0019      	movs	r1, r3
 8001ab4:	4b11      	ldr	r3, [pc, #68]	@ (8001afc <HAL_RCC_ClockConfig+0x198>)
 8001ab6:	9a00      	ldr	r2, [sp, #0]
 8001ab8:	430a      	orrs	r2, r1
 8001aba:	601a      	str	r2, [r3, #0]
 8001abc:	4b0f      	ldr	r3, [pc, #60]	@ (8001afc <HAL_RCC_ClockConfig+0x198>)
 8001abe:	681b      	ldr	r3, [r3, #0]
 8001ac0:	2201      	movs	r2, #1
 8001ac2:	4013      	ands	r3, r2
 8001ac4:	9a00      	ldr	r2, [sp, #0]
 8001ac6:	429a      	cmp	r2, r3
 8001ac8:	d001      	beq.n	8001ace <HAL_RCC_ClockConfig+0x16a>
 8001aca:	2301      	movs	r3, #1
 8001acc:	e013      	b.n	8001af6 <HAL_RCC_ClockConfig+0x192>
 8001ace:	9b01      	ldr	r3, [sp, #4]
 8001ad0:	681b      	ldr	r3, [r3, #0]
 8001ad2:	2204      	movs	r2, #4
 8001ad4:	4013      	ands	r3, r2
 8001ad6:	d009      	beq.n	8001aec <HAL_RCC_ClockConfig+0x188>
 8001ad8:	4b09      	ldr	r3, [pc, #36]	@ (8001b00 <HAL_RCC_ClockConfig+0x19c>)
 8001ada:	685b      	ldr	r3, [r3, #4]
 8001adc:	4a0a      	ldr	r2, [pc, #40]	@ (8001b08 <HAL_RCC_ClockConfig+0x1a4>)
 8001ade:	4013      	ands	r3, r2
 8001ae0:	0019      	movs	r1, r3
 8001ae2:	9b01      	ldr	r3, [sp, #4]
 8001ae4:	68da      	ldr	r2, [r3, #12]
 8001ae6:	4b06      	ldr	r3, [pc, #24]	@ (8001b00 <HAL_RCC_ClockConfig+0x19c>)
 8001ae8:	430a      	orrs	r2, r1
 8001aea:	605a      	str	r2, [r3, #4]
 8001aec:	4b07      	ldr	r3, [pc, #28]	@ (8001b0c <HAL_RCC_ClockConfig+0x1a8>)
 8001aee:	22e1      	movs	r2, #225	@ 0xe1
 8001af0:	03d2      	lsls	r2, r2, #15
 8001af2:	601a      	str	r2, [r3, #0]
 8001af4:	2300      	movs	r3, #0
 8001af6:	0018      	movs	r0, r3
 8001af8:	b005      	add	sp, #20
 8001afa:	bd00      	pop	{pc}
 8001afc:	40022000 	.word	0x40022000
 8001b00:	40021000 	.word	0x40021000
 8001b04:	00001388 	.word	0x00001388
 8001b08:	fffff8ff 	.word	0xfffff8ff
 8001b0c:	20000010 	.word	0x20000010

08001b10 <HAL_GPIO_Init>:
 8001b10:	b500      	push	{lr}
 8001b12:	b087      	sub	sp, #28
 8001b14:	9001      	str	r0, [sp, #4]
 8001b16:	9100      	str	r1, [sp, #0]
 8001b18:	2300      	movs	r3, #0
 8001b1a:	9305      	str	r3, [sp, #20]
 8001b1c:	2300      	movs	r3, #0
 8001b1e:	9303      	str	r3, [sp, #12]
 8001b20:	2300      	movs	r3, #0
 8001b22:	9304      	str	r3, [sp, #16]
 8001b24:	e14f      	b.n	8001dc6 <HAL_GPIO_Init+0x2b6>
 8001b26:	9b00      	ldr	r3, [sp, #0]
 8001b28:	681b      	ldr	r3, [r3, #0]
 8001b2a:	2101      	movs	r1, #1
 8001b2c:	9a05      	ldr	r2, [sp, #20]
 8001b2e:	4091      	lsls	r1, r2
 8001b30:	000a      	movs	r2, r1
 8001b32:	4013      	ands	r3, r2
 8001b34:	9303      	str	r3, [sp, #12]
 8001b36:	9b03      	ldr	r3, [sp, #12]
 8001b38:	2b00      	cmp	r3, #0
 8001b3a:	d100      	bne.n	8001b3e <HAL_GPIO_Init+0x2e>
 8001b3c:	e140      	b.n	8001dc0 <HAL_GPIO_Init+0x2b0>
 8001b3e:	9b00      	ldr	r3, [sp, #0]
 8001b40:	685b      	ldr	r3, [r3, #4]
 8001b42:	2b02      	cmp	r3, #2
 8001b44:	d003      	beq.n	8001b4e <HAL_GPIO_Init+0x3e>
 8001b46:	9b00      	ldr	r3, [sp, #0]
 8001b48:	685b      	ldr	r3, [r3, #4]
 8001b4a:	2b12      	cmp	r3, #18
 8001b4c:	d123      	bne.n	8001b96 <HAL_GPIO_Init+0x86>
 8001b4e:	9b05      	ldr	r3, [sp, #20]
 8001b50:	08da      	lsrs	r2, r3, #3
 8001b52:	9b01      	ldr	r3, [sp, #4]
 8001b54:	3208      	adds	r2, #8
 8001b56:	0092      	lsls	r2, r2, #2
 8001b58:	58d3      	ldr	r3, [r2, r3]
 8001b5a:	9304      	str	r3, [sp, #16]
 8001b5c:	9b05      	ldr	r3, [sp, #20]
 8001b5e:	2207      	movs	r2, #7
 8001b60:	4013      	ands	r3, r2
 8001b62:	009b      	lsls	r3, r3, #2
 8001b64:	220f      	movs	r2, #15
 8001b66:	409a      	lsls	r2, r3
 8001b68:	0013      	movs	r3, r2
 8001b6a:	43da      	mvns	r2, r3
 8001b6c:	9b04      	ldr	r3, [sp, #16]
 8001b6e:	4013      	ands	r3, r2
 8001b70:	9304      	str	r3, [sp, #16]
 8001b72:	9b00      	ldr	r3, [sp, #0]
 8001b74:	691a      	ldr	r2, [r3, #16]
 8001b76:	9b05      	ldr	r3, [sp, #20]
 8001b78:	2107      	movs	r1, #7
 8001b7a:	400b      	ands	r3, r1
 8001b7c:	009b      	lsls	r3, r3, #2
 8001b7e:	409a      	lsls	r2, r3
 8001b80:	0013      	movs	r3, r2
 8001b82:	9a04      	ldr	r2, [sp, #16]
 8001b84:	4313      	orrs	r3, r2
 8001b86:	9304      	str	r3, [sp, #16]
 8001b88:	9b05      	ldr	r3, [sp, #20]
 8001b8a:	08da      	lsrs	r2, r3, #3
 8001b8c:	9b01      	ldr	r3, [sp, #4]
 8001b8e:	3208      	adds	r2, #8
 8001b90:	0092      	lsls	r2, r2, #2
 8001b92:	9904      	ldr	r1, [sp, #16]
 8001b94:	50d1      	str	r1, [r2, r3]
 8001b96:	9b01      	ldr	r3, [sp, #4]
 8001b98:	681b      	ldr	r3, [r3, #0]
 8001b9a:	9304      	str	r3, [sp, #16]
 8001b9c:	9b05      	ldr	r3, [sp, #20]
 8001b9e:	005b      	lsls	r3, r3, #1
 8001ba0:	2203      	movs	r2, #3
 8001ba2:	409a      	lsls	r2, r3
 8001ba4:	0013      	movs	r3, r2
 8001ba6:	43da      	mvns	r2, r3
 8001ba8:	9b04      	ldr	r3, [sp, #16]
 8001baa:	4013      	ands	r3, r2
 8001bac:	9304      	str	r3, [sp, #16]
 8001bae:	9b00      	ldr	r3, [sp, #0]
 8001bb0:	685b      	ldr	r3, [r3, #4]
 8001bb2:	2203      	movs	r2, #3
 8001bb4:	401a      	ands	r2, r3
 8001bb6:	9b05      	ldr	r3, [sp, #20]
 8001bb8:	005b      	lsls	r3, r3, #1
 8001bba:	409a      	lsls	r2, r3
 8001bbc:	0013      	movs	r3, r2
 8001bbe:	9a04      	ldr	r2, [sp, #16]
 8001bc0:	4313      	orrs	r3, r2
 8001bc2:	9304      	str	r3, [sp, #16]
 8001bc4:	9b01      	ldr	r3, [sp, #4]
 8001bc6:	9a04      	ldr	r2, [sp, #16]
 8001bc8:	601a      	str	r2, [r3, #0]
 8001bca:	9b00      	ldr	r3, [sp, #0]
 8001bcc:	685b      	ldr	r3, [r3, #4]
 8001bce:	2b01      	cmp	r3, #1
 8001bd0:	d00b      	beq.n	8001bea <HAL_GPIO_Init+0xda>
 8001bd2:	9b00      	ldr	r3, [sp, #0]
 8001bd4:	685b      	ldr	r3, [r3, #4]
 8001bd6:	2b02      	cmp	r3, #2
 8001bd8:	d007      	beq.n	8001bea <HAL_GPIO_Init+0xda>
 8001bda:	9b00      	ldr	r3, [sp, #0]
 8001bdc:	685b      	ldr	r3, [r3, #4]
 8001bde:	2b11      	cmp	r3, #17
 8001be0:	d003      	beq.n	8001bea <HAL_GPIO_Init+0xda>
 8001be2:	9b00      	ldr	r3, [sp, #0]
 8001be4:	685b      	ldr	r3, [r3, #4]
 8001be6:	2b12      	cmp	r3, #18
 8001be8:	d130      	bne.n	8001c4c <HAL_GPIO_Init+0x13c>
 8001bea:	9b01      	ldr	r3, [sp, #4]
 8001bec:	689b      	ldr	r3, [r3, #8]
 8001bee:	9304      	str	r3, [sp, #16]
 8001bf0:	9b05      	ldr	r3, [sp, #20]
 8001bf2:	005b      	lsls	r3, r3, #1
 8001bf4:	2203      	movs	r2, #3
 8001bf6:	409a      	lsls	r2, r3
 8001bf8:	0013      	movs	r3, r2
 8001bfa:	43da      	mvns	r2, r3
 8001bfc:	9b04      	ldr	r3, [sp, #16]
 8001bfe:	4013      	ands	r3, r2
 8001c00:	9304      	str	r3, [sp, #16]
 8001c02:	9b00      	ldr	r3, [sp, #0]
 8001c04:	68da      	ldr	r2, [r3, #12]
 8001c06:	9b05      	ldr	r3, [sp, #20]
 8001c08:	005b      	lsls	r3, r3, #1
 8001c0a:	409a      	lsls	r2, r3
 8001c0c:	0013      	movs	r3, r2
 8001c0e:	9a04      	ldr	r2, [sp, #16]
 8001c10:	4313      	orrs	r3, r2
 8001c12:	9304      	str	r3, [sp, #16]
 8001c14:	9b01      	ldr	r3, [sp, #4]
 8001c16:	9a04      	ldr	r2, [sp, #16]
 8001c18:	609a      	str	r2, [r3, #8]
 8001c1a:	9b01      	ldr	r3, [sp, #4]
 8001c1c:	685b      	ldr	r3, [r3, #4]
 8001c1e:	9304      	str	r3, [sp, #16]
 8001c20:	2201      	movs	r2, #1
 8001c22:	9b05      	ldr	r3, [sp, #20]
 8001c24:	409a      	lsls	r2, r3
 8001c26:	0013      	movs	r3, r2
 8001c28:	43da      	mvns	r2, r3
 8001c2a:	9b04      	ldr	r3, [sp, #16]
 8001c2c:	4013      	ands	r3, r2
 8001c2e:	9304      	str	r3, [sp, #16]
 8001c30:	9b00      	ldr	r3, [sp, #0]
 8001c32:	685b      	ldr	r3, [r3, #4]
 8001c34:	091b      	lsrs	r3, r3, #4
 8001c36:	2201      	movs	r2, #1
 8001c38:	401a      	ands	r2, r3
 8001c3a:	9b05      	ldr	r3, [sp, #20]
 8001c3c:	409a      	lsls	r2, r3
 8001c3e:	0013      	movs	r3, r2
 8001c40:	9a04      	ldr	r2, [sp, #16]
 8001c42:	4313      	orrs	r3, r2
 8001c44:	9304      	str	r3, [sp, #16]
 8001c46:	9b01      	ldr	r3, [sp, #4]
 8001c48:	9a04      	ldr	r2, [sp, #16]
 8001c4a:	605a      	str	r2, [r3, #4]
 8001c4c:	9b01      	ldr	r3, [sp, #4]
 8001c4e:	68db      	ldr	r3, [r3, #12]
 8001c50:	9304      	str	r3, [sp, #16]
 8001c52:	9b05      	ldr	r3, [sp, #20]
 8001c54:	005b      	lsls	r3, r3, #1
 8001c56:	2203      	movs	r2, #3
 8001c58:	409a      	lsls	r2, r3
 8001c5a:	0013      	movs	r3, r2
 8001c5c:	43da      	mvns	r2, r3
 8001c5e:	9b04      	ldr	r3, [sp, #16]
 8001c60:	4013      	ands	r3, r2
 8001c62:	9304      	str	r3, [sp, #16]
 8001c64:	9b00      	ldr	r3, [sp, #0]
 8001c66:	689a      	ldr	r2, [r3, #8]
 8001c68:	9b05      	ldr	r3, [sp, #20]
 8001c6a:	005b      	lsls	r3, r3, #1
 8001c6c:	409a      	lsls	r2, r3
 8001c6e:	0013      	movs	r3, r2
 8001c70:	9a04      	ldr	r2, [sp, #16]
 8001c72:	4313      	orrs	r3, r2
 8001c74:	9304      	str	r3, [sp, #16]
 8001c76:	9b01      	ldr	r3, [sp, #4]
 8001c78:	9a04      	ldr	r2, [sp, #16]
 8001c7a:	60da      	str	r2, [r3, #12]
 8001c7c:	9b00      	ldr	r3, [sp, #0]
 8001c7e:	685a      	ldr	r2, [r3, #4]
 8001c80:	2380      	movs	r3, #128	@ 0x80
 8001c82:	055b      	lsls	r3, r3, #21
 8001c84:	4013      	ands	r3, r2
 8001c86:	d100      	bne.n	8001c8a <HAL_GPIO_Init+0x17a>
 8001c88:	e09a      	b.n	8001dc0 <HAL_GPIO_Init+0x2b0>
 8001c8a:	4b54      	ldr	r3, [pc, #336]	@ (8001ddc <HAL_GPIO_Init+0x2cc>)
 8001c8c:	699a      	ldr	r2, [r3, #24]
 8001c8e:	4b53      	ldr	r3, [pc, #332]	@ (8001ddc <HAL_GPIO_Init+0x2cc>)
 8001c90:	2101      	movs	r1, #1
 8001c92:	430a      	orrs	r2, r1
 8001c94:	619a      	str	r2, [r3, #24]
 8001c96:	4b51      	ldr	r3, [pc, #324]	@ (8001ddc <HAL_GPIO_Init+0x2cc>)
 8001c98:	699b      	ldr	r3, [r3, #24]
 8001c9a:	2201      	movs	r2, #1
 8001c9c:	4013      	ands	r3, r2
 8001c9e:	9302      	str	r3, [sp, #8]
 8001ca0:	9b02      	ldr	r3, [sp, #8]
 8001ca2:	4a4f      	ldr	r2, [pc, #316]	@ (8001de0 <HAL_GPIO_Init+0x2d0>)
 8001ca4:	9b05      	ldr	r3, [sp, #20]
 8001ca6:	089b      	lsrs	r3, r3, #2
 8001ca8:	3302      	adds	r3, #2
 8001caa:	009b      	lsls	r3, r3, #2
 8001cac:	589b      	ldr	r3, [r3, r2]
 8001cae:	9304      	str	r3, [sp, #16]
 8001cb0:	9b05      	ldr	r3, [sp, #20]
 8001cb2:	2203      	movs	r2, #3
 8001cb4:	4013      	ands	r3, r2
 8001cb6:	009b      	lsls	r3, r3, #2
 8001cb8:	220f      	movs	r2, #15
 8001cba:	409a      	lsls	r2, r3
 8001cbc:	0013      	movs	r3, r2
 8001cbe:	43da      	mvns	r2, r3
 8001cc0:	9b04      	ldr	r3, [sp, #16]
 8001cc2:	4013      	ands	r3, r2
 8001cc4:	9304      	str	r3, [sp, #16]
 8001cc6:	9a01      	ldr	r2, [sp, #4]
 8001cc8:	2390      	movs	r3, #144	@ 0x90
 8001cca:	05db      	lsls	r3, r3, #23
 8001ccc:	429a      	cmp	r2, r3
 8001cce:	d013      	beq.n	8001cf8 <HAL_GPIO_Init+0x1e8>
 8001cd0:	9b01      	ldr	r3, [sp, #4]
 8001cd2:	4a44      	ldr	r2, [pc, #272]	@ (8001de4 <HAL_GPIO_Init+0x2d4>)
 8001cd4:	4293      	cmp	r3, r2
 8001cd6:	d00d      	beq.n	8001cf4 <HAL_GPIO_Init+0x1e4>
 8001cd8:	9b01      	ldr	r3, [sp, #4]
 8001cda:	4a43      	ldr	r2, [pc, #268]	@ (8001de8 <HAL_GPIO_Init+0x2d8>)
 8001cdc:	4293      	cmp	r3, r2
 8001cde:	d007      	beq.n	8001cf0 <HAL_GPIO_Init+0x1e0>
 8001ce0:	9b01      	ldr	r3, [sp, #4]
 8001ce2:	4a42      	ldr	r2, [pc, #264]	@ (8001dec <HAL_GPIO_Init+0x2dc>)
 8001ce4:	4293      	cmp	r3, r2
 8001ce6:	d101      	bne.n	8001cec <HAL_GPIO_Init+0x1dc>
 8001ce8:	2303      	movs	r3, #3
 8001cea:	e006      	b.n	8001cfa <HAL_GPIO_Init+0x1ea>
 8001cec:	2305      	movs	r3, #5
 8001cee:	e004      	b.n	8001cfa <HAL_GPIO_Init+0x1ea>
 8001cf0:	2302      	movs	r3, #2
 8001cf2:	e002      	b.n	8001cfa <HAL_GPIO_Init+0x1ea>
 8001cf4:	2301      	movs	r3, #1
 8001cf6:	e000      	b.n	8001cfa <HAL_GPIO_Init+0x1ea>
 8001cf8:	2300      	movs	r3, #0
 8001cfa:	9a05      	ldr	r2, [sp, #20]
 8001cfc:	2103      	movs	r1, #3
 8001cfe:	400a      	ands	r2, r1
 8001d00:	0092      	lsls	r2, r2, #2
 8001d02:	4093      	lsls	r3, r2
 8001d04:	9a04      	ldr	r2, [sp, #16]
 8001d06:	4313      	orrs	r3, r2
 8001d08:	9304      	str	r3, [sp, #16]
 8001d0a:	4935      	ldr	r1, [pc, #212]	@ (8001de0 <HAL_GPIO_Init+0x2d0>)
 8001d0c:	9b05      	ldr	r3, [sp, #20]
 8001d0e:	089b      	lsrs	r3, r3, #2
 8001d10:	3302      	adds	r3, #2
 8001d12:	009b      	lsls	r3, r3, #2
 8001d14:	9a04      	ldr	r2, [sp, #16]
 8001d16:	505a      	str	r2, [r3, r1]
 8001d18:	4b35      	ldr	r3, [pc, #212]	@ (8001df0 <HAL_GPIO_Init+0x2e0>)
 8001d1a:	681b      	ldr	r3, [r3, #0]
 8001d1c:	9304      	str	r3, [sp, #16]
 8001d1e:	9b03      	ldr	r3, [sp, #12]
 8001d20:	43da      	mvns	r2, r3
 8001d22:	9b04      	ldr	r3, [sp, #16]
 8001d24:	4013      	ands	r3, r2
 8001d26:	9304      	str	r3, [sp, #16]
 8001d28:	9b00      	ldr	r3, [sp, #0]
 8001d2a:	685a      	ldr	r2, [r3, #4]
 8001d2c:	2380      	movs	r3, #128	@ 0x80
 8001d2e:	025b      	lsls	r3, r3, #9
 8001d30:	4013      	ands	r3, r2
 8001d32:	d003      	beq.n	8001d3c <HAL_GPIO_Init+0x22c>
 8001d34:	9a04      	ldr	r2, [sp, #16]
 8001d36:	9b03      	ldr	r3, [sp, #12]
 8001d38:	4313      	orrs	r3, r2
 8001d3a:	9304      	str	r3, [sp, #16]
 8001d3c:	4b2c      	ldr	r3, [pc, #176]	@ (8001df0 <HAL_GPIO_Init+0x2e0>)
 8001d3e:	9a04      	ldr	r2, [sp, #16]
 8001d40:	601a      	str	r2, [r3, #0]
 8001d42:	4b2b      	ldr	r3, [pc, #172]	@ (8001df0 <HAL_GPIO_Init+0x2e0>)
 8001d44:	685b      	ldr	r3, [r3, #4]
 8001d46:	9304      	str	r3, [sp, #16]
 8001d48:	9b03      	ldr	r3, [sp, #12]
 8001d4a:	43da      	mvns	r2, r3
 8001d4c:	9b04      	ldr	r3, [sp, #16]
 8001d4e:	4013      	ands	r3, r2
 8001d50:	9304      	str	r3, [sp, #16]
 8001d52:	9b00      	ldr	r3, [sp, #0]
 8001d54:	685a      	ldr	r2, [r3, #4]
 8001d56:	2380      	movs	r3, #128	@ 0x80
 8001d58:	029b      	lsls	r3, r3, #10
 8001d5a:	4013      	ands	r3, r2
 8001d5c:	d003      	beq.n	8001d66 <HAL_GPIO_Init+0x256>
 8001d5e:	9a04      	ldr	r2, [sp, #16]
 8001d60:	9b03      	ldr	r3, [sp, #12]
 8001d62:	4313      	orrs	r3, r2
 8001d64:	9304      	str	r3, [sp, #16]
 8001d66:	4b22      	ldr	r3, [pc, #136]	@ (8001df0 <HAL_GPIO_Init+0x2e0>)
 8001d68:	9a04      	ldr	r2, [sp, #16]
 8001d6a:	605a      	str	r2, [r3, #4]
 8001d6c:	4b20      	ldr	r3, [pc, #128]	@ (8001df0 <HAL_GPIO_Init+0x2e0>)
 8001d6e:	689b      	ldr	r3, [r3, #8]
 8001d70:	9304      	str	r3, [sp, #16]
 8001d72:	9b03      	ldr	r3, [sp, #12]
 8001d74:	43da      	mvns	r2, r3
 8001d76:	9b04      	ldr	r3, [sp, #16]
 8001d78:	4013      	ands	r3, r2
 8001d7a:	9304      	str	r3, [sp, #16]
 8001d7c:	9b00      	ldr	r3, [sp, #0]
 8001d7e:	685a      	ldr	r2, [r3, #4]
 8001d80:	2380      	movs	r3, #128	@ 0x80
 8001d82:	035b      	lsls	r3, r3, #13
 8001d84:	4013      	ands	r3, r2
 8001d86:	d003      	beq.n	8001d90 <HAL_GPIO_Init+0x280>
 8001d88:	9a04      	ldr	r2, [sp, #16]
 8001d8a:	9b03      	ldr	r3, [sp, #12]
 8001d8c:	4313      	orrs	r3, r2
 8001d8e:	9304      	str	r3, [sp, #16]
 8001d90:	4b17      	ldr	r3, [pc, #92]	@ (8001df0 <HAL_GPIO_Init+0x2e0>)
 8001d92:	9a04      	ldr	r2, [sp, #16]
 8001d94:	609a      	str	r2, [r3, #8]
 8001d96:	4b16      	ldr	r3, [pc, #88]	@ (8001df0 <HAL_GPIO_Init+0x2e0>)
 8001d98:	68db      	ldr	r3, [r3, #12]
 8001d9a:	9304      	str	r3, [sp, #16]
 8001d9c:	9b03      	ldr	r3, [sp, #12]
 8001d9e:	43da      	mvns	r2, r3
 8001da0:	9b04      	ldr	r3, [sp, #16]
 8001da2:	4013      	ands	r3, r2
 8001da4:	9304      	str	r3, [sp, #16]
 8001da6:	9b00      	ldr	r3, [sp, #0]
 8001da8:	685a      	ldr	r2, [r3, #4]
 8001daa:	2380      	movs	r3, #128	@ 0x80
 8001dac:	039b      	lsls	r3, r3, #14
 8001dae:	4013      	ands	r3, r2
 8001db0:	d003      	beq.n	8001dba <HAL_GPIO_Init+0x2aa>
 8001db2:	9a04      	ldr	r2, [sp, #16]
 8001db4:	9b03      	ldr	r3, [sp, #12]
 8001db6:	4313      	orrs	r3, r2
 8001db8:	9304      	str	r3, [sp, #16]
 8001dba:	4b0d      	ldr	r3, [pc, #52]	@ (8001df0 <HAL_GPIO_Init+0x2e0>)
 8001dbc:	9a04      	ldr	r2, [sp, #16]
 8001dbe:	60da      	str	r2, [r3, #12]
 8001dc0:	9b05      	ldr	r3, [sp, #20]
 8001dc2:	3301      	adds	r3, #1
 8001dc4:	9305      	str	r3, [sp, #20]
 8001dc6:	9b00      	ldr	r3, [sp, #0]
 8001dc8:	681a      	ldr	r2, [r3, #0]
 8001dca:	9b05      	ldr	r3, [sp, #20]
 8001dcc:	40da      	lsrs	r2, r3
 8001dce:	1e13      	subs	r3, r2, #0
 8001dd0:	d000      	beq.n	8001dd4 <HAL_GPIO_Init+0x2c4>
 8001dd2:	e6a8      	b.n	8001b26 <HAL_GPIO_Init+0x16>
 8001dd4:	46c0      	nop			@ (mov r8, r8)
 8001dd6:	46c0      	nop			@ (mov r8, r8)
 8001dd8:	b007      	add	sp, #28
 8001dda:	bd00      	pop	{pc}
 8001ddc:	40021000 	.word	0x40021000
 8001de0:	40010000 	.word	0x40010000
 8001de4:	48000400 	.word	0x48000400
 8001de8:	48000800 	.word	0x48000800
 8001dec:	48000c00 	.word	0x48000c00
 8001df0:	40010400 	.word	0x40010400

08001df4 <HAL_GPIO_WritePin>:
 8001df4:	b082      	sub	sp, #8
 8001df6:	9001      	str	r0, [sp, #4]
 8001df8:	0008      	movs	r0, r1
 8001dfa:	0011      	movs	r1, r2
 8001dfc:	466b      	mov	r3, sp
 8001dfe:	3302      	adds	r3, #2
 8001e00:	1c02      	adds	r2, r0, #0
 8001e02:	801a      	strh	r2, [r3, #0]
 8001e04:	466b      	mov	r3, sp
 8001e06:	3301      	adds	r3, #1
 8001e08:	1c0a      	adds	r2, r1, #0
 8001e0a:	701a      	strb	r2, [r3, #0]
 8001e0c:	466b      	mov	r3, sp
 8001e0e:	3301      	adds	r3, #1
 8001e10:	781b      	ldrb	r3, [r3, #0]
 8001e12:	2b00      	cmp	r3, #0
 8001e14:	d005      	beq.n	8001e22 <HAL_GPIO_WritePin+0x2e>
 8001e16:	466b      	mov	r3, sp
 8001e18:	3302      	adds	r3, #2
 8001e1a:	881a      	ldrh	r2, [r3, #0]
 8001e1c:	9b01      	ldr	r3, [sp, #4]
 8001e1e:	619a      	str	r2, [r3, #24]
 8001e20:	e004      	b.n	8001e2c <HAL_GPIO_WritePin+0x38>
 8001e22:	466b      	mov	r3, sp
 8001e24:	3302      	adds	r3, #2
 8001e26:	881a      	ldrh	r2, [r3, #0]
 8001e28:	9b01      	ldr	r3, [sp, #4]
 8001e2a:	629a      	str	r2, [r3, #40]	@ 0x28
 8001e2c:	46c0      	nop			@ (mov r8, r8)
 8001e2e:	b002      	add	sp, #8
 8001e30:	4770      	bx	lr
 8001e32:	0000      	movs	r0, r0

08001e34 <UART_WaitOnFlagUntilTimeout>:
 8001e34:	b500      	push	{lr}
 8001e36:	b085      	sub	sp, #20
 8001e38:	9003      	str	r0, [sp, #12]
 8001e3a:	9102      	str	r1, [sp, #8]
 8001e3c:	9300      	str	r3, [sp, #0]
 8001e3e:	466b      	mov	r3, sp
 8001e40:	3307      	adds	r3, #7
 8001e42:	701a      	strb	r2, [r3, #0]
 8001e44:	e02b      	b.n	8001e9e <UART_WaitOnFlagUntilTimeout+0x6a>
 8001e46:	9b06      	ldr	r3, [sp, #24]
 8001e48:	3301      	adds	r3, #1
 8001e4a:	d028      	beq.n	8001e9e <UART_WaitOnFlagUntilTimeout+0x6a>
 8001e4c:	9b06      	ldr	r3, [sp, #24]
 8001e4e:	2b00      	cmp	r3, #0
 8001e50:	d007      	beq.n	8001e62 <UART_WaitOnFlagUntilTimeout+0x2e>
 8001e52:	f7ff fa81 	bl	8001358 <HAL_GetTick>
 8001e56:	0002      	movs	r2, r0
 8001e58:	9b00      	ldr	r3, [sp, #0]
 8001e5a:	1ad3      	subs	r3, r2, r3
 8001e5c:	9a06      	ldr	r2, [sp, #24]
 8001e5e:	429a      	cmp	r2, r3
 8001e60:	d21d      	bcs.n	8001e9e <UART_WaitOnFlagUntilTimeout+0x6a>
 8001e62:	9b03      	ldr	r3, [sp, #12]
 8001e64:	681b      	ldr	r3, [r3, #0]
 8001e66:	681a      	ldr	r2, [r3, #0]
 8001e68:	9b03      	ldr	r3, [sp, #12]
 8001e6a:	681b      	ldr	r3, [r3, #0]
 8001e6c:	4916      	ldr	r1, [pc, #88]	@ (8001ec8 <UART_WaitOnFlagUntilTimeout+0x94>)
 8001e6e:	400a      	ands	r2, r1
 8001e70:	601a      	str	r2, [r3, #0]
 8001e72:	9b03      	ldr	r3, [sp, #12]
 8001e74:	681b      	ldr	r3, [r3, #0]
 8001e76:	689a      	ldr	r2, [r3, #8]
 8001e78:	9b03      	ldr	r3, [sp, #12]
 8001e7a:	681b      	ldr	r3, [r3, #0]
 8001e7c:	2101      	movs	r1, #1
 8001e7e:	438a      	bics	r2, r1
 8001e80:	609a      	str	r2, [r3, #8]
 8001e82:	9b03      	ldr	r3, [sp, #12]
 8001e84:	2269      	movs	r2, #105	@ 0x69
 8001e86:	2120      	movs	r1, #32
 8001e88:	5499      	strb	r1, [r3, r2]
 8001e8a:	9b03      	ldr	r3, [sp, #12]
 8001e8c:	226a      	movs	r2, #106	@ 0x6a
 8001e8e:	2120      	movs	r1, #32
 8001e90:	5499      	strb	r1, [r3, r2]
 8001e92:	9b03      	ldr	r3, [sp, #12]
 8001e94:	2268      	movs	r2, #104	@ 0x68
 8001e96:	2100      	movs	r1, #0
 8001e98:	5499      	strb	r1, [r3, r2]
 8001e9a:	2303      	movs	r3, #3
 8001e9c:	e010      	b.n	8001ec0 <UART_WaitOnFlagUntilTimeout+0x8c>
 8001e9e:	9b03      	ldr	r3, [sp, #12]
 8001ea0:	681b      	ldr	r3, [r3, #0]
 8001ea2:	69db      	ldr	r3, [r3, #28]
 8001ea4:	9a02      	ldr	r2, [sp, #8]
 8001ea6:	4013      	ands	r3, r2
 8001ea8:	9a02      	ldr	r2, [sp, #8]
 8001eaa:	1ad3      	subs	r3, r2, r3
 8001eac:	425a      	negs	r2, r3
 8001eae:	4153      	adcs	r3, r2
 8001eb0:	b2db      	uxtb	r3, r3
 8001eb2:	001a      	movs	r2, r3
 8001eb4:	466b      	mov	r3, sp
 8001eb6:	3307      	adds	r3, #7
 8001eb8:	781b      	ldrb	r3, [r3, #0]
 8001eba:	429a      	cmp	r2, r3
 8001ebc:	d0c3      	beq.n	8001e46 <UART_WaitOnFlagUntilTimeout+0x12>
 8001ebe:	2300      	movs	r3, #0
 8001ec0:	0018      	movs	r0, r3
 8001ec2:	b005      	add	sp, #20
 8001ec4:	bd00      	pop	{pc}
 8001ec6:	46c0      	nop			@ (mov r8, r8)
 8001ec8:	fffffe5f 	.word	0xfffffe5f

08001ecc <UART_CheckIdleState>:
 8001ecc:	b082      	sub	sp, #8
 8001ece:	9001      	str	r0, [sp, #4]
 8001ed0:	9b01      	ldr	r3, [sp, #4]
 8001ed2:	2200      	movs	r2, #0
 8001ed4:	66da      	str	r2, [r3, #108]	@ 0x6c
 8001ed6:	9b01      	ldr	r3, [sp, #4]
 8001ed8:	2269      	movs	r2, #105	@ 0x69
 8001eda:	2120      	movs	r1, #32
 8001edc:	5499      	strb	r1, [r3, r2]
 8001ede:	9b01      	ldr	r3, [sp, #4]
 8001ee0:	226a      	movs	r2, #106	@ 0x6a
 8001ee2:	2120      	movs	r1, #32
 8001ee4:	5499      	strb	r1, [r3, r2]
 8001ee6:	9b01      	ldr	r3, [sp, #4]
 8001ee8:	2268      	movs	r2, #104	@ 0x68
 8001eea:	2100      	movs	r1, #0
 8001eec:	5499      	strb	r1, [r3, r2]
 8001eee:	2300      	movs	r3, #0
 8001ef0:	0018      	movs	r0, r3
 8001ef2:	b002      	add	sp, #8
 8001ef4:	4770      	bx	lr
 8001ef6:	0000      	movs	r0, r0

08001ef8 <UART_SetConfig>:
 8001ef8:	b500      	push	{lr}
 8001efa:	b087      	sub	sp, #28
 8001efc:	9001      	str	r0, [sp, #4]
 8001efe:	2300      	movs	r3, #0
 8001f00:	9303      	str	r3, [sp, #12]
 8001f02:	2317      	movs	r3, #23
 8001f04:	446b      	add	r3, sp
 8001f06:	2210      	movs	r2, #16
 8001f08:	701a      	strb	r2, [r3, #0]
 8001f0a:	230a      	movs	r3, #10
 8001f0c:	446b      	add	r3, sp
 8001f0e:	2200      	movs	r2, #0
 8001f10:	801a      	strh	r2, [r3, #0]
 8001f12:	ab05      	add	r3, sp, #20
 8001f14:	2200      	movs	r2, #0
 8001f16:	801a      	strh	r2, [r3, #0]
 8001f18:	2313      	movs	r3, #19
 8001f1a:	446b      	add	r3, sp
 8001f1c:	2200      	movs	r2, #0
 8001f1e:	701a      	strb	r2, [r3, #0]
 8001f20:	9b01      	ldr	r3, [sp, #4]
 8001f22:	689a      	ldr	r2, [r3, #8]
 8001f24:	9b01      	ldr	r3, [sp, #4]
 8001f26:	691b      	ldr	r3, [r3, #16]
 8001f28:	431a      	orrs	r2, r3
 8001f2a:	9b01      	ldr	r3, [sp, #4]
 8001f2c:	695b      	ldr	r3, [r3, #20]
 8001f2e:	431a      	orrs	r2, r3
 8001f30:	9b01      	ldr	r3, [sp, #4]
 8001f32:	69db      	ldr	r3, [r3, #28]
 8001f34:	4313      	orrs	r3, r2
 8001f36:	9303      	str	r3, [sp, #12]
 8001f38:	9b01      	ldr	r3, [sp, #4]
 8001f3a:	681b      	ldr	r3, [r3, #0]
 8001f3c:	681b      	ldr	r3, [r3, #0]
 8001f3e:	4a95      	ldr	r2, [pc, #596]	@ (8002194 <UART_SetConfig+0x29c>)
 8001f40:	4013      	ands	r3, r2
 8001f42:	0019      	movs	r1, r3
 8001f44:	9b01      	ldr	r3, [sp, #4]
 8001f46:	681b      	ldr	r3, [r3, #0]
 8001f48:	9a03      	ldr	r2, [sp, #12]
 8001f4a:	430a      	orrs	r2, r1
 8001f4c:	601a      	str	r2, [r3, #0]
 8001f4e:	9b01      	ldr	r3, [sp, #4]
 8001f50:	681b      	ldr	r3, [r3, #0]
 8001f52:	685b      	ldr	r3, [r3, #4]
 8001f54:	4a90      	ldr	r2, [pc, #576]	@ (8002198 <UART_SetConfig+0x2a0>)
 8001f56:	4013      	ands	r3, r2
 8001f58:	0019      	movs	r1, r3
 8001f5a:	9b01      	ldr	r3, [sp, #4]
 8001f5c:	68da      	ldr	r2, [r3, #12]
 8001f5e:	9b01      	ldr	r3, [sp, #4]
 8001f60:	681b      	ldr	r3, [r3, #0]
 8001f62:	430a      	orrs	r2, r1
 8001f64:	605a      	str	r2, [r3, #4]
 8001f66:	9b01      	ldr	r3, [sp, #4]
 8001f68:	699a      	ldr	r2, [r3, #24]
 8001f6a:	9b01      	ldr	r3, [sp, #4]
 8001f6c:	6a1b      	ldr	r3, [r3, #32]
 8001f6e:	4313      	orrs	r3, r2
 8001f70:	9303      	str	r3, [sp, #12]
 8001f72:	9b01      	ldr	r3, [sp, #4]
 8001f74:	681b      	ldr	r3, [r3, #0]
 8001f76:	689b      	ldr	r3, [r3, #8]
 8001f78:	4a88      	ldr	r2, [pc, #544]	@ (800219c <UART_SetConfig+0x2a4>)
 8001f7a:	4013      	ands	r3, r2
 8001f7c:	0019      	movs	r1, r3
 8001f7e:	9b01      	ldr	r3, [sp, #4]
 8001f80:	681b      	ldr	r3, [r3, #0]
 8001f82:	9a03      	ldr	r2, [sp, #12]
 8001f84:	430a      	orrs	r2, r1
 8001f86:	609a      	str	r2, [r3, #8]
 8001f88:	4b85      	ldr	r3, [pc, #532]	@ (80021a0 <UART_SetConfig+0x2a8>)
 8001f8a:	6b1b      	ldr	r3, [r3, #48]	@ 0x30
 8001f8c:	2203      	movs	r2, #3
 8001f8e:	4013      	ands	r3, r2
 8001f90:	2b03      	cmp	r3, #3
 8001f92:	d00d      	beq.n	8001fb0 <UART_SetConfig+0xb8>
 8001f94:	d81b      	bhi.n	8001fce <UART_SetConfig+0xd6>
 8001f96:	2b02      	cmp	r3, #2
 8001f98:	d014      	beq.n	8001fc4 <UART_SetConfig+0xcc>
 8001f9a:	d818      	bhi.n	8001fce <UART_SetConfig+0xd6>
 8001f9c:	2b00      	cmp	r3, #0
 8001f9e:	d002      	beq.n	8001fa6 <UART_SetConfig+0xae>
 8001fa0:	2b01      	cmp	r3, #1
 8001fa2:	d00a      	beq.n	8001fba <UART_SetConfig+0xc2>
 8001fa4:	e013      	b.n	8001fce <UART_SetConfig+0xd6>
 8001fa6:	2317      	movs	r3, #23
 8001fa8:	446b      	add	r3, sp
 8001faa:	2200      	movs	r2, #0
 8001fac:	701a      	strb	r2, [r3, #0]
 8001fae:	e012      	b.n	8001fd6 <UART_SetConfig+0xde>
 8001fb0:	2317      	movs	r3, #23
 8001fb2:	446b      	add	r3, sp
 8001fb4:	2202      	movs	r2, #2
 8001fb6:	701a      	strb	r2, [r3, #0]
 8001fb8:	e00d      	b.n	8001fd6 <UART_SetConfig+0xde>
 8001fba:	2317      	movs	r3, #23
 8001fbc:	446b      	add	r3, sp
 8001fbe:	2204      	movs	r2, #4
 8001fc0:	701a      	strb	r2, [r3, #0]
 8001fc2:	e008      	b.n	8001fd6 <UART_SetConfig+0xde>
 8001fc4:	2317      	movs	r3, #23
 8001fc6:	446b      	add	r3, sp
 8001fc8:	2208      	movs	r2, #8
 8001fca:	701a      	strb	r2, [r3, #0]
 8001fcc:	e003      	b.n	8001fd6 <UART_SetConfig+0xde>
 8001fce:	2317      	movs	r3, #23
 8001fd0:	446b      	add	r3, sp
 8001fd2:	2210      	movs	r2, #16
 8001fd4:	701a      	strb	r2, [r3, #0]
 8001fd6:	9b01      	ldr	r3, [sp, #4]
 8001fd8:	69da      	ldr	r2, [r3, #28]
 8001fda:	2380      	movs	r3, #128	@ 0x80
 8001fdc:	021b      	lsls	r3, r3, #8
 8001fde:	429a      	cmp	r2, r3
 8001fe0:	d000      	beq.n	8001fe4 <UART_SetConfig+0xec>
 8001fe2:	e075      	b.n	80020d0 <UART_SetConfig+0x1d8>
 8001fe4:	2317      	movs	r3, #23
 8001fe6:	446b      	add	r3, sp
 8001fe8:	781b      	ldrb	r3, [r3, #0]
 8001fea:	2b08      	cmp	r3, #8
 8001fec:	d03e      	beq.n	800206c <UART_SetConfig+0x174>
 8001fee:	dc4e      	bgt.n	800208e <UART_SetConfig+0x196>
 8001ff0:	2b04      	cmp	r3, #4
 8001ff2:	d028      	beq.n	8002046 <UART_SetConfig+0x14e>
 8001ff4:	dc4b      	bgt.n	800208e <UART_SetConfig+0x196>
 8001ff6:	2b00      	cmp	r3, #0
 8001ff8:	d002      	beq.n	8002000 <UART_SetConfig+0x108>
 8001ffa:	2b02      	cmp	r3, #2
 8001ffc:	d013      	beq.n	8002026 <UART_SetConfig+0x12e>
 8001ffe:	e046      	b.n	800208e <UART_SetConfig+0x196>
 8002000:	f7ff f9b8 	bl	8001374 <HAL_RCC_GetPCLK1Freq>
 8002004:	0003      	movs	r3, r0
 8002006:	005a      	lsls	r2, r3, #1
 8002008:	9b01      	ldr	r3, [sp, #4]
 800200a:	685b      	ldr	r3, [r3, #4]
 800200c:	085b      	lsrs	r3, r3, #1
 800200e:	18d2      	adds	r2, r2, r3
 8002010:	9b01      	ldr	r3, [sp, #4]
 8002012:	685b      	ldr	r3, [r3, #4]
 8002014:	0019      	movs	r1, r3
 8002016:	0010      	movs	r0, r2
 8002018:	f7fe f8b6 	bl	8000188 <__udivsi3>
 800201c:	0003      	movs	r3, r0
 800201e:	001a      	movs	r2, r3
 8002020:	ab05      	add	r3, sp, #20
 8002022:	801a      	strh	r2, [r3, #0]
 8002024:	e038      	b.n	8002098 <UART_SetConfig+0x1a0>
 8002026:	9b01      	ldr	r3, [sp, #4]
 8002028:	685b      	ldr	r3, [r3, #4]
 800202a:	085b      	lsrs	r3, r3, #1
 800202c:	4a5d      	ldr	r2, [pc, #372]	@ (80021a4 <UART_SetConfig+0x2ac>)
 800202e:	189a      	adds	r2, r3, r2
 8002030:	9b01      	ldr	r3, [sp, #4]
 8002032:	685b      	ldr	r3, [r3, #4]
 8002034:	0019      	movs	r1, r3
 8002036:	0010      	movs	r0, r2
 8002038:	f7fe f8a6 	bl	8000188 <__udivsi3>
 800203c:	0003      	movs	r3, r0
 800203e:	001a      	movs	r2, r3
 8002040:	ab05      	add	r3, sp, #20
 8002042:	801a      	strh	r2, [r3, #0]
 8002044:	e028      	b.n	8002098 <UART_SetConfig+0x1a0>
 8002046:	f7ff f991 	bl	800136c <HAL_RCC_GetSysClockFreq>
 800204a:	0003      	movs	r3, r0
 800204c:	005a      	lsls	r2, r3, #1
 800204e:	9b01      	ldr	r3, [sp, #4]
 8002050:	685b      	ldr	r3, [r3, #4]
 8002052:	085b      	lsrs	r3, r3, #1
 8002054:	18d2      	adds	r2, r2, r3
 8002056:	9b01      	ldr	r3, [sp, #4]
 8002058:	685b      	ldr	r3, [r3, #4]
 800205a:	0019      	movs	r1, r3
 800205c:	0010      	movs	r0, r2
 800205e:	f7fe f893 	bl	8000188 <__udivsi3>
 8002062:	0003      	movs	r3, r0
 8002064:	001a      	movs	r2, r3
 8002066:	ab05      	add	r3, sp, #20
 8002068:	801a      	strh	r2, [r3, #0]
 800206a:	e015      	b.n	8002098 <UART_SetConfig+0x1a0>
 800206c:	9b01      	ldr	r3, [sp, #4]
 800206e:	685b      	ldr	r3, [r3, #4]
 8002070:	085b      	lsrs	r3, r3, #1
 8002072:	2280      	movs	r2, #128	@ 0x80
 8002074:	0252      	lsls	r2, r2, #9
 8002076:	189a      	adds	r2, r3, r2
 8002078:	9b01      	ldr	r3, [sp, #4]
 800207a:	685b      	ldr	r3, [r3, #4]
 800207c:	0019      	movs	r1, r3
 800207e:	0010      	movs	r0, r2
 8002080:	f7fe f882 	bl	8000188 <__udivsi3>
 8002084:	0003      	movs	r3, r0
 8002086:	001a      	movs	r2, r3
 8002088:	ab05      	add	r3, sp, #20
 800208a:	801a      	strh	r2, [r3, #0]
 800208c:	e004      	b.n	8002098 <UART_SetConfig+0x1a0>
 800208e:	2313      	movs	r3, #19
 8002090:	446b      	add	r3, sp
 8002092:	2201      	movs	r2, #1
 8002094:	701a      	strb	r2, [r3, #0]
 8002096:	46c0      	nop			@ (mov r8, r8)
 8002098:	230a      	movs	r3, #10
 800209a:	446b      	add	r3, sp
 800209c:	aa05      	add	r2, sp, #20
 800209e:	8812      	ldrh	r2, [r2, #0]
 80020a0:	210f      	movs	r1, #15
 80020a2:	438a      	bics	r2, r1
 80020a4:	801a      	strh	r2, [r3, #0]
 80020a6:	ab05      	add	r3, sp, #20
 80020a8:	881b      	ldrh	r3, [r3, #0]
 80020aa:	105b      	asrs	r3, r3, #1
 80020ac:	b29b      	uxth	r3, r3
 80020ae:	2207      	movs	r2, #7
 80020b0:	4013      	ands	r3, r2
 80020b2:	b299      	uxth	r1, r3
 80020b4:	230a      	movs	r3, #10
 80020b6:	446b      	add	r3, sp
 80020b8:	220a      	movs	r2, #10
 80020ba:	446a      	add	r2, sp
 80020bc:	8812      	ldrh	r2, [r2, #0]
 80020be:	430a      	orrs	r2, r1
 80020c0:	801a      	strh	r2, [r3, #0]
 80020c2:	9b01      	ldr	r3, [sp, #4]
 80020c4:	681b      	ldr	r3, [r3, #0]
 80020c6:	220a      	movs	r2, #10
 80020c8:	446a      	add	r2, sp
 80020ca:	8812      	ldrh	r2, [r2, #0]
 80020cc:	60da      	str	r2, [r3, #12]
 80020ce:	e05b      	b.n	8002188 <UART_SetConfig+0x290>
 80020d0:	2317      	movs	r3, #23
 80020d2:	446b      	add	r3, sp
 80020d4:	781b      	ldrb	r3, [r3, #0]
 80020d6:	2b08      	cmp	r3, #8
 80020d8:	d03f      	beq.n	800215a <UART_SetConfig+0x262>
 80020da:	dc50      	bgt.n	800217e <UART_SetConfig+0x286>
 80020dc:	2b04      	cmp	r3, #4
 80020de:	d029      	beq.n	8002134 <UART_SetConfig+0x23c>
 80020e0:	dc4d      	bgt.n	800217e <UART_SetConfig+0x286>
 80020e2:	2b00      	cmp	r3, #0
 80020e4:	d002      	beq.n	80020ec <UART_SetConfig+0x1f4>
 80020e6:	2b02      	cmp	r3, #2
 80020e8:	d013      	beq.n	8002112 <UART_SetConfig+0x21a>
 80020ea:	e048      	b.n	800217e <UART_SetConfig+0x286>
 80020ec:	f7ff f942 	bl	8001374 <HAL_RCC_GetPCLK1Freq>
 80020f0:	0002      	movs	r2, r0
 80020f2:	9b01      	ldr	r3, [sp, #4]
 80020f4:	685b      	ldr	r3, [r3, #4]
 80020f6:	085b      	lsrs	r3, r3, #1
 80020f8:	18d2      	adds	r2, r2, r3
 80020fa:	9b01      	ldr	r3, [sp, #4]
 80020fc:	685b      	ldr	r3, [r3, #4]
 80020fe:	0019      	movs	r1, r3
 8002100:	0010      	movs	r0, r2
 8002102:	f7fe f841 	bl	8000188 <__udivsi3>
 8002106:	0003      	movs	r3, r0
 8002108:	b29a      	uxth	r2, r3
 800210a:	9b01      	ldr	r3, [sp, #4]
 800210c:	681b      	ldr	r3, [r3, #0]
 800210e:	60da      	str	r2, [r3, #12]
 8002110:	e03a      	b.n	8002188 <UART_SetConfig+0x290>
 8002112:	9b01      	ldr	r3, [sp, #4]
 8002114:	685b      	ldr	r3, [r3, #4]
 8002116:	085b      	lsrs	r3, r3, #1
 8002118:	4a23      	ldr	r2, [pc, #140]	@ (80021a8 <UART_SetConfig+0x2b0>)
 800211a:	189a      	adds	r2, r3, r2
 800211c:	9b01      	ldr	r3, [sp, #4]
 800211e:	685b      	ldr	r3, [r3, #4]
 8002120:	0019      	movs	r1, r3
 8002122:	0010      	movs	r0, r2
 8002124:	f7fe f830 	bl	8000188 <__udivsi3>
 8002128:	0003      	movs	r3, r0
 800212a:	b29a      	uxth	r2, r3
 800212c:	9b01      	ldr	r3, [sp, #4]
 800212e:	681b      	ldr	r3, [r3, #0]
 8002130:	60da      	str	r2, [r3, #12]
 8002132:	e029      	b.n	8002188 <UART_SetConfig+0x290>
 8002134:	f7ff f91a 	bl	800136c <HAL_RCC_GetSysClockFreq>
 8002138:	0002      	movs	r2, r0
 800213a:	9b01      	ldr	r3, [sp, #4]
 800213c:	685b      	ldr	r3, [r3, #4]
 800213e:	085b      	lsrs	r3, r3, #1
 8002140:	18d2      	adds	r2, r2, r3
 8002142:	9b01      	ldr	r3, [sp, #4]
 8002144:	685b      	ldr	r3, [r3, #4]
 8002146:	0019      	movs	r1, r3
 8002148:	0010      	movs	r0, r2
 800214a:	f7fe f81d 	bl	8000188 <__udivsi3>
 800214e:	0003      	movs	r3, r0
 8002150:	b29a      	uxth	r2, r3
 8002152:	9b01      	ldr	r3, [sp, #4]
 8002154:	681b      	ldr	r3, [r3, #0]
 8002156:	60da      	str	r2, [r3, #12]
 8002158:	e016      	b.n	8002188 <UART_SetConfig+0x290>
 800215a:	9b01      	ldr	r3, [sp, #4]
 800215c:	685b      	ldr	r3, [r3, #4]
 800215e:	085b      	lsrs	r3, r3, #1
 8002160:	2280      	movs	r2, #128	@ 0x80
 8002162:	0212      	lsls	r2, r2, #8
 8002164:	189a      	adds	r2, r3, r2
 8002166:	9b01      	ldr	r3, [sp, #4]
 8002168:	685b      	ldr	r3, [r3, #4]
 800216a:	0019      	movs	r1, r3
 800216c:	0010      	movs	r0, r2
 800216e:	f7fe f80b 	bl	8000188 <__udivsi3>
 8002172:	0003      	movs	r3, r0
 8002174:	b29a      	uxth	r2, r3
 8002176:	9b01      	ldr	r3, [sp, #4]
 8002178:	681b      	ldr	r3, [r3, #0]
 800217a:	60da      	str	r2, [r3, #12]
 800217c:	e004      	b.n	8002188 <UART_SetConfig+0x290>
 800217e:	2313      	movs	r3, #19
 8002180:	446b      	add	r3, sp
 8002182:	2201      	movs	r2, #1
 8002184:	701a      	strb	r2, [r3, #0]
 8002186:	46c0      	nop			@ (mov r8, r8)
 8002188:	2313      	movs	r3, #19
 800218a:	446b      	add	r3, sp
 800218c:	781b      	ldrb	r3, [r3, #0]
 800218e:	0018      	movs	r0, r3
 8002190:	b007      	add	sp, #28
 8002192:	bd00      	pop	{pc}
 8002194:	ffff69f3 	.word	0xffff69f3
 8002198:	ffffcfff 	.word	0xffffcfff
 800219c:	fffff4ff 	.word	0xfffff4ff
 80021a0:	40021000 	.word	0x40021000
 80021a4:	01e84800 	.word	0x01e84800
 80021a8:	00f42400 	.word	0x00f42400

080021ac <HAL_UART_Init>:
 80021ac:	b500      	push	{lr}
 80021ae:	b083      	sub	sp, #12
 80021b0:	9001      	str	r0, [sp, #4]
 80021b2:	9b01      	ldr	r3, [sp, #4]
 80021b4:	2b00      	cmp	r3, #0
 80021b6:	d101      	bne.n	80021bc <HAL_UART_Init+0x10>
 80021b8:	2301      	movs	r3, #1
 80021ba:	e03b      	b.n	8002234 <HAL_UART_Init+0x88>
 80021bc:	9b01      	ldr	r3, [sp, #4]
 80021be:	2269      	movs	r2, #105	@ 0x69
 80021c0:	5c9b      	ldrb	r3, [r3, r2]
 80021c2:	b2db      	uxtb	r3, r3
 80021c4:	2b00      	cmp	r3, #0
 80021c6:	d103      	bne.n	80021d0 <HAL_UART_Init+0x24>
 80021c8:	9b01      	ldr	r3, [sp, #4]
 80021ca:	2268      	movs	r2, #104	@ 0x68
 80021cc:	2100      	movs	r1, #0
 80021ce:	5499      	strb	r1, [r3, r2]
 80021d0:	9b01      	ldr	r3, [sp, #4]
 80021d2:	2269      	movs	r2, #105	@ 0x69
 80021d4:	2124      	movs	r1, #36	@ 0x24
 80021d6:	5499      	strb	r1, [r3, r2]
 80021d8:	9b01      	ldr	r3, [sp, #4]
 80021da:	681b      	ldr	r3, [r3, #0]
 80021dc:	681a      	ldr	r2, [r3, #0]
 80021de:	9b01      	ldr	r3, [sp, #4]
 80021e0:	681b      	ldr	r3, [r3, #0]
 80021e2:	2101      	movs	r1, #1
 80021e4:	438a      	bics	r2, r1
 80021e6:	601a      	str	r2, [r3, #0]
 80021e8:	9b01      	ldr	r3, [sp, #4]
 80021ea:	0018      	movs	r0, r3
 80021ec:	f7ff fe84 	bl	8001ef8 <UART_SetConfig>
 80021f0:	0003      	movs	r3, r0
 80021f2:	2b01      	cmp	r3, #1
 80021f4:	d101      	bne.n	80021fa <HAL_UART_Init+0x4e>
 80021f6:	2301      	movs	r3, #1
 80021f8:	e01c      	b.n	8002234 <HAL_UART_Init+0x88>
 80021fa:	9b01      	ldr	r3, [sp, #4]
 80021fc:	681b      	ldr	r3, [r3, #0]
 80021fe:	685a      	ldr	r2, [r3, #4]
 8002200:	9b01      	ldr	r3, [sp, #4]
 8002202:	681b      	ldr	r3, [r3, #0]
 8002204:	490d      	ldr	r1, [pc, #52]	@ (800223c <HAL_UART_Init+0x90>)
 8002206:	400a      	ands	r2, r1
 8002208:	605a      	str	r2, [r3, #4]
 800220a:	9b01      	ldr	r3, [sp, #4]
 800220c:	681b      	ldr	r3, [r3, #0]
 800220e:	689a      	ldr	r2, [r3, #8]
 8002210:	9b01      	ldr	r3, [sp, #4]
 8002212:	681b      	ldr	r3, [r3, #0]
 8002214:	2108      	movs	r1, #8
 8002216:	438a      	bics	r2, r1
 8002218:	609a      	str	r2, [r3, #8]
 800221a:	9b01      	ldr	r3, [sp, #4]
 800221c:	681b      	ldr	r3, [r3, #0]
 800221e:	681a      	ldr	r2, [r3, #0]
 8002220:	9b01      	ldr	r3, [sp, #4]
 8002222:	681b      	ldr	r3, [r3, #0]
 8002224:	2101      	movs	r1, #1
 8002226:	430a      	orrs	r2, r1
 8002228:	601a      	str	r2, [r3, #0]
 800222a:	9b01      	ldr	r3, [sp, #4]
 800222c:	0018      	movs	r0, r3
 800222e:	f7ff fe4d 	bl	8001ecc <UART_CheckIdleState>
 8002232:	0003      	movs	r3, r0
 8002234:	0018      	movs	r0, r3
 8002236:	b003      	add	sp, #12
 8002238:	bd00      	pop	{pc}
 800223a:	46c0      	nop			@ (mov r8, r8)
 800223c:	fffff7ff 	.word	0xfffff7ff

08002240 <HAL_UART_Receive>:
 8002240:	b500      	push	{lr}
 8002242:	b08b      	sub	sp, #44	@ 0x2c
 8002244:	9005      	str	r0, [sp, #20]
 8002246:	9104      	str	r1, [sp, #16]
 8002248:	9302      	str	r3, [sp, #8]
 800224a:	230e      	movs	r3, #14
 800224c:	446b      	add	r3, sp
 800224e:	801a      	strh	r2, [r3, #0]
 8002250:	2300      	movs	r3, #0
 8002252:	9309      	str	r3, [sp, #36]	@ 0x24
 8002254:	9b05      	ldr	r3, [sp, #20]
 8002256:	226a      	movs	r2, #106	@ 0x6a
 8002258:	5c9b      	ldrb	r3, [r3, r2]
 800225a:	b2db      	uxtb	r3, r3
 800225c:	2b20      	cmp	r3, #32
 800225e:	d000      	beq.n	8002262 <HAL_UART_Receive+0x22>
 8002260:	e0b7      	b.n	80023d2 <HAL_UART_Receive+0x192>
 8002262:	9b04      	ldr	r3, [sp, #16]
 8002264:	2b00      	cmp	r3, #0
 8002266:	d004      	beq.n	8002272 <HAL_UART_Receive+0x32>
 8002268:	230e      	movs	r3, #14
 800226a:	446b      	add	r3, sp
 800226c:	881b      	ldrh	r3, [r3, #0]
 800226e:	2b00      	cmp	r3, #0
 8002270:	d101      	bne.n	8002276 <HAL_UART_Receive+0x36>
 8002272:	2301      	movs	r3, #1
 8002274:	e0ae      	b.n	80023d4 <HAL_UART_Receive+0x194>
 8002276:	9b05      	ldr	r3, [sp, #20]
 8002278:	689a      	ldr	r2, [r3, #8]
 800227a:	2380      	movs	r3, #128	@ 0x80
 800227c:	015b      	lsls	r3, r3, #5
 800227e:	429a      	cmp	r2, r3
 8002280:	d109      	bne.n	8002296 <HAL_UART_Receive+0x56>
 8002282:	9b05      	ldr	r3, [sp, #20]
 8002284:	691b      	ldr	r3, [r3, #16]
 8002286:	2b00      	cmp	r3, #0
 8002288:	d105      	bne.n	8002296 <HAL_UART_Receive+0x56>
 800228a:	9b04      	ldr	r3, [sp, #16]
 800228c:	2201      	movs	r2, #1
 800228e:	4013      	ands	r3, r2
 8002290:	d001      	beq.n	8002296 <HAL_UART_Receive+0x56>
 8002292:	2301      	movs	r3, #1
 8002294:	e09e      	b.n	80023d4 <HAL_UART_Receive+0x194>
 8002296:	9b05      	ldr	r3, [sp, #20]
 8002298:	2268      	movs	r2, #104	@ 0x68
 800229a:	5c9b      	ldrb	r3, [r3, r2]
 800229c:	2b01      	cmp	r3, #1
 800229e:	d101      	bne.n	80022a4 <HAL_UART_Receive+0x64>
 80022a0:	2302      	movs	r3, #2
 80022a2:	e097      	b.n	80023d4 <HAL_UART_Receive+0x194>
 80022a4:	9b05      	ldr	r3, [sp, #20]
 80022a6:	2268      	movs	r2, #104	@ 0x68
 80022a8:	2101      	movs	r1, #1
 80022aa:	5499      	strb	r1, [r3, r2]
 80022ac:	9b05      	ldr	r3, [sp, #20]
 80022ae:	2200      	movs	r2, #0
 80022b0:	66da      	str	r2, [r3, #108]	@ 0x6c
 80022b2:	9b05      	ldr	r3, [sp, #20]
 80022b4:	226a      	movs	r2, #106	@ 0x6a
 80022b6:	2122      	movs	r1, #34	@ 0x22
 80022b8:	5499      	strb	r1, [r3, r2]
 80022ba:	f7ff f84d 	bl	8001358 <HAL_GetTick>
 80022be:	0003      	movs	r3, r0
 80022c0:	9309      	str	r3, [sp, #36]	@ 0x24
 80022c2:	9b05      	ldr	r3, [sp, #20]
 80022c4:	220e      	movs	r2, #14
 80022c6:	446a      	add	r2, sp
 80022c8:	2158      	movs	r1, #88	@ 0x58
 80022ca:	8812      	ldrh	r2, [r2, #0]
 80022cc:	525a      	strh	r2, [r3, r1]
 80022ce:	9b05      	ldr	r3, [sp, #20]
 80022d0:	220e      	movs	r2, #14
 80022d2:	446a      	add	r2, sp
 80022d4:	215a      	movs	r1, #90	@ 0x5a
 80022d6:	8812      	ldrh	r2, [r2, #0]
 80022d8:	525a      	strh	r2, [r3, r1]
 80022da:	9b05      	ldr	r3, [sp, #20]
 80022dc:	689a      	ldr	r2, [r3, #8]
 80022de:	2380      	movs	r3, #128	@ 0x80
 80022e0:	015b      	lsls	r3, r3, #5
 80022e2:	429a      	cmp	r2, r3
 80022e4:	d10d      	bne.n	8002302 <HAL_UART_Receive+0xc2>
 80022e6:	9b05      	ldr	r3, [sp, #20]
 80022e8:	691b      	ldr	r3, [r3, #16]
 80022ea:	2b00      	cmp	r3, #0
 80022ec:	d104      	bne.n	80022f8 <HAL_UART_Receive+0xb8>
 80022ee:	9b05      	ldr	r3, [sp, #20]
 80022f0:	225c      	movs	r2, #92	@ 0x5c
 80022f2:	493a      	ldr	r1, [pc, #232]	@ (80023dc <HAL_UART_Receive+0x19c>)
 80022f4:	5299      	strh	r1, [r3, r2]
 80022f6:	e015      	b.n	8002324 <HAL_UART_Receive+0xe4>
 80022f8:	9b05      	ldr	r3, [sp, #20]
 80022fa:	225c      	movs	r2, #92	@ 0x5c
 80022fc:	21ff      	movs	r1, #255	@ 0xff
 80022fe:	5299      	strh	r1, [r3, r2]
 8002300:	e010      	b.n	8002324 <HAL_UART_Receive+0xe4>
 8002302:	9b05      	ldr	r3, [sp, #20]
 8002304:	689b      	ldr	r3, [r3, #8]
 8002306:	2b00      	cmp	r3, #0
 8002308:	d10c      	bne.n	8002324 <HAL_UART_Receive+0xe4>
 800230a:	9b05      	ldr	r3, [sp, #20]
 800230c:	691b      	ldr	r3, [r3, #16]
 800230e:	2b00      	cmp	r3, #0
 8002310:	d104      	bne.n	800231c <HAL_UART_Receive+0xdc>
 8002312:	9b05      	ldr	r3, [sp, #20]
 8002314:	225c      	movs	r2, #92	@ 0x5c
 8002316:	21ff      	movs	r1, #255	@ 0xff
 8002318:	5299      	strh	r1, [r3, r2]
 800231a:	e003      	b.n	8002324 <HAL_UART_Receive+0xe4>
 800231c:	9b05      	ldr	r3, [sp, #20]
 800231e:	225c      	movs	r2, #92	@ 0x5c
 8002320:	217f      	movs	r1, #127	@ 0x7f
 8002322:	5299      	strh	r1, [r3, r2]
 8002324:	2322      	movs	r3, #34	@ 0x22
 8002326:	446b      	add	r3, sp
 8002328:	9a05      	ldr	r2, [sp, #20]
 800232a:	215c      	movs	r1, #92	@ 0x5c
 800232c:	5a52      	ldrh	r2, [r2, r1]
 800232e:	801a      	strh	r2, [r3, #0]
 8002330:	e03f      	b.n	80023b2 <HAL_UART_Receive+0x172>
 8002332:	9b05      	ldr	r3, [sp, #20]
 8002334:	225a      	movs	r2, #90	@ 0x5a
 8002336:	5a9b      	ldrh	r3, [r3, r2]
 8002338:	b29b      	uxth	r3, r3
 800233a:	3b01      	subs	r3, #1
 800233c:	b299      	uxth	r1, r3
 800233e:	9b05      	ldr	r3, [sp, #20]
 8002340:	225a      	movs	r2, #90	@ 0x5a
 8002342:	5299      	strh	r1, [r3, r2]
 8002344:	9a09      	ldr	r2, [sp, #36]	@ 0x24
 8002346:	9805      	ldr	r0, [sp, #20]
 8002348:	9b02      	ldr	r3, [sp, #8]
 800234a:	9300      	str	r3, [sp, #0]
 800234c:	0013      	movs	r3, r2
 800234e:	2200      	movs	r2, #0
 8002350:	2120      	movs	r1, #32
 8002352:	f7ff fd6f 	bl	8001e34 <UART_WaitOnFlagUntilTimeout>
 8002356:	1e03      	subs	r3, r0, #0
 8002358:	d001      	beq.n	800235e <HAL_UART_Receive+0x11e>
 800235a:	2303      	movs	r3, #3
 800235c:	e03a      	b.n	80023d4 <HAL_UART_Receive+0x194>
 800235e:	9b05      	ldr	r3, [sp, #20]
 8002360:	689a      	ldr	r2, [r3, #8]
 8002362:	2380      	movs	r3, #128	@ 0x80
 8002364:	015b      	lsls	r3, r3, #5
 8002366:	429a      	cmp	r2, r3
 8002368:	d114      	bne.n	8002394 <HAL_UART_Receive+0x154>
 800236a:	9b05      	ldr	r3, [sp, #20]
 800236c:	691b      	ldr	r3, [r3, #16]
 800236e:	2b00      	cmp	r3, #0
 8002370:	d110      	bne.n	8002394 <HAL_UART_Receive+0x154>
 8002372:	9b04      	ldr	r3, [sp, #16]
 8002374:	9307      	str	r3, [sp, #28]
 8002376:	9b05      	ldr	r3, [sp, #20]
 8002378:	681b      	ldr	r3, [r3, #0]
 800237a:	8c9b      	ldrh	r3, [r3, #36]	@ 0x24
 800237c:	b29b      	uxth	r3, r3
 800237e:	2222      	movs	r2, #34	@ 0x22
 8002380:	446a      	add	r2, sp
 8002382:	8812      	ldrh	r2, [r2, #0]
 8002384:	4013      	ands	r3, r2
 8002386:	b29a      	uxth	r2, r3
 8002388:	9b07      	ldr	r3, [sp, #28]
 800238a:	801a      	strh	r2, [r3, #0]
 800238c:	9b04      	ldr	r3, [sp, #16]
 800238e:	3302      	adds	r3, #2
 8002390:	9304      	str	r3, [sp, #16]
 8002392:	e00e      	b.n	80023b2 <HAL_UART_Receive+0x172>
 8002394:	9b05      	ldr	r3, [sp, #20]
 8002396:	681b      	ldr	r3, [r3, #0]
 8002398:	8c9b      	ldrh	r3, [r3, #36]	@ 0x24
 800239a:	b29b      	uxth	r3, r3
 800239c:	b2da      	uxtb	r2, r3
 800239e:	2322      	movs	r3, #34	@ 0x22
 80023a0:	446b      	add	r3, sp
 80023a2:	881b      	ldrh	r3, [r3, #0]
 80023a4:	b2d9      	uxtb	r1, r3
 80023a6:	9b04      	ldr	r3, [sp, #16]
 80023a8:	1c58      	adds	r0, r3, #1
 80023aa:	9004      	str	r0, [sp, #16]
 80023ac:	400a      	ands	r2, r1
 80023ae:	b2d2      	uxtb	r2, r2
 80023b0:	701a      	strb	r2, [r3, #0]
 80023b2:	9b05      	ldr	r3, [sp, #20]
 80023b4:	225a      	movs	r2, #90	@ 0x5a
 80023b6:	5a9b      	ldrh	r3, [r3, r2]
 80023b8:	b29b      	uxth	r3, r3
 80023ba:	2b00      	cmp	r3, #0
 80023bc:	d1b9      	bne.n	8002332 <HAL_UART_Receive+0xf2>
 80023be:	9b05      	ldr	r3, [sp, #20]
 80023c0:	226a      	movs	r2, #106	@ 0x6a
 80023c2:	2120      	movs	r1, #32
 80023c4:	5499      	strb	r1, [r3, r2]
 80023c6:	9b05      	ldr	r3, [sp, #20]
 80023c8:	2268      	movs	r2, #104	@ 0x68
 80023ca:	2100      	movs	r1, #0
 80023cc:	5499      	strb	r1, [r3, r2]
 80023ce:	2300      	movs	r3, #0
 80023d0:	e000      	b.n	80023d4 <HAL_UART_Receive+0x194>
 80023d2:	2302      	movs	r3, #2
 80023d4:	0018      	movs	r0, r3
 80023d6:	b00b      	add	sp, #44	@ 0x2c
 80023d8:	bd00      	pop	{pc}
 80023da:	46c0      	nop			@ (mov r8, r8)
 80023dc:	000001ff 	.word	0x000001ff

080023e0 <HAL_UART_Transmit>:
 80023e0:	b500      	push	{lr}
 80023e2:	b089      	sub	sp, #36	@ 0x24
 80023e4:	9005      	str	r0, [sp, #20]
 80023e6:	9104      	str	r1, [sp, #16]
 80023e8:	9302      	str	r3, [sp, #8]
 80023ea:	230e      	movs	r3, #14
 80023ec:	446b      	add	r3, sp
 80023ee:	801a      	strh	r2, [r3, #0]
 80023f0:	2300      	movs	r3, #0
 80023f2:	9307      	str	r3, [sp, #28]
 80023f4:	9b05      	ldr	r3, [sp, #20]
 80023f6:	2269      	movs	r2, #105	@ 0x69
 80023f8:	5c9b      	ldrb	r3, [r3, r2]
 80023fa:	b2db      	uxtb	r3, r3
 80023fc:	2b20      	cmp	r3, #32
 80023fe:	d000      	beq.n	8002402 <HAL_UART_Transmit+0x22>
 8002400:	e08e      	b.n	8002520 <HAL_UART_Transmit+0x140>
 8002402:	9b04      	ldr	r3, [sp, #16]
 8002404:	2b00      	cmp	r3, #0
 8002406:	d004      	beq.n	8002412 <HAL_UART_Transmit+0x32>
 8002408:	230e      	movs	r3, #14
 800240a:	446b      	add	r3, sp
 800240c:	881b      	ldrh	r3, [r3, #0]
 800240e:	2b00      	cmp	r3, #0
 8002410:	d101      	bne.n	8002416 <HAL_UART_Transmit+0x36>
 8002412:	2301      	movs	r3, #1
 8002414:	e085      	b.n	8002522 <HAL_UART_Transmit+0x142>
 8002416:	9b05      	ldr	r3, [sp, #20]
 8002418:	689a      	ldr	r2, [r3, #8]
 800241a:	2380      	movs	r3, #128	@ 0x80
 800241c:	015b      	lsls	r3, r3, #5
 800241e:	429a      	cmp	r2, r3
 8002420:	d109      	bne.n	8002436 <HAL_UART_Transmit+0x56>
 8002422:	9b05      	ldr	r3, [sp, #20]
 8002424:	691b      	ldr	r3, [r3, #16]
 8002426:	2b00      	cmp	r3, #0
 8002428:	d105      	bne.n	8002436 <HAL_UART_Transmit+0x56>
 800242a:	9b04      	ldr	r3, [sp, #16]
 800242c:	2201      	movs	r2, #1
 800242e:	4013      	ands	r3, r2
 8002430:	d001      	beq.n	8002436 <HAL_UART_Transmit+0x56>
 8002432:	2301      	movs	r3, #1
 8002434:	e075      	b.n	8002522 <HAL_UART_Transmit+0x142>
 8002436:	9b05      	ldr	r3, [sp, #20]
 8002438:	2268      	movs	r2, #104	@ 0x68
 800243a:	5c9b      	ldrb	r3, [r3, r2]
 800243c:	2b01      	cmp	r3, #1
 800243e:	d101      	bne.n	8002444 <HAL_UART_Transmit+0x64>
 8002440:	2302      	movs	r3, #2
 8002442:	e06e      	b.n	8002522 <HAL_UART_Transmit+0x142>
 8002444:	9b05      	ldr	r3, [sp, #20]
 8002446:	2268      	movs	r2, #104	@ 0x68
 8002448:	2101      	movs	r1, #1
 800244a:	5499      	strb	r1, [r3, r2]
 800244c:	9b05      	ldr	r3, [sp, #20]
 800244e:	2200      	movs	r2, #0
 8002450:	66da      	str	r2, [r3, #108]	@ 0x6c
 8002452:	9b05      	ldr	r3, [sp, #20]
 8002454:	2269      	movs	r2, #105	@ 0x69
 8002456:	2121      	movs	r1, #33	@ 0x21
 8002458:	5499      	strb	r1, [r3, r2]
 800245a:	f7fe ff7d 	bl	8001358 <HAL_GetTick>
 800245e:	0003      	movs	r3, r0
 8002460:	9307      	str	r3, [sp, #28]
 8002462:	9b05      	ldr	r3, [sp, #20]
 8002464:	220e      	movs	r2, #14
 8002466:	446a      	add	r2, sp
 8002468:	2150      	movs	r1, #80	@ 0x50
 800246a:	8812      	ldrh	r2, [r2, #0]
 800246c:	525a      	strh	r2, [r3, r1]
 800246e:	9b05      	ldr	r3, [sp, #20]
 8002470:	220e      	movs	r2, #14
 8002472:	446a      	add	r2, sp
 8002474:	2152      	movs	r1, #82	@ 0x52
 8002476:	8812      	ldrh	r2, [r2, #0]
 8002478:	525a      	strh	r2, [r3, r1]
 800247a:	e034      	b.n	80024e6 <HAL_UART_Transmit+0x106>
 800247c:	9b05      	ldr	r3, [sp, #20]
 800247e:	2252      	movs	r2, #82	@ 0x52
 8002480:	5a9b      	ldrh	r3, [r3, r2]
 8002482:	b29b      	uxth	r3, r3
 8002484:	3b01      	subs	r3, #1
 8002486:	b299      	uxth	r1, r3
 8002488:	9b05      	ldr	r3, [sp, #20]
 800248a:	2252      	movs	r2, #82	@ 0x52
 800248c:	5299      	strh	r1, [r3, r2]
 800248e:	9a07      	ldr	r2, [sp, #28]
 8002490:	9805      	ldr	r0, [sp, #20]
 8002492:	9b02      	ldr	r3, [sp, #8]
 8002494:	9300      	str	r3, [sp, #0]
 8002496:	0013      	movs	r3, r2
 8002498:	2200      	movs	r2, #0
 800249a:	2180      	movs	r1, #128	@ 0x80
 800249c:	f7ff fcca 	bl	8001e34 <UART_WaitOnFlagUntilTimeout>
 80024a0:	1e03      	subs	r3, r0, #0
 80024a2:	d001      	beq.n	80024a8 <HAL_UART_Transmit+0xc8>
 80024a4:	2303      	movs	r3, #3
 80024a6:	e03c      	b.n	8002522 <HAL_UART_Transmit+0x142>
 80024a8:	9b05      	ldr	r3, [sp, #20]
 80024aa:	689a      	ldr	r2, [r3, #8]
 80024ac:	2380      	movs	r3, #128	@ 0x80
 80024ae:	015b      	lsls	r3, r3, #5
 80024b0:	429a      	cmp	r2, r3
 80024b2:	d111      	bne.n	80024d8 <HAL_UART_Transmit+0xf8>
 80024b4:	9b05      	ldr	r3, [sp, #20]
 80024b6:	691b      	ldr	r3, [r3, #16]
 80024b8:	2b00      	cmp	r3, #0
 80024ba:	d10d      	bne.n	80024d8 <HAL_UART_Transmit+0xf8>
 80024bc:	9b04      	ldr	r3, [sp, #16]
 80024be:	9306      	str	r3, [sp, #24]
 80024c0:	9b06      	ldr	r3, [sp, #24]
 80024c2:	881a      	ldrh	r2, [r3, #0]
 80024c4:	9b05      	ldr	r3, [sp, #20]
 80024c6:	681b      	ldr	r3, [r3, #0]
 80024c8:	05d2      	lsls	r2, r2, #23
 80024ca:	0dd2      	lsrs	r2, r2, #23
 80024cc:	b292      	uxth	r2, r2
 80024ce:	851a      	strh	r2, [r3, #40]	@ 0x28
 80024d0:	9b04      	ldr	r3, [sp, #16]
 80024d2:	3302      	adds	r3, #2
 80024d4:	9304      	str	r3, [sp, #16]
 80024d6:	e006      	b.n	80024e6 <HAL_UART_Transmit+0x106>
 80024d8:	9b04      	ldr	r3, [sp, #16]
 80024da:	1c5a      	adds	r2, r3, #1
 80024dc:	9204      	str	r2, [sp, #16]
 80024de:	781a      	ldrb	r2, [r3, #0]
 80024e0:	9b05      	ldr	r3, [sp, #20]
 80024e2:	681b      	ldr	r3, [r3, #0]
 80024e4:	851a      	strh	r2, [r3, #40]	@ 0x28
 80024e6:	9b05      	ldr	r3, [sp, #20]
 80024e8:	2252      	movs	r2, #82	@ 0x52
 80024ea:	5a9b      	ldrh	r3, [r3, r2]
 80024ec:	b29b      	uxth	r3, r3
 80024ee:	2b00      	cmp	r3, #0
 80024f0:	d1c4      	bne.n	800247c <HAL_UART_Transmit+0x9c>
 80024f2:	9a07      	ldr	r2, [sp, #28]
 80024f4:	9805      	ldr	r0, [sp, #20]
 80024f6:	9b02      	ldr	r3, [sp, #8]
 80024f8:	9300      	str	r3, [sp, #0]
 80024fa:	0013      	movs	r3, r2
 80024fc:	2200      	movs	r2, #0
 80024fe:	2140      	movs	r1, #64	@ 0x40
 8002500:	f7ff fc98 	bl	8001e34 <UART_WaitOnFlagUntilTimeout>
 8002504:	1e03      	subs	r3, r0, #0
 8002506:	d001      	beq.n	800250c <HAL_UART_Transmit+0x12c>
 8002508:	2303      	movs	r3, #3
 800250a:	e00a      	b.n	8002522 <HAL_UART_Transmit+0x142>
 800250c:	9b05      	ldr	r3, [sp, #20]
 800250e:	2269      	movs	r2, #105	@ 0x69
 8002510:	2120      	movs	r1, #32
 8002512:	5499      	strb	r1, [r3, r2]
 8002514:	9b05      	ldr	r3, [sp, #20]
 8002516:	2268      	movs	r2, #104	@ 0x68
 8002518:	2100      	movs	r1, #0
 800251a:	5499      	strb	r1, [r3, r2]
 800251c:	2300      	movs	r3, #0
 800251e:	e000      	b.n	8002522 <HAL_UART_Transmit+0x142>
 8002520:	2302      	movs	r3, #2
 8002522:	0018      	movs	r0, r3
 8002524:	b009      	add	sp, #36	@ 0x24
 8002526:	bd00      	pop	{pc}

08002528 <aes_indep_enc_pretrigger>:
 8002528:	b082      	sub	sp, #8
 800252a:	9001      	str	r0, [sp, #4]
 800252c:	46c0      	nop			@ (mov r8, r8)
 800252e:	b002      	add	sp, #8
 8002530:	4770      	bx	lr

08002532 <aes_indep_enc_posttrigger>:
 8002532:	b082      	sub	sp, #8
 8002534:	9001      	str	r0, [sp, #4]
 8002536:	46c0      	nop			@ (mov r8, r8)
 8002538:	b002      	add	sp, #8
 800253a:	4770      	bx	lr

0800253c <Reset_Handler>:
 800253c:	2100      	movs	r1, #0
 800253e:	e003      	b.n	8002548 <LoopCopyDataInit>

08002540 <CopyDataInit>:
 8002540:	4b0b      	ldr	r3, [pc, #44]	@ (8002570 <LoopForever+0x2>)
 8002542:	585b      	ldr	r3, [r3, r1]
 8002544:	5043      	str	r3, [r0, r1]
 8002546:	3104      	adds	r1, #4

08002548 <LoopCopyDataInit>:
 8002548:	480a      	ldr	r0, [pc, #40]	@ (8002574 <LoopForever+0x6>)
 800254a:	4b0b      	ldr	r3, [pc, #44]	@ (8002578 <LoopForever+0xa>)
 800254c:	1842      	adds	r2, r0, r1
 800254e:	429a      	cmp	r2, r3
 8002550:	d3f6      	bcc.n	8002540 <CopyDataInit>
 8002552:	4a0a      	ldr	r2, [pc, #40]	@ (800257c <LoopForever+0xe>)
 8002554:	e002      	b.n	800255c <LoopFillZerobss>

08002556 <FillZerobss>:
 8002556:	2300      	movs	r3, #0
 8002558:	6013      	str	r3, [r2, #0]
 800255a:	3204      	adds	r2, #4

0800255c <LoopFillZerobss>:
 800255c:	4b08      	ldr	r3, [pc, #32]	@ (8002580 <LoopForever+0x12>)
 800255e:	429a      	cmp	r2, r3
 8002560:	d3f9      	bcc.n	8002556 <FillZerobss>
 8002562:	e000      	b.n	8002566 <LoopFillZerobss+0xa>
 8002564:	bf00      	nop
 8002566:	f000 f80f 	bl	8002588 <__libc_init_array>
 800256a:	f7fe fab7 	bl	8000adc <main>

0800256e <LoopForever>:
 800256e:	e7fe      	b.n	800256e <LoopForever>
 8002570:	08002654 	.word	0x08002654
 8002574:	20000000 	.word	0x20000000
 8002578:	20000014 	.word	0x20000014
 800257c:	20000014 	.word	0x20000014
 8002580:	200002a8 	.word	0x200002a8

08002584 <BusFault_Handler>:
 8002584:	e7fe      	b.n	8002584 <BusFault_Handler>
 8002586:	0000      	movs	r0, r0

08002588 <__libc_init_array>:
 8002588:	b570      	push	{r4, r5, r6, lr}
 800258a:	2600      	movs	r6, #0
 800258c:	4c0c      	ldr	r4, [pc, #48]	@ (80025c0 <__libc_init_array+0x38>)
 800258e:	4d0d      	ldr	r5, [pc, #52]	@ (80025c4 <__libc_init_array+0x3c>)
 8002590:	1b64      	subs	r4, r4, r5
 8002592:	10a4      	asrs	r4, r4, #2
 8002594:	42a6      	cmp	r6, r4
 8002596:	d109      	bne.n	80025ac <__libc_init_array+0x24>
 8002598:	2600      	movs	r6, #0
 800259a:	f000 f823 	bl	80025e4 <_init>
 800259e:	4c0a      	ldr	r4, [pc, #40]	@ (80025c8 <__libc_init_array+0x40>)
 80025a0:	4d0a      	ldr	r5, [pc, #40]	@ (80025cc <__libc_init_array+0x44>)
 80025a2:	1b64      	subs	r4, r4, r5
 80025a4:	10a4      	asrs	r4, r4, #2
 80025a6:	42a6      	cmp	r6, r4
 80025a8:	d105      	bne.n	80025b6 <__libc_init_array+0x2e>
 80025aa:	bd70      	pop	{r4, r5, r6, pc}
 80025ac:	00b3      	lsls	r3, r6, #2
 80025ae:	58eb      	ldr	r3, [r5, r3]
 80025b0:	4798      	blx	r3
 80025b2:	3601      	adds	r6, #1
 80025b4:	e7ee      	b.n	8002594 <__libc_init_array+0xc>
 80025b6:	00b3      	lsls	r3, r6, #2
 80025b8:	58eb      	ldr	r3, [r5, r3]
 80025ba:	4798      	blx	r3
 80025bc:	3601      	adds	r6, #1
 80025be:	e7f2      	b.n	80025a6 <__libc_init_array+0x1e>
 80025c0:	0800264c 	.word	0x0800264c
 80025c4:	0800264c 	.word	0x0800264c
 80025c8:	08002650 	.word	0x08002650
 80025cc:	0800264c 	.word	0x0800264c

080025d0 <memcpy>:
 80025d0:	2300      	movs	r3, #0
 80025d2:	b510      	push	{r4, lr}
 80025d4:	429a      	cmp	r2, r3
 80025d6:	d100      	bne.n	80025da <memcpy+0xa>
 80025d8:	bd10      	pop	{r4, pc}
 80025da:	5ccc      	ldrb	r4, [r1, r3]
 80025dc:	54c4      	strb	r4, [r0, r3]
 80025de:	3301      	adds	r3, #1
 80025e0:	e7f8      	b.n	80025d4 <memcpy+0x4>
 80025e2:	0000      	movs	r0, r0

080025e4 <_init>:
 80025e4:	b5f8      	push	{r3, r4, r5, r6, r7, lr}
 80025e6:	46c0      	nop			@ (mov r8, r8)
 80025e8:	bcf8      	pop	{r3, r4, r5, r6, r7}
 80025ea:	bc08      	pop	{r3}
 80025ec:	469e      	mov	lr, r3
 80025ee:	4770      	bx	lr

080025f0 <_fini>:
 80025f0:	b5f8      	push	{r3, r4, r5, r6, r7, lr}
 80025f2:	46c0      	nop			@ (mov r8, r8)
 80025f4:	bcf8      	pop	{r3, r4, r5, r6, r7}
 80025f6:	bc08      	pop	{r3}
 80025f8:	469e      	mov	lr, r3
 80025fa:	4770      	bx	lr
