
shadow32_nop_O0-CWNANO.elf:     file format elf32-littlearm

Sections:
Idx Name          Size      VMA       LMA       File off  Algn
  0 .isr_vector   00000188  08000000  08000000  00001000  2**0
                  CONTENTS, ALLOC, LOAD, READONLY, DATA
  1 .text         00002474  08000188  08000188  00001188  2**2
                  CONTENTS, ALLOC, LOAD, READONLY, CODE
  2 .rodata       00000110  080025fc  080025fc  000035fc  2**2
                  CONTENTS, ALLOC, LOAD, READONLY, DATA
  3 .ARM.extab    00000000  0800270c  0800270c  00004014  2**0
                  CONTENTS
  4 .ARM          00000000  0800270c  0800270c  00004014  2**0
                  CONTENTS
  5 .preinit_array 00000000  0800270c  0800270c  00004014  2**0
                  CONTENTS, ALLOC, LOAD, DATA
  6 .init_array   00000004  0800270c  0800270c  0000370c  2**2
                  CONTENTS, ALLOC, LOAD, DATA
  7 .fini_array   00000004  08002710  08002710  00003710  2**2
                  CONTENTS, ALLOC, LOAD, DATA
  8 .data         00000014  20000000  08002714  00004000  2**2
                  CONTENTS, ALLOC, LOAD, DATA
  9 .bss          000002d4  20000014  08002728  00004014  2**2
                  ALLOC
 10 ._user_heap_stack 00000400  200002e8  08002728  000042e8  2**0
                  ALLOC
 11 .ARM.attributes 00000028  00000000  00000000  00004014  2**0
                  CONTENTS, READONLY
 12 .debug_info   00002d99  00000000  00000000  0000403c  2**0
                  CONTENTS, READONLY, DEBUGGING, OCTETS
 13 .debug_abbrev 00000904  00000000  00000000  00006dd5  2**0
                  CONTENTS, READONLY, DEBUGGING, OCTETS
 14 .debug_loc    00000739  00000000  00000000  000076d9  2**0
                  CONTENTS, READONLY, DEBUGGING, OCTETS
 15 .debug_aranges 00000218  00000000  00000000  00007e12  2**0
                  CONTENTS, READONLY, DEBUGGING, OCTETS
 16 .debug_ranges 000001f8  00000000  00000000  0000802a  2**0
                  CONTENTS, READONLY, DEBUGGING, OCTETS
 17 .debug_line   00001b79  00000000  00000000  00008222  2**0
                  CONTENTS, READONLY, DEBUGGING, OCTETS
 18 .debug_str    00000eee  00000000  00000000  00009d9b  2**0
                  CONTENTS, READONLY, DEBUGGING, OCTETS
 19 .comment      00000045  00000000  00000000  0000ac89  2**0
                  CONTENTS, READONLY
 20 .debug_frame  00000554  00000000  00000000  0000acd0  2**2
                  CONTENTS, READONLY, DEBUGGING, OCTETS
 21 .stab         00000144  00000000  00000000  0000b224  2**2
                  CONTENTS, READONLY, DEBUGGING
 22 .stabstr      00000055  00000000  00000000  0000b368  2**0
                  CONTENTS, READONLY, DEBUGGING
 23 .debug_line_str 000000c9  00000000  00000000  0000b3bd  2**0
                  CONTENTS, READONLY, DEBUGGING, OCTETS

Disassembly of section .text:

08000188 <__udivsi3>:
 8000188:	2200      	movs	r2, #0
 800018a:	0843      	lsrs	r3, r0, #1
 800018c:	428b      	cmp	r3, r1
 800018e:	d374      	bcc.n	800027a <__udivsi3+0xf2>
 8000190:	0903      	lsrs	r3, r0, #4
 8000192:	428b      	cmp	r3, r1
 8000194:	d35f      	bcc.n	8000256 <__udivsi3+0xce>
 8000196:	0a03      	lsrs	r3, r0, #8
 8000198:	428b      	cmp	r3, r1
 800019a:	d344      	bcc.n	8000226 <__udivsi3+0x9e>
 800019c:	0b03      	lsrs	r3, r0, #12
 800019e:	428b      	cmp	r3, r1
 80001a0:	d328      	bcc.n	80001f4 <__udivsi3+0x6c>
 80001a2:	0c03      	lsrs	r3, r0, #16
 80001a4:	428b      	cmp	r3, r1
 80001a6:	d30d      	bcc.n	80001c4 <__udivsi3+0x3c>
 80001a8:	22ff      	movs	r2, #255	@ 0xff
 80001aa:	0209      	lsls	r1, r1, #8
 80001ac:	ba12      	rev	r2, r2
 80001ae:	0c03      	lsrs	r3, r0, #16
 80001b0:	428b      	cmp	r3, r1
 80001b2:	d302      	bcc.n	80001ba <__udivsi3+0x32>
 80001b4:	1212      	asrs	r2, r2, #8
 80001b6:	0209      	lsls	r1, r1, #8
 80001b8:	d065      	beq.n	8000286 <__udivsi3+0xfe>
 80001ba:	0b03      	lsrs	r3, r0, #12
 80001bc:	428b      	cmp	r3, r1
 80001be:	d319      	bcc.n	80001f4 <__udivsi3+0x6c>
 80001c0:	e000      	b.n	80001c4 <__udivsi3+0x3c>
 80001c2:	0a09      	lsrs	r1, r1, #8
 80001c4:	0bc3      	lsrs	r3, r0, #15
 80001c6:	428b      	cmp	r3, r1
 80001c8:	d301      	bcc.n	80001ce <__udivsi3+0x46>
 80001ca:	03cb      	lsls	r3, r1, #15
 80001cc:	1ac0      	subs	r0, r0, r3
 80001ce:	4152      	adcs	r2, r2
 80001d0:	0b83      	lsrs	r3, r0, #14
 80001d2:	428b      	cmp	r3, r1
 80001d4:	d301      	bcc.n	80001da <__udivsi3+0x52>
 80001d6:	038b      	lsls	r3, r1, #14
 80001d8:	1ac0      	subs	r0, r0, r3
 80001da:	4152      	adcs	r2, r2
 80001dc:	0b43      	lsrs	r3, r0, #13
 80001de:	428b      	cmp	r3, r1
 80001e0:	d301      	bcc.n	80001e6 <__udivsi3+0x5e>
 80001e2:	034b      	lsls	r3, r1, #13
 80001e4:	1ac0      	subs	r0, r0, r3
 80001e6:	4152      	adcs	r2, r2
 80001e8:	0b03      	lsrs	r3, r0, #12
 80001ea:	428b      	cmp	r3, r1
 80001ec:	d301      	bcc.n	80001f2 <__udivsi3+0x6a>
 80001ee:	030b      	lsls	r3, r1, #12
 80001f0:	1ac0      	subs	r0, r0, r3
 80001f2:	4152      	adcs	r2, r2
 80001f4:	0ac3      	lsrs	r3, r0, #11
 80001f6:	428b      	cmp	r3, r1
 80001f8:	d301      	bcc.n	80001fe <__udivsi3+0x76>
 80001fa:	02cb      	lsls	r3, r1, #11
 80001fc:	1ac0      	subs	r0, r0, r3
 80001fe:	4152      	adcs	r2, r2
 8000200:	0a83      	lsrs	r3, r0, #10
 8000202:	428b      	cmp	r3, r1
 8000204:	d301      	bcc.n	800020a <__udivsi3+0x82>
 8000206:	028b      	lsls	r3, r1, #10
 8000208:	1ac0      	subs	r0, r0, r3
 800020a:	4152      	adcs	r2, r2
 800020c:	0a43      	lsrs	r3, r0, #9
 800020e:	428b      	cmp	r3, r1
 8000210:	d301      	bcc.n	8000216 <__udivsi3+0x8e>
 8000212:	024b      	lsls	r3, r1, #9
 8000214:	1ac0      	subs	r0, r0, r3
 8000216:	4152      	adcs	r2, r2
 8000218:	0a03      	lsrs	r3, r0, #8
 800021a:	428b      	cmp	r3, r1
 800021c:	d301      	bcc.n	8000222 <__udivsi3+0x9a>
 800021e:	020b      	lsls	r3, r1, #8
 8000220:	1ac0      	subs	r0, r0, r3
 8000222:	4152      	adcs	r2, r2
 8000224:	d2cd      	bcs.n	80001c2 <__udivsi3+0x3a>
 8000226:	09c3      	lsrs	r3, r0, #7
 8000228:	428b      	cmp	r3, r1
 800022a:	d301      	bcc.n	8000230 <__udivsi3+0xa8>
 800022c:	01cb      	lsls	r3, r1, #7
 800022e:	1ac0      	subs	r0, r0, r3
 8000230:	4152      	adcs	r2, r2
 8000232:	0983      	lsrs	r3, r0, #6
 8000234:	428b      	cmp	r3, r1
 8000236:	d301      	bcc.n	800023c <__udivsi3+0xb4>
 8000238:	018b      	lsls	r3, r1, #6
 800023a:	1ac0      	subs	r0, r0, r3
 800023c:	4152      	adcs	r2, r2
 800023e:	0943      	lsrs	r3, r0, #5
 8000240:	428b      	cmp	r3, r1
 8000242:	d301      	bcc.n	8000248 <__udivsi3+0xc0>
 8000244:	014b      	lsls	r3, r1, #5
 8000246:	1ac0      	subs	r0, r0, r3
 8000248:	4152      	adcs	r2, r2
 800024a:	0903      	lsrs	r3, r0, #4
 800024c:	428b      	cmp	r3, r1
 800024e:	d301      	bcc.n	8000254 <__udivsi3+0xcc>
 8000250:	010b      	lsls	r3, r1, #4
 8000252:	1ac0      	subs	r0, r0, r3
 8000254:	4152      	adcs	r2, r2
 8000256:	08c3      	lsrs	r3, r0, #3
 8000258:	428b      	cmp	r3, r1
 800025a:	d301      	bcc.n	8000260 <__udivsi3+0xd8>
 800025c:	00cb      	lsls	r3, r1, #3
 800025e:	1ac0      	subs	r0, r0, r3
 8000260:	4152      	adcs	r2, r2
 8000262:	0883      	lsrs	r3, r0, #2
 8000264:	428b      	cmp	r3, r1
 8000266:	d301      	bcc.n	800026c <__udivsi3+0xe4>
 8000268:	008b      	lsls	r3, r1, #2
 800026a:	1ac0      	subs	r0, r0, r3
 800026c:	4152      	adcs	r2, r2
 800026e:	0843      	lsrs	r3, r0, #1
 8000270:	428b      	cmp	r3, r1
 8000272:	d301      	bcc.n	8000278 <__udivsi3+0xf0>
 8000274:	004b      	lsls	r3, r1, #1
 8000276:	1ac0      	subs	r0, r0, r3
 8000278:	4152      	adcs	r2, r2
 800027a:	1a41      	subs	r1, r0, r1
 800027c:	d200      	bcs.n	8000280 <__udivsi3+0xf8>
 800027e:	4601      	mov	r1, r0
 8000280:	4152      	adcs	r2, r2
 8000282:	4610      	mov	r0, r2
 8000284:	4770      	bx	lr
 8000286:	e7ff      	b.n	8000288 <__udivsi3+0x100>
 8000288:	b501      	push	{r0, lr}
 800028a:	2000      	movs	r0, #0
 800028c:	f000 f806 	bl	800029c <__aeabi_idiv0>
 8000290:	bd02      	pop	{r1, pc}
 8000292:	46c0      	nop			@ (mov r8, r8)

08000294 <__aeabi_uidivmod>:
 8000294:	2900      	cmp	r1, #0
 8000296:	d0f7      	beq.n	8000288 <__udivsi3+0x100>
 8000298:	e776      	b.n	8000188 <__udivsi3>
 800029a:	4770      	bx	lr

0800029c <__aeabi_idiv0>:
 800029c:	4770      	bx	lr
 800029e:	46c0      	nop			@ (mov r8, r8)

080002a0 <deregister_tm_clones>:
 80002a0:	4804      	ldr	r0, [pc, #16]	@ (80002b4 <deregister_tm_clones+0x14>)
 80002a2:	4b05      	ldr	r3, [pc, #20]	@ (80002b8 <deregister_tm_clones+0x18>)
 80002a4:	b510      	push	{r4, lr}
 80002a6:	4283      	cmp	r3, r0
 80002a8:	d003      	beq.n	80002b2 <deregister_tm_clones+0x12>
 80002aa:	4b04      	ldr	r3, [pc, #16]	@ (80002bc <deregister_tm_clones+0x1c>)
 80002ac:	2b00      	cmp	r3, #0
 80002ae:	d000      	beq.n	80002b2 <deregister_tm_clones+0x12>
 80002b0:	4798      	blx	r3
 80002b2:	bd10      	pop	{r4, pc}
 80002b4:	20000014 	.word	0x20000014
 80002b8:	20000014 	.word	0x20000014
 80002bc:	00000000 	.word	0x00000000

080002c0 <register_tm_clones>:
 80002c0:	4806      	ldr	r0, [pc, #24]	@ (80002dc <register_tm_clones+0x1c>)
 80002c2:	4907      	ldr	r1, [pc, #28]	@ (80002e0 <register_tm_clones+0x20>)
 80002c4:	1a09      	subs	r1, r1, r0
 80002c6:	108b      	asrs	r3, r1, #2
 80002c8:	0fc9      	lsrs	r1, r1, #31
 80002ca:	18c9      	adds	r1, r1, r3
 80002cc:	b510      	push	{r4, lr}
 80002ce:	1049      	asrs	r1, r1, #1
 80002d0:	d003      	beq.n	80002da <register_tm_clones+0x1a>
 80002d2:	4b04      	ldr	r3, [pc, #16]	@ (80002e4 <register_tm_clones+0x24>)
 80002d4:	2b00      	cmp	r3, #0
 80002d6:	d000      	beq.n	80002da <register_tm_clones+0x1a>
 80002d8:	4798      	blx	r3
 80002da:	bd10      	pop	{r4, pc}
 80002dc:	20000014 	.word	0x20000014
 80002e0:	20000014 	.word	0x20000014
 80002e4:	00000000 	.word	0x00000000

080002e8 <__do_global_dtors_aux>:
 80002e8:	b510      	push	{r4, lr}
 80002ea:	4c07      	ldr	r4, [pc, #28]	@ (8000308 <__do_global_dtors_aux+0x20>)
 80002ec:	7823      	ldrb	r3, [r4, #0]
 80002ee:	2b00      	cmp	r3, #0
 80002f0:	d109      	bne.n	8000306 <__do_global_dtors_aux+0x1e>
 80002f2:	f7ff ffd5 	bl	80002a0 <deregister_tm_clones>
 80002f6:	4b05      	ldr	r3, [pc, #20]	@ (800030c <__do_global_dtors_aux+0x24>)
 80002f8:	2b00      	cmp	r3, #0
 80002fa:	d002      	beq.n	8000302 <__do_global_dtors_aux+0x1a>
 80002fc:	4804      	ldr	r0, [pc, #16]	@ (8000310 <__do_global_dtors_aux+0x28>)
 80002fe:	e000      	b.n	8000302 <__do_global_dtors_aux+0x1a>
 8000300:	bf00      	nop
 8000302:	2301      	movs	r3, #1
 8000304:	7023      	strb	r3, [r4, #0]
 8000306:	bd10      	pop	{r4, pc}
 8000308:	200002cc 	.word	0x200002cc
 800030c:	00000000 	.word	0x00000000
 8000310:	080025e4 	.word	0x080025e4

08000314 <frame_dummy>:
 8000314:	4b05      	ldr	r3, [pc, #20]	@ (800032c <frame_dummy+0x18>)
 8000316:	b510      	push	{r4, lr}
 8000318:	2b00      	cmp	r3, #0
 800031a:	d003      	beq.n	8000324 <frame_dummy+0x10>
 800031c:	4904      	ldr	r1, [pc, #16]	@ (8000330 <frame_dummy+0x1c>)
 800031e:	4805      	ldr	r0, [pc, #20]	@ (8000334 <frame_dummy+0x20>)
 8000320:	e000      	b.n	8000324 <frame_dummy+0x10>
 8000322:	bf00      	nop
 8000324:	f7ff ffcc 	bl	80002c0 <register_tm_clones>
 8000328:	bd10      	pop	{r4, pc}
 800032a:	46c0      	nop			@ (mov r8, r8)
 800032c:	00000000 	.word	0x00000000
 8000330:	200002d0 	.word	0x200002d0
 8000334:	080025e4 	.word	0x080025e4

08000338 <ROL8>:
 8000338:	b082      	sub	sp, #8
 800033a:	0002      	movs	r2, r0
 800033c:	9100      	str	r1, [sp, #0]
 800033e:	466b      	mov	r3, sp
 8000340:	3307      	adds	r3, #7
 8000342:	701a      	strb	r2, [r3, #0]
 8000344:	466b      	mov	r3, sp
 8000346:	3307      	adds	r3, #7
 8000348:	781a      	ldrb	r2, [r3, #0]
 800034a:	9b00      	ldr	r3, [sp, #0]
 800034c:	409a      	lsls	r2, r3
 800034e:	0013      	movs	r3, r2
 8000350:	b25a      	sxtb	r2, r3
 8000352:	466b      	mov	r3, sp
 8000354:	3307      	adds	r3, #7
 8000356:	7819      	ldrb	r1, [r3, #0]
 8000358:	9b00      	ldr	r3, [sp, #0]
 800035a:	2008      	movs	r0, #8
 800035c:	1ac3      	subs	r3, r0, r3
 800035e:	4119      	asrs	r1, r3
 8000360:	000b      	movs	r3, r1
 8000362:	b25b      	sxtb	r3, r3
 8000364:	4313      	orrs	r3, r2
 8000366:	b25b      	sxtb	r3, r3
 8000368:	b2db      	uxtb	r3, r3
 800036a:	0018      	movs	r0, r3
 800036c:	b002      	add	sp, #8
 800036e:	4770      	bx	lr

08000370 <shadow32_round>:
 8000370:	b510      	push	{r4, lr}
 8000372:	b086      	sub	sp, #24
 8000374:	9003      	str	r0, [sp, #12]
 8000376:	9102      	str	r1, [sp, #8]
 8000378:	9201      	str	r2, [sp, #4]
 800037a:	9300      	str	r3, [sp, #0]
 800037c:	9b03      	ldr	r3, [sp, #12]
 800037e:	781b      	ldrb	r3, [r3, #0]
 8000380:	2101      	movs	r1, #1
 8000382:	0018      	movs	r0, r3
 8000384:	f7ff ffd8 	bl	8000338 <ROL8>
 8000388:	0003      	movs	r3, r0
 800038a:	001c      	movs	r4, r3
 800038c:	9b03      	ldr	r3, [sp, #12]
 800038e:	781b      	ldrb	r3, [r3, #0]
 8000390:	2107      	movs	r1, #7
 8000392:	0018      	movs	r0, r3
 8000394:	f7ff ffd0 	bl	8000338 <ROL8>
 8000398:	0003      	movs	r3, r0
 800039a:	4023      	ands	r3, r4
 800039c:	b2dc      	uxtb	r4, r3
 800039e:	9b03      	ldr	r3, [sp, #12]
 80003a0:	781b      	ldrb	r3, [r3, #0]
 80003a2:	2102      	movs	r1, #2
 80003a4:	0018      	movs	r0, r3
 80003a6:	f7ff ffc7 	bl	8000338 <ROL8>
 80003aa:	0003      	movs	r3, r0
 80003ac:	4063      	eors	r3, r4
 80003ae:	b2da      	uxtb	r2, r3
 80003b0:	9b02      	ldr	r3, [sp, #8]
 80003b2:	781b      	ldrb	r3, [r3, #0]
 80003b4:	4053      	eors	r3, r2
 80003b6:	b2d9      	uxtb	r1, r3
 80003b8:	2217      	movs	r2, #23
 80003ba:	446a      	add	r2, sp
 80003bc:	ab08      	add	r3, sp, #32
 80003be:	781b      	ldrb	r3, [r3, #0]
 80003c0:	404b      	eors	r3, r1
 80003c2:	7013      	strb	r3, [r2, #0]
 80003c4:	9b01      	ldr	r3, [sp, #4]
 80003c6:	781b      	ldrb	r3, [r3, #0]
 80003c8:	2101      	movs	r1, #1
 80003ca:	0018      	movs	r0, r3
 80003cc:	f7ff ffb4 	bl	8000338 <ROL8>
 80003d0:	0003      	movs	r3, r0
 80003d2:	001c      	movs	r4, r3
 80003d4:	9b01      	ldr	r3, [sp, #4]
 80003d6:	781b      	ldrb	r3, [r3, #0]
 80003d8:	2107      	movs	r1, #7
 80003da:	0018      	movs	r0, r3
 80003dc:	f7ff ffac 	bl	8000338 <ROL8>
 80003e0:	0003      	movs	r3, r0
 80003e2:	4023      	ands	r3, r4
 80003e4:	b2dc      	uxtb	r4, r3
 80003e6:	9b01      	ldr	r3, [sp, #4]
 80003e8:	781b      	ldrb	r3, [r3, #0]
 80003ea:	2102      	movs	r1, #2
 80003ec:	0018      	movs	r0, r3
 80003ee:	f7ff ffa3 	bl	8000338 <ROL8>
 80003f2:	0003      	movs	r3, r0
 80003f4:	4063      	eors	r3, r4
 80003f6:	b2da      	uxtb	r2, r3
 80003f8:	9b00      	ldr	r3, [sp, #0]
 80003fa:	781b      	ldrb	r3, [r3, #0]
 80003fc:	4053      	eors	r3, r2
 80003fe:	b2d9      	uxtb	r1, r3
 8000400:	2316      	movs	r3, #22
 8000402:	446b      	add	r3, sp
 8000404:	aa09      	add	r2, sp, #36	@ 0x24
 8000406:	7812      	ldrb	r2, [r2, #0]
 8000408:	404a      	eors	r2, r1
 800040a:	701a      	strb	r2, [r3, #0]
 800040c:	2317      	movs	r3, #23
 800040e:	446b      	add	r3, sp
 8000410:	781b      	ldrb	r3, [r3, #0]
 8000412:	2101      	movs	r1, #1
 8000414:	0018      	movs	r0, r3
 8000416:	f7ff ff8f 	bl	8000338 <ROL8>
 800041a:	0003      	movs	r3, r0
 800041c:	001c      	movs	r4, r3
 800041e:	2317      	movs	r3, #23
 8000420:	446b      	add	r3, sp
 8000422:	781b      	ldrb	r3, [r3, #0]
 8000424:	2107      	movs	r1, #7
 8000426:	0018      	movs	r0, r3
 8000428:	f7ff ff86 	bl	8000338 <ROL8>
 800042c:	0003      	movs	r3, r0
 800042e:	4023      	ands	r3, r4
 8000430:	b2dc      	uxtb	r4, r3
 8000432:	2317      	movs	r3, #23
 8000434:	446b      	add	r3, sp
 8000436:	781b      	ldrb	r3, [r3, #0]
 8000438:	2102      	movs	r1, #2
 800043a:	0018      	movs	r0, r3
 800043c:	f7ff ff7c 	bl	8000338 <ROL8>
 8000440:	0003      	movs	r3, r0
 8000442:	4063      	eors	r3, r4
 8000444:	b2da      	uxtb	r2, r3
 8000446:	9b03      	ldr	r3, [sp, #12]
 8000448:	781b      	ldrb	r3, [r3, #0]
 800044a:	4053      	eors	r3, r2
 800044c:	b2da      	uxtb	r2, r3
 800044e:	ab0a      	add	r3, sp, #40	@ 0x28
 8000450:	781b      	ldrb	r3, [r3, #0]
 8000452:	4053      	eors	r3, r2
 8000454:	b2da      	uxtb	r2, r3
 8000456:	9b02      	ldr	r3, [sp, #8]
 8000458:	701a      	strb	r2, [r3, #0]
 800045a:	2316      	movs	r3, #22
 800045c:	446b      	add	r3, sp
 800045e:	781b      	ldrb	r3, [r3, #0]
 8000460:	2101      	movs	r1, #1
 8000462:	0018      	movs	r0, r3
 8000464:	f7ff ff68 	bl	8000338 <ROL8>
 8000468:	0003      	movs	r3, r0
 800046a:	001c      	movs	r4, r3
 800046c:	2316      	movs	r3, #22
 800046e:	446b      	add	r3, sp
 8000470:	781b      	ldrb	r3, [r3, #0]
 8000472:	2107      	movs	r1, #7
 8000474:	0018      	movs	r0, r3
 8000476:	f7ff ff5f 	bl	8000338 <ROL8>
 800047a:	0003      	movs	r3, r0
 800047c:	4023      	ands	r3, r4
 800047e:	b2dc      	uxtb	r4, r3
 8000480:	2316      	movs	r3, #22
 8000482:	446b      	add	r3, sp
 8000484:	781b      	ldrb	r3, [r3, #0]
 8000486:	2102      	movs	r1, #2
 8000488:	0018      	movs	r0, r3
 800048a:	f7ff ff55 	bl	8000338 <ROL8>
 800048e:	0003      	movs	r3, r0
 8000490:	4063      	eors	r3, r4
 8000492:	b2da      	uxtb	r2, r3
 8000494:	9b01      	ldr	r3, [sp, #4]
 8000496:	781b      	ldrb	r3, [r3, #0]
 8000498:	4053      	eors	r3, r2
 800049a:	b2da      	uxtb	r2, r3
 800049c:	ab0b      	add	r3, sp, #44	@ 0x2c
 800049e:	781b      	ldrb	r3, [r3, #0]
 80004a0:	4053      	eors	r3, r2
 80004a2:	b2da      	uxtb	r2, r3
 80004a4:	9b00      	ldr	r3, [sp, #0]
 80004a6:	701a      	strb	r2, [r3, #0]
 80004a8:	9b03      	ldr	r3, [sp, #12]
 80004aa:	2216      	movs	r2, #22
 80004ac:	446a      	add	r2, sp
 80004ae:	7812      	ldrb	r2, [r2, #0]
 80004b0:	701a      	strb	r2, [r3, #0]
 80004b2:	9b01      	ldr	r3, [sp, #4]
 80004b4:	2217      	movs	r2, #23
 80004b6:	446a      	add	r2, sp
 80004b8:	7812      	ldrb	r2, [r2, #0]
 80004ba:	701a      	strb	r2, [r3, #0]
 80004bc:	46c0      	nop			@ (mov r8, r8)
 80004be:	b006      	add	sp, #24
 80004c0:	bd10      	pop	{r4, pc}

080004c2 <shadow32_encrypt>:
 80004c2:	b5f0      	push	{r4, r5, r6, r7, lr}
 80004c4:	b08b      	sub	sp, #44	@ 0x2c
 80004c6:	9007      	str	r0, [sp, #28]
 80004c8:	9106      	str	r1, [sp, #24]
 80004ca:	9205      	str	r2, [sp, #20]
 80004cc:	9b07      	ldr	r3, [sp, #28]
 80004ce:	781a      	ldrb	r2, [r3, #0]
 80004d0:	2323      	movs	r3, #35	@ 0x23
 80004d2:	446b      	add	r3, sp
 80004d4:	701a      	strb	r2, [r3, #0]
 80004d6:	9b07      	ldr	r3, [sp, #28]
 80004d8:	3301      	adds	r3, #1
 80004da:	781a      	ldrb	r2, [r3, #0]
 80004dc:	2322      	movs	r3, #34	@ 0x22
 80004de:	446b      	add	r3, sp
 80004e0:	701a      	strb	r2, [r3, #0]
 80004e2:	9b07      	ldr	r3, [sp, #28]
 80004e4:	3302      	adds	r3, #2
 80004e6:	781a      	ldrb	r2, [r3, #0]
 80004e8:	2321      	movs	r3, #33	@ 0x21
 80004ea:	446b      	add	r3, sp
 80004ec:	701a      	strb	r2, [r3, #0]
 80004ee:	9b07      	ldr	r3, [sp, #28]
 80004f0:	3303      	adds	r3, #3
 80004f2:	781a      	ldrb	r2, [r3, #0]
 80004f4:	ab08      	add	r3, sp, #32
 80004f6:	701a      	strb	r2, [r3, #0]
 80004f8:	2300      	movs	r3, #0
 80004fa:	9309      	str	r3, [sp, #36]	@ 0x24
 80004fc:	e02b      	b.n	8000556 <shadow32_encrypt+0x94>
 80004fe:	9b09      	ldr	r3, [sp, #36]	@ 0x24
 8000500:	009b      	lsls	r3, r3, #2
 8000502:	001a      	movs	r2, r3
 8000504:	9b06      	ldr	r3, [sp, #24]
 8000506:	189b      	adds	r3, r3, r2
 8000508:	781b      	ldrb	r3, [r3, #0]
 800050a:	9a09      	ldr	r2, [sp, #36]	@ 0x24
 800050c:	0092      	lsls	r2, r2, #2
 800050e:	3201      	adds	r2, #1
 8000510:	9906      	ldr	r1, [sp, #24]
 8000512:	188a      	adds	r2, r1, r2
 8000514:	7812      	ldrb	r2, [r2, #0]
 8000516:	9909      	ldr	r1, [sp, #36]	@ 0x24
 8000518:	0089      	lsls	r1, r1, #2
 800051a:	3102      	adds	r1, #2
 800051c:	9806      	ldr	r0, [sp, #24]
 800051e:	1841      	adds	r1, r0, r1
 8000520:	7809      	ldrb	r1, [r1, #0]
 8000522:	9809      	ldr	r0, [sp, #36]	@ 0x24
 8000524:	0080      	lsls	r0, r0, #2
 8000526:	3003      	adds	r0, #3
 8000528:	9c06      	ldr	r4, [sp, #24]
 800052a:	1820      	adds	r0, r4, r0
 800052c:	7800      	ldrb	r0, [r0, #0]
 800052e:	af08      	add	r7, sp, #32
 8000530:	2621      	movs	r6, #33	@ 0x21
 8000532:	446e      	add	r6, sp
 8000534:	2522      	movs	r5, #34	@ 0x22
 8000536:	446d      	add	r5, sp
 8000538:	2423      	movs	r4, #35	@ 0x23
 800053a:	446c      	add	r4, sp
 800053c:	9003      	str	r0, [sp, #12]
 800053e:	9102      	str	r1, [sp, #8]
 8000540:	9201      	str	r2, [sp, #4]
 8000542:	9300      	str	r3, [sp, #0]
 8000544:	003b      	movs	r3, r7
 8000546:	0032      	movs	r2, r6
 8000548:	0029      	movs	r1, r5
 800054a:	0020      	movs	r0, r4
 800054c:	f7ff ff10 	bl	8000370 <shadow32_round>
 8000550:	9b09      	ldr	r3, [sp, #36]	@ 0x24
 8000552:	3301      	adds	r3, #1
 8000554:	9309      	str	r3, [sp, #36]	@ 0x24
 8000556:	9b09      	ldr	r3, [sp, #36]	@ 0x24
 8000558:	2b0f      	cmp	r3, #15
 800055a:	ddd0      	ble.n	80004fe <shadow32_encrypt+0x3c>
 800055c:	2321      	movs	r3, #33	@ 0x21
 800055e:	446b      	add	r3, sp
 8000560:	781a      	ldrb	r2, [r3, #0]
 8000562:	9b05      	ldr	r3, [sp, #20]
 8000564:	701a      	strb	r2, [r3, #0]
 8000566:	9b05      	ldr	r3, [sp, #20]
 8000568:	3301      	adds	r3, #1
 800056a:	2222      	movs	r2, #34	@ 0x22
 800056c:	446a      	add	r2, sp
 800056e:	7812      	ldrb	r2, [r2, #0]
 8000570:	701a      	strb	r2, [r3, #0]
 8000572:	9b05      	ldr	r3, [sp, #20]
 8000574:	3302      	adds	r3, #2
 8000576:	2223      	movs	r2, #35	@ 0x23
 8000578:	446a      	add	r2, sp
 800057a:	7812      	ldrb	r2, [r2, #0]
 800057c:	701a      	strb	r2, [r3, #0]
 800057e:	9b05      	ldr	r3, [sp, #20]
 8000580:	3303      	adds	r3, #3
 8000582:	aa08      	add	r2, sp, #32
 8000584:	7812      	ldrb	r2, [r2, #0]
 8000586:	701a      	strb	r2, [r3, #0]
 8000588:	46c0      	nop			@ (mov r8, r8)
 800058a:	b00b      	add	sp, #44	@ 0x2c
 800058c:	bdf0      	pop	{r4, r5, r6, r7, pc}

0800058e <pack8>:
 800058e:	b084      	sub	sp, #16
 8000590:	9001      	str	r0, [sp, #4]
 8000592:	9100      	str	r1, [sp, #0]
 8000594:	230f      	movs	r3, #15
 8000596:	446b      	add	r3, sp
 8000598:	2200      	movs	r2, #0
 800059a:	701a      	strb	r2, [r3, #0]
 800059c:	2300      	movs	r3, #0
 800059e:	9302      	str	r3, [sp, #8]
 80005a0:	e01a      	b.n	80005d8 <pack8+0x4a>
 80005a2:	230f      	movs	r3, #15
 80005a4:	446b      	add	r3, sp
 80005a6:	781b      	ldrb	r3, [r3, #0]
 80005a8:	b25b      	sxtb	r3, r3
 80005aa:	18db      	adds	r3, r3, r3
 80005ac:	b25a      	sxtb	r2, r3
 80005ae:	9b02      	ldr	r3, [sp, #8]
 80005b0:	009b      	lsls	r3, r3, #2
 80005b2:	9900      	ldr	r1, [sp, #0]
 80005b4:	18cb      	adds	r3, r1, r3
 80005b6:	681b      	ldr	r3, [r3, #0]
 80005b8:	0019      	movs	r1, r3
 80005ba:	9b01      	ldr	r3, [sp, #4]
 80005bc:	185b      	adds	r3, r3, r1
 80005be:	781b      	ldrb	r3, [r3, #0]
 80005c0:	b25b      	sxtb	r3, r3
 80005c2:	2101      	movs	r1, #1
 80005c4:	400b      	ands	r3, r1
 80005c6:	b25b      	sxtb	r3, r3
 80005c8:	4313      	orrs	r3, r2
 80005ca:	b25a      	sxtb	r2, r3
 80005cc:	230f      	movs	r3, #15
 80005ce:	446b      	add	r3, sp
 80005d0:	701a      	strb	r2, [r3, #0]
 80005d2:	9b02      	ldr	r3, [sp, #8]
 80005d4:	3301      	adds	r3, #1
 80005d6:	9302      	str	r3, [sp, #8]
 80005d8:	9b02      	ldr	r3, [sp, #8]
 80005da:	2b07      	cmp	r3, #7
 80005dc:	dde1      	ble.n	80005a2 <pack8+0x14>
 80005de:	230f      	movs	r3, #15
 80005e0:	446b      	add	r3, sp
 80005e2:	781b      	ldrb	r3, [r3, #0]
 80005e4:	0018      	movs	r0, r3
 80005e6:	b004      	add	sp, #16
 80005e8:	4770      	bx	lr
 80005ea:	0000      	movs	r0, r0

080005ec <shadow32_key_schedule>:
 80005ec:	b510      	push	{r4, lr}
 80005ee:	b0a8      	sub	sp, #160	@ 0xa0
 80005f0:	9001      	str	r0, [sp, #4]
 80005f2:	9100      	str	r1, [sp, #0]
 80005f4:	2300      	movs	r3, #0
 80005f6:	9327      	str	r3, [sp, #156]	@ 0x9c
 80005f8:	e018      	b.n	800062c <shadow32_key_schedule+0x40>
 80005fa:	9b27      	ldr	r3, [sp, #156]	@ 0x9c
 80005fc:	10db      	asrs	r3, r3, #3
 80005fe:	001a      	movs	r2, r3
 8000600:	9b01      	ldr	r3, [sp, #4]
 8000602:	189b      	adds	r3, r3, r2
 8000604:	781b      	ldrb	r3, [r3, #0]
 8000606:	0019      	movs	r1, r3
 8000608:	9b27      	ldr	r3, [sp, #156]	@ 0x9c
 800060a:	43db      	mvns	r3, r3
 800060c:	2207      	movs	r2, #7
 800060e:	4013      	ands	r3, r2
 8000610:	4119      	asrs	r1, r3
 8000612:	000b      	movs	r3, r1
 8000614:	b2db      	uxtb	r3, r3
 8000616:	2201      	movs	r2, #1
 8000618:	4013      	ands	r3, r2
 800061a:	b2d9      	uxtb	r1, r3
 800061c:	aa13      	add	r2, sp, #76	@ 0x4c
 800061e:	9b27      	ldr	r3, [sp, #156]	@ 0x9c
 8000620:	18d3      	adds	r3, r2, r3
 8000622:	1c0a      	adds	r2, r1, #0
 8000624:	701a      	strb	r2, [r3, #0]
 8000626:	9b27      	ldr	r3, [sp, #156]	@ 0x9c
 8000628:	3301      	adds	r3, #1
 800062a:	9327      	str	r3, [sp, #156]	@ 0x9c
 800062c:	9b27      	ldr	r3, [sp, #156]	@ 0x9c
 800062e:	2b3f      	cmp	r3, #63	@ 0x3f
 8000630:	dde3      	ble.n	80005fa <shadow32_key_schedule+0xe>
 8000632:	2300      	movs	r3, #0
 8000634:	9326      	str	r3, [sp, #152]	@ 0x98
 8000636:	e17e      	b.n	8000936 <shadow32_key_schedule+0x34a>
 8000638:	9b26      	ldr	r3, [sp, #152]	@ 0x98
 800063a:	b2da      	uxtb	r2, r3
 800063c:	2397      	movs	r3, #151	@ 0x97
 800063e:	446b      	add	r3, sp
 8000640:	3201      	adds	r2, #1
 8000642:	701a      	strb	r2, [r3, #0]
 8000644:	ab13      	add	r3, sp, #76	@ 0x4c
 8000646:	78db      	ldrb	r3, [r3, #3]
 8000648:	b25a      	sxtb	r2, r3
 800064a:	2397      	movs	r3, #151	@ 0x97
 800064c:	446b      	add	r3, sp
 800064e:	781b      	ldrb	r3, [r3, #0]
 8000650:	091b      	lsrs	r3, r3, #4
 8000652:	b2db      	uxtb	r3, r3
 8000654:	b25b      	sxtb	r3, r3
 8000656:	2101      	movs	r1, #1
 8000658:	400b      	ands	r3, r1
 800065a:	b25b      	sxtb	r3, r3
 800065c:	4053      	eors	r3, r2
 800065e:	b25b      	sxtb	r3, r3
 8000660:	b2da      	uxtb	r2, r3
 8000662:	ab13      	add	r3, sp, #76	@ 0x4c
 8000664:	70da      	strb	r2, [r3, #3]
 8000666:	ab13      	add	r3, sp, #76	@ 0x4c
 8000668:	791b      	ldrb	r3, [r3, #4]
 800066a:	b25a      	sxtb	r2, r3
 800066c:	2397      	movs	r3, #151	@ 0x97
 800066e:	446b      	add	r3, sp
 8000670:	781b      	ldrb	r3, [r3, #0]
 8000672:	08db      	lsrs	r3, r3, #3
 8000674:	b2db      	uxtb	r3, r3
 8000676:	b25b      	sxtb	r3, r3
 8000678:	2101      	movs	r1, #1
 800067a:	400b      	ands	r3, r1
 800067c:	b25b      	sxtb	r3, r3
 800067e:	4053      	eors	r3, r2
 8000680:	b25b      	sxtb	r3, r3
 8000682:	b2da      	uxtb	r2, r3
 8000684:	ab13      	add	r3, sp, #76	@ 0x4c
 8000686:	711a      	strb	r2, [r3, #4]
 8000688:	ab13      	add	r3, sp, #76	@ 0x4c
 800068a:	795b      	ldrb	r3, [r3, #5]
 800068c:	b25a      	sxtb	r2, r3
 800068e:	2397      	movs	r3, #151	@ 0x97
 8000690:	446b      	add	r3, sp
 8000692:	781b      	ldrb	r3, [r3, #0]
 8000694:	089b      	lsrs	r3, r3, #2
 8000696:	b2db      	uxtb	r3, r3
 8000698:	b25b      	sxtb	r3, r3
 800069a:	2101      	movs	r1, #1
 800069c:	400b      	ands	r3, r1
 800069e:	b25b      	sxtb	r3, r3
 80006a0:	4053      	eors	r3, r2
 80006a2:	b25b      	sxtb	r3, r3
 80006a4:	b2da      	uxtb	r2, r3
 80006a6:	ab13      	add	r3, sp, #76	@ 0x4c
 80006a8:	715a      	strb	r2, [r3, #5]
 80006aa:	ab13      	add	r3, sp, #76	@ 0x4c
 80006ac:	799b      	ldrb	r3, [r3, #6]
 80006ae:	b25a      	sxtb	r2, r3
 80006b0:	2397      	movs	r3, #151	@ 0x97
 80006b2:	446b      	add	r3, sp
 80006b4:	781b      	ldrb	r3, [r3, #0]
 80006b6:	085b      	lsrs	r3, r3, #1
 80006b8:	b2db      	uxtb	r3, r3
 80006ba:	b25b      	sxtb	r3, r3
 80006bc:	2101      	movs	r1, #1
 80006be:	400b      	ands	r3, r1
 80006c0:	b25b      	sxtb	r3, r3
 80006c2:	4053      	eors	r3, r2
 80006c4:	b25b      	sxtb	r3, r3
 80006c6:	b2da      	uxtb	r2, r3
 80006c8:	ab13      	add	r3, sp, #76	@ 0x4c
 80006ca:	719a      	strb	r2, [r3, #6]
 80006cc:	ab13      	add	r3, sp, #76	@ 0x4c
 80006ce:	79db      	ldrb	r3, [r3, #7]
 80006d0:	b25a      	sxtb	r2, r3
 80006d2:	2397      	movs	r3, #151	@ 0x97
 80006d4:	446b      	add	r3, sp
 80006d6:	781b      	ldrb	r3, [r3, #0]
 80006d8:	b25b      	sxtb	r3, r3
 80006da:	2101      	movs	r1, #1
 80006dc:	400b      	ands	r3, r1
 80006de:	b25b      	sxtb	r3, r3
 80006e0:	4053      	eors	r3, r2
 80006e2:	b25b      	sxtb	r3, r3
 80006e4:	b2da      	uxtb	r2, r3
 80006e6:	ab13      	add	r3, sp, #76	@ 0x4c
 80006e8:	71da      	strb	r2, [r3, #7]
 80006ea:	2396      	movs	r3, #150	@ 0x96
 80006ec:	446b      	add	r3, sp
 80006ee:	aa13      	add	r2, sp, #76	@ 0x4c
 80006f0:	2138      	movs	r1, #56	@ 0x38
 80006f2:	5c52      	ldrb	r2, [r2, r1]
 80006f4:	701a      	strb	r2, [r3, #0]
 80006f6:	2395      	movs	r3, #149	@ 0x95
 80006f8:	446b      	add	r3, sp
 80006fa:	aa13      	add	r2, sp, #76	@ 0x4c
 80006fc:	2139      	movs	r1, #57	@ 0x39
 80006fe:	5c52      	ldrb	r2, [r2, r1]
 8000700:	701a      	strb	r2, [r3, #0]
 8000702:	ab25      	add	r3, sp, #148	@ 0x94
 8000704:	aa13      	add	r2, sp, #76	@ 0x4c
 8000706:	213a      	movs	r1, #58	@ 0x3a
 8000708:	5c52      	ldrb	r2, [r2, r1]
 800070a:	701a      	strb	r2, [r3, #0]
 800070c:	2393      	movs	r3, #147	@ 0x93
 800070e:	446b      	add	r3, sp
 8000710:	aa13      	add	r2, sp, #76	@ 0x4c
 8000712:	213b      	movs	r1, #59	@ 0x3b
 8000714:	5c52      	ldrb	r2, [r2, r1]
 8000716:	701a      	strb	r2, [r3, #0]
 8000718:	2392      	movs	r3, #146	@ 0x92
 800071a:	446b      	add	r3, sp
 800071c:	aa13      	add	r2, sp, #76	@ 0x4c
 800071e:	213c      	movs	r1, #60	@ 0x3c
 8000720:	5c52      	ldrb	r2, [r2, r1]
 8000722:	701a      	strb	r2, [r3, #0]
 8000724:	2391      	movs	r3, #145	@ 0x91
 8000726:	446b      	add	r3, sp
 8000728:	aa13      	add	r2, sp, #76	@ 0x4c
 800072a:	213d      	movs	r1, #61	@ 0x3d
 800072c:	5c52      	ldrb	r2, [r2, r1]
 800072e:	701a      	strb	r2, [r3, #0]
 8000730:	ab24      	add	r3, sp, #144	@ 0x90
 8000732:	aa13      	add	r2, sp, #76	@ 0x4c
 8000734:	213e      	movs	r1, #62	@ 0x3e
 8000736:	5c52      	ldrb	r2, [r2, r1]
 8000738:	701a      	strb	r2, [r3, #0]
 800073a:	238f      	movs	r3, #143	@ 0x8f
 800073c:	446b      	add	r3, sp
 800073e:	aa13      	add	r2, sp, #76	@ 0x4c
 8000740:	213f      	movs	r1, #63	@ 0x3f
 8000742:	5c52      	ldrb	r2, [r2, r1]
 8000744:	701a      	strb	r2, [r3, #0]
 8000746:	ab24      	add	r3, sp, #144	@ 0x90
 8000748:	781b      	ldrb	r3, [r3, #0]
 800074a:	43db      	mvns	r3, r3
 800074c:	b2db      	uxtb	r3, r3
 800074e:	2296      	movs	r2, #150	@ 0x96
 8000750:	446a      	add	r2, sp
 8000752:	7812      	ldrb	r2, [r2, #0]
 8000754:	4013      	ands	r3, r2
 8000756:	b2d9      	uxtb	r1, r3
 8000758:	ab13      	add	r3, sp, #76	@ 0x4c
 800075a:	2238      	movs	r2, #56	@ 0x38
 800075c:	5499      	strb	r1, [r3, r2]
 800075e:	238f      	movs	r3, #143	@ 0x8f
 8000760:	446b      	add	r3, sp
 8000762:	781b      	ldrb	r3, [r3, #0]
 8000764:	43db      	mvns	r3, r3
 8000766:	b2db      	uxtb	r3, r3
 8000768:	2295      	movs	r2, #149	@ 0x95
 800076a:	446a      	add	r2, sp
 800076c:	7812      	ldrb	r2, [r2, #0]
 800076e:	4013      	ands	r3, r2
 8000770:	b2d9      	uxtb	r1, r3
 8000772:	ab13      	add	r3, sp, #76	@ 0x4c
 8000774:	2239      	movs	r2, #57	@ 0x39
 8000776:	5499      	strb	r1, [r3, r2]
 8000778:	aa25      	add	r2, sp, #148	@ 0x94
 800077a:	2396      	movs	r3, #150	@ 0x96
 800077c:	446b      	add	r3, sp
 800077e:	7812      	ldrb	r2, [r2, #0]
 8000780:	781b      	ldrb	r3, [r3, #0]
 8000782:	4053      	eors	r3, r2
 8000784:	b2da      	uxtb	r2, r3
 8000786:	ab24      	add	r3, sp, #144	@ 0x90
 8000788:	781b      	ldrb	r3, [r3, #0]
 800078a:	4053      	eors	r3, r2
 800078c:	b2db      	uxtb	r3, r3
 800078e:	aa25      	add	r2, sp, #148	@ 0x94
 8000790:	7812      	ldrb	r2, [r2, #0]
 8000792:	4013      	ands	r3, r2
 8000794:	b2d9      	uxtb	r1, r3
 8000796:	ab13      	add	r3, sp, #76	@ 0x4c
 8000798:	223a      	movs	r2, #58	@ 0x3a
 800079a:	5499      	strb	r1, [r3, r2]
 800079c:	2293      	movs	r2, #147	@ 0x93
 800079e:	446a      	add	r2, sp
 80007a0:	2395      	movs	r3, #149	@ 0x95
 80007a2:	446b      	add	r3, sp
 80007a4:	7812      	ldrb	r2, [r2, #0]
 80007a6:	781b      	ldrb	r3, [r3, #0]
 80007a8:	4053      	eors	r3, r2
 80007aa:	b2da      	uxtb	r2, r3
 80007ac:	238f      	movs	r3, #143	@ 0x8f
 80007ae:	446b      	add	r3, sp
 80007b0:	781b      	ldrb	r3, [r3, #0]
 80007b2:	4053      	eors	r3, r2
 80007b4:	b2db      	uxtb	r3, r3
 80007b6:	2293      	movs	r2, #147	@ 0x93
 80007b8:	446a      	add	r2, sp
 80007ba:	7812      	ldrb	r2, [r2, #0]
 80007bc:	4013      	ands	r3, r2
 80007be:	b2d9      	uxtb	r1, r3
 80007c0:	ab13      	add	r3, sp, #76	@ 0x4c
 80007c2:	223b      	movs	r2, #59	@ 0x3b
 80007c4:	5499      	strb	r1, [r3, r2]
 80007c6:	2292      	movs	r2, #146	@ 0x92
 80007c8:	446a      	add	r2, sp
 80007ca:	ab25      	add	r3, sp, #148	@ 0x94
 80007cc:	7812      	ldrb	r2, [r2, #0]
 80007ce:	781b      	ldrb	r3, [r3, #0]
 80007d0:	4053      	eors	r3, r2
 80007d2:	b2da      	uxtb	r2, r3
 80007d4:	2396      	movs	r3, #150	@ 0x96
 80007d6:	446b      	add	r3, sp
 80007d8:	781b      	ldrb	r3, [r3, #0]
 80007da:	4053      	eors	r3, r2
 80007dc:	b2da      	uxtb	r2, r3
 80007de:	ab24      	add	r3, sp, #144	@ 0x90
 80007e0:	781b      	ldrb	r3, [r3, #0]
 80007e2:	4053      	eors	r3, r2
 80007e4:	b2db      	uxtb	r3, r3
 80007e6:	2292      	movs	r2, #146	@ 0x92
 80007e8:	446a      	add	r2, sp
 80007ea:	7812      	ldrb	r2, [r2, #0]
 80007ec:	4013      	ands	r3, r2
 80007ee:	b2d9      	uxtb	r1, r3
 80007f0:	ab13      	add	r3, sp, #76	@ 0x4c
 80007f2:	223c      	movs	r2, #60	@ 0x3c
 80007f4:	5499      	strb	r1, [r3, r2]
 80007f6:	2291      	movs	r2, #145	@ 0x91
 80007f8:	446a      	add	r2, sp
 80007fa:	2393      	movs	r3, #147	@ 0x93
 80007fc:	446b      	add	r3, sp
 80007fe:	7812      	ldrb	r2, [r2, #0]
 8000800:	781b      	ldrb	r3, [r3, #0]
 8000802:	4053      	eors	r3, r2
 8000804:	b2da      	uxtb	r2, r3
 8000806:	2395      	movs	r3, #149	@ 0x95
 8000808:	446b      	add	r3, sp
 800080a:	781b      	ldrb	r3, [r3, #0]
 800080c:	4053      	eors	r3, r2
 800080e:	b2da      	uxtb	r2, r3
 8000810:	238f      	movs	r3, #143	@ 0x8f
 8000812:	446b      	add	r3, sp
 8000814:	781b      	ldrb	r3, [r3, #0]
 8000816:	4053      	eors	r3, r2
 8000818:	b2db      	uxtb	r3, r3
 800081a:	2291      	movs	r2, #145	@ 0x91
 800081c:	446a      	add	r2, sp
 800081e:	7812      	ldrb	r2, [r2, #0]
 8000820:	4013      	ands	r3, r2
 8000822:	b2d9      	uxtb	r1, r3
 8000824:	ab13      	add	r3, sp, #76	@ 0x4c
 8000826:	223d      	movs	r2, #61	@ 0x3d
 8000828:	5499      	strb	r1, [r3, r2]
 800082a:	2292      	movs	r2, #146	@ 0x92
 800082c:	446a      	add	r2, sp
 800082e:	ab25      	add	r3, sp, #148	@ 0x94
 8000830:	7812      	ldrb	r2, [r2, #0]
 8000832:	781b      	ldrb	r3, [r3, #0]
 8000834:	4053      	eors	r3, r2
 8000836:	b2da      	uxtb	r2, r3
 8000838:	2396      	movs	r3, #150	@ 0x96
 800083a:	446b      	add	r3, sp
 800083c:	781b      	ldrb	r3, [r3, #0]
 800083e:	4053      	eors	r3, r2
 8000840:	b2db      	uxtb	r3, r3
 8000842:	aa24      	add	r2, sp, #144	@ 0x90
 8000844:	7812      	ldrb	r2, [r2, #0]
 8000846:	4013      	ands	r3, r2
 8000848:	b2d9      	uxtb	r1, r3
 800084a:	ab13      	add	r3, sp, #76	@ 0x4c
 800084c:	223e      	movs	r2, #62	@ 0x3e
 800084e:	5499      	strb	r1, [r3, r2]
 8000850:	2291      	movs	r2, #145	@ 0x91
 8000852:	446a      	add	r2, sp
 8000854:	2393      	movs	r3, #147	@ 0x93
 8000856:	446b      	add	r3, sp
 8000858:	7812      	ldrb	r2, [r2, #0]
 800085a:	781b      	ldrb	r3, [r3, #0]
 800085c:	4053      	eors	r3, r2
 800085e:	b2da      	uxtb	r2, r3
 8000860:	2395      	movs	r3, #149	@ 0x95
 8000862:	446b      	add	r3, sp
 8000864:	781b      	ldrb	r3, [r3, #0]
 8000866:	4053      	eors	r3, r2
 8000868:	b2db      	uxtb	r3, r3
 800086a:	228f      	movs	r2, #143	@ 0x8f
 800086c:	446a      	add	r2, sp
 800086e:	7812      	ldrb	r2, [r2, #0]
 8000870:	4013      	ands	r3, r2
 8000872:	b2d9      	uxtb	r1, r3
 8000874:	ab13      	add	r3, sp, #76	@ 0x4c
 8000876:	223f      	movs	r2, #63	@ 0x3f
 8000878:	5499      	strb	r1, [r3, r2]
 800087a:	2300      	movs	r3, #0
 800087c:	9327      	str	r3, [sp, #156]	@ 0x9c
 800087e:	e00e      	b.n	800089e <shadow32_key_schedule+0x2b2>
 8000880:	4a31      	ldr	r2, [pc, #196]	@ (8000948 <shadow32_key_schedule+0x35c>)
 8000882:	9b27      	ldr	r3, [sp, #156]	@ 0x9c
 8000884:	18d3      	adds	r3, r2, r3
 8000886:	781b      	ldrb	r3, [r3, #0]
 8000888:	001a      	movs	r2, r3
 800088a:	ab13      	add	r3, sp, #76	@ 0x4c
 800088c:	5c99      	ldrb	r1, [r3, r2]
 800088e:	aa03      	add	r2, sp, #12
 8000890:	9b27      	ldr	r3, [sp, #156]	@ 0x9c
 8000892:	18d3      	adds	r3, r2, r3
 8000894:	1c0a      	adds	r2, r1, #0
 8000896:	701a      	strb	r2, [r3, #0]
 8000898:	9b27      	ldr	r3, [sp, #156]	@ 0x9c
 800089a:	3301      	adds	r3, #1
 800089c:	9327      	str	r3, [sp, #156]	@ 0x9c
 800089e:	9b27      	ldr	r3, [sp, #156]	@ 0x9c
 80008a0:	2b3f      	cmp	r3, #63	@ 0x3f
 80008a2:	dded      	ble.n	8000880 <shadow32_key_schedule+0x294>
 80008a4:	2300      	movs	r3, #0
 80008a6:	9327      	str	r3, [sp, #156]	@ 0x9c
 80008a8:	e00b      	b.n	80008c2 <shadow32_key_schedule+0x2d6>
 80008aa:	aa03      	add	r2, sp, #12
 80008ac:	9b27      	ldr	r3, [sp, #156]	@ 0x9c
 80008ae:	18d3      	adds	r3, r2, r3
 80008b0:	7819      	ldrb	r1, [r3, #0]
 80008b2:	aa13      	add	r2, sp, #76	@ 0x4c
 80008b4:	9b27      	ldr	r3, [sp, #156]	@ 0x9c
 80008b6:	18d3      	adds	r3, r2, r3
 80008b8:	1c0a      	adds	r2, r1, #0
 80008ba:	701a      	strb	r2, [r3, #0]
 80008bc:	9b27      	ldr	r3, [sp, #156]	@ 0x9c
 80008be:	3301      	adds	r3, #1
 80008c0:	9327      	str	r3, [sp, #156]	@ 0x9c
 80008c2:	9b27      	ldr	r3, [sp, #156]	@ 0x9c
 80008c4:	2b3f      	cmp	r3, #63	@ 0x3f
 80008c6:	ddf0      	ble.n	80008aa <shadow32_key_schedule+0x2be>
 80008c8:	9b26      	ldr	r3, [sp, #152]	@ 0x98
 80008ca:	009b      	lsls	r3, r3, #2
 80008cc:	001a      	movs	r2, r3
 80008ce:	9b00      	ldr	r3, [sp, #0]
 80008d0:	189c      	adds	r4, r3, r2
 80008d2:	4a1e      	ldr	r2, [pc, #120]	@ (800094c <shadow32_key_schedule+0x360>)
 80008d4:	ab13      	add	r3, sp, #76	@ 0x4c
 80008d6:	0011      	movs	r1, r2
 80008d8:	0018      	movs	r0, r3
 80008da:	f7ff fe58 	bl	800058e <pack8>
 80008de:	0003      	movs	r3, r0
 80008e0:	7023      	strb	r3, [r4, #0]
 80008e2:	9b26      	ldr	r3, [sp, #152]	@ 0x98
 80008e4:	009b      	lsls	r3, r3, #2
 80008e6:	3301      	adds	r3, #1
 80008e8:	9a00      	ldr	r2, [sp, #0]
 80008ea:	18d4      	adds	r4, r2, r3
 80008ec:	4a18      	ldr	r2, [pc, #96]	@ (8000950 <shadow32_key_schedule+0x364>)
 80008ee:	ab13      	add	r3, sp, #76	@ 0x4c
 80008f0:	0011      	movs	r1, r2
 80008f2:	0018      	movs	r0, r3
 80008f4:	f7ff fe4b 	bl	800058e <pack8>
 80008f8:	0003      	movs	r3, r0
 80008fa:	7023      	strb	r3, [r4, #0]
 80008fc:	9b26      	ldr	r3, [sp, #152]	@ 0x98
 80008fe:	009b      	lsls	r3, r3, #2
 8000900:	3302      	adds	r3, #2
 8000902:	9a00      	ldr	r2, [sp, #0]
 8000904:	18d4      	adds	r4, r2, r3
 8000906:	4a13      	ldr	r2, [pc, #76]	@ (8000954 <shadow32_key_schedule+0x368>)
 8000908:	ab13      	add	r3, sp, #76	@ 0x4c
 800090a:	0011      	movs	r1, r2
 800090c:	0018      	movs	r0, r3
 800090e:	f7ff fe3e 	bl	800058e <pack8>
 8000912:	0003      	movs	r3, r0
 8000914:	7023      	strb	r3, [r4, #0]
 8000916:	9b26      	ldr	r3, [sp, #152]	@ 0x98
 8000918:	009b      	lsls	r3, r3, #2
 800091a:	3303      	adds	r3, #3
 800091c:	9a00      	ldr	r2, [sp, #0]
 800091e:	18d4      	adds	r4, r2, r3
 8000920:	4a0d      	ldr	r2, [pc, #52]	@ (8000958 <shadow32_key_schedule+0x36c>)
 8000922:	ab13      	add	r3, sp, #76	@ 0x4c
 8000924:	0011      	movs	r1, r2
 8000926:	0018      	movs	r0, r3
 8000928:	f7ff fe31 	bl	800058e <pack8>
 800092c:	0003      	movs	r3, r0
 800092e:	7023      	strb	r3, [r4, #0]
 8000930:	9b26      	ldr	r3, [sp, #152]	@ 0x98
 8000932:	3301      	adds	r3, #1
 8000934:	9326      	str	r3, [sp, #152]	@ 0x98
 8000936:	9b26      	ldr	r3, [sp, #152]	@ 0x98
 8000938:	2b0f      	cmp	r3, #15
 800093a:	dc00      	bgt.n	800093e <shadow32_key_schedule+0x352>
 800093c:	e67c      	b.n	8000638 <shadow32_key_schedule+0x4c>
 800093e:	46c0      	nop			@ (mov r8, r8)
 8000940:	46c0      	nop			@ (mov r8, r8)
 8000942:	b028      	add	sp, #160	@ 0xa0
 8000944:	bd10      	pop	{r4, pc}
 8000946:	46c0      	nop			@ (mov r8, r8)
 8000948:	080025fc 	.word	0x080025fc
 800094c:	0800268c 	.word	0x0800268c
 8000950:	080026ac 	.word	0x080026ac
 8000954:	080026cc 	.word	0x080026cc
 8000958:	080026ec 	.word	0x080026ec

0800095c <rk_reset>:
 800095c:	b082      	sub	sp, #8
 800095e:	2300      	movs	r3, #0
 8000960:	9301      	str	r3, [sp, #4]
 8000962:	e00b      	b.n	800097c <rk_reset+0x20>
 8000964:	4a09      	ldr	r2, [pc, #36]	@ (800098c <rk_reset+0x30>)
 8000966:	9b01      	ldr	r3, [sp, #4]
 8000968:	18d3      	adds	r3, r2, r3
 800096a:	7819      	ldrb	r1, [r3, #0]
 800096c:	4a08      	ldr	r2, [pc, #32]	@ (8000990 <rk_reset+0x34>)
 800096e:	9b01      	ldr	r3, [sp, #4]
 8000970:	18d3      	adds	r3, r2, r3
 8000972:	1c0a      	adds	r2, r1, #0
 8000974:	701a      	strb	r2, [r3, #0]
 8000976:	9b01      	ldr	r3, [sp, #4]
 8000978:	3301      	adds	r3, #1
 800097a:	9301      	str	r3, [sp, #4]
 800097c:	9b01      	ldr	r3, [sp, #4]
 800097e:	2b3f      	cmp	r3, #63	@ 0x3f
 8000980:	ddf0      	ble.n	8000964 <rk_reset+0x8>
 8000982:	46c0      	nop			@ (mov r8, r8)
 8000984:	46c0      	nop			@ (mov r8, r8)
 8000986:	b002      	add	sp, #8
 8000988:	4770      	bx	lr
 800098a:	46c0      	nop			@ (mov r8, r8)
 800098c:	0800263c 	.word	0x0800263c
 8000990:	20000014 	.word	0x20000014

08000994 <set_default>:
 8000994:	b500      	push	{lr}
 8000996:	b083      	sub	sp, #12
 8000998:	9001      	str	r0, [sp, #4]
 800099a:	000a      	movs	r2, r1
 800099c:	466b      	mov	r3, sp
 800099e:	3303      	adds	r3, #3
 80009a0:	701a      	strb	r2, [r3, #0]
 80009a2:	f7ff ffdb 	bl	800095c <rk_reset>
 80009a6:	2300      	movs	r3, #0
 80009a8:	0018      	movs	r0, r3
 80009aa:	b003      	add	sp, #12
 80009ac:	bd00      	pop	{pc}
 80009ae:	0000      	movs	r0, r0

080009b0 <set_key>:
 80009b0:	b500      	push	{lr}
 80009b2:	b083      	sub	sp, #12
 80009b4:	9001      	str	r0, [sp, #4]
 80009b6:	000a      	movs	r2, r1
 80009b8:	466b      	mov	r3, sp
 80009ba:	3303      	adds	r3, #3
 80009bc:	701a      	strb	r2, [r3, #0]
 80009be:	4a05      	ldr	r2, [pc, #20]	@ (80009d4 <set_key+0x24>)
 80009c0:	9b01      	ldr	r3, [sp, #4]
 80009c2:	0011      	movs	r1, r2
 80009c4:	0018      	movs	r0, r3
 80009c6:	f7ff fe11 	bl	80005ec <shadow32_key_schedule>
 80009ca:	2300      	movs	r3, #0
 80009cc:	0018      	movs	r0, r3
 80009ce:	b003      	add	sp, #12
 80009d0:	bd00      	pop	{pc}
 80009d2:	46c0      	nop			@ (mov r8, r8)
 80009d4:	20000014 	.word	0x20000014

080009d8 <nop_blk>:
 80009d8:	46c0      	nop			@ (mov r8, r8)
 80009da:	46c0      	nop			@ (mov r8, r8)
 80009dc:	46c0      	nop			@ (mov r8, r8)
 80009de:	46c0      	nop			@ (mov r8, r8)
 80009e0:	46c0      	nop			@ (mov r8, r8)
 80009e2:	46c0      	nop			@ (mov r8, r8)
 80009e4:	46c0      	nop			@ (mov r8, r8)
 80009e6:	46c0      	nop			@ (mov r8, r8)
 80009e8:	46c0      	nop			@ (mov r8, r8)
 80009ea:	46c0      	nop			@ (mov r8, r8)
 80009ec:	46c0      	nop			@ (mov r8, r8)
 80009ee:	46c0      	nop			@ (mov r8, r8)
 80009f0:	46c0      	nop			@ (mov r8, r8)
 80009f2:	46c0      	nop			@ (mov r8, r8)
 80009f4:	46c0      	nop			@ (mov r8, r8)
 80009f6:	46c0      	nop			@ (mov r8, r8)
 80009f8:	46c0      	nop			@ (mov r8, r8)
 80009fa:	46c0      	nop			@ (mov r8, r8)
 80009fc:	46c0      	nop			@ (mov r8, r8)
 80009fe:	46c0      	nop			@ (mov r8, r8)
 8000a00:	46c0      	nop			@ (mov r8, r8)
 8000a02:	46c0      	nop			@ (mov r8, r8)
 8000a04:	46c0      	nop			@ (mov r8, r8)
 8000a06:	46c0      	nop			@ (mov r8, r8)
 8000a08:	46c0      	nop			@ (mov r8, r8)
 8000a0a:	46c0      	nop			@ (mov r8, r8)
 8000a0c:	46c0      	nop			@ (mov r8, r8)
 8000a0e:	46c0      	nop			@ (mov r8, r8)
 8000a10:	46c0      	nop			@ (mov r8, r8)
 8000a12:	46c0      	nop			@ (mov r8, r8)
 8000a14:	46c0      	nop			@ (mov r8, r8)
 8000a16:	46c0      	nop			@ (mov r8, r8)
 8000a18:	46c0      	nop			@ (mov r8, r8)
 8000a1a:	4770      	bx	lr

08000a1c <nop_pad>:
 8000a1c:	b500      	push	{lr}
 8000a1e:	b083      	sub	sp, #12
 8000a20:	2300      	movs	r3, #0
 8000a22:	9301      	str	r3, [sp, #4]
 8000a24:	e004      	b.n	8000a30 <nop_pad+0x14>
 8000a26:	f7ff ffd7 	bl	80009d8 <nop_blk>
 8000a2a:	9b01      	ldr	r3, [sp, #4]
 8000a2c:	3301      	adds	r3, #1
 8000a2e:	9301      	str	r3, [sp, #4]
 8000a30:	9b01      	ldr	r3, [sp, #4]
 8000a32:	2b27      	cmp	r3, #39	@ 0x27
 8000a34:	ddf7      	ble.n	8000a26 <nop_pad+0xa>
 8000a36:	46c0      	nop			@ (mov r8, r8)
 8000a38:	46c0      	nop			@ (mov r8, r8)
 8000a3a:	b003      	add	sp, #12
 8000a3c:	bd00      	pop	{pc}
 8000a3e:	0000      	movs	r0, r0

08000a40 <enc>:
 8000a40:	b500      	push	{lr}
 8000a42:	b089      	sub	sp, #36	@ 0x24
 8000a44:	9001      	str	r0, [sp, #4]
 8000a46:	000a      	movs	r2, r1
 8000a48:	466b      	mov	r3, sp
 8000a4a:	3303      	adds	r3, #3
 8000a4c:	701a      	strb	r2, [r3, #0]
 8000a4e:	ab03      	add	r3, sp, #12
 8000a50:	0018      	movs	r0, r3
 8000a52:	2310      	movs	r3, #16
 8000a54:	001a      	movs	r2, r3
 8000a56:	2100      	movs	r1, #0
 8000a58:	f001 fd97 	bl	800258a <memset>
 8000a5c:	9b01      	ldr	r3, [sp, #4]
 8000a5e:	0018      	movs	r0, r3
 8000a60:	f001 fd64 	bl	800252c <aes_indep_enc_pretrigger>
 8000a64:	f000 fc30 	bl	80012c8 <trigger_high>
 8000a68:	aa07      	add	r2, sp, #28
 8000a6a:	4913      	ldr	r1, [pc, #76]	@ (8000ab8 <enc+0x78>)
 8000a6c:	9b01      	ldr	r3, [sp, #4]
 8000a6e:	0018      	movs	r0, r3
 8000a70:	f7ff fd27 	bl	80004c2 <shadow32_encrypt>
 8000a74:	f7ff ffd2 	bl	8000a1c <nop_pad>
 8000a78:	f000 fc30 	bl	80012dc <trigger_low>
 8000a7c:	9b01      	ldr	r3, [sp, #4]
 8000a7e:	0018      	movs	r0, r3
 8000a80:	f001 fd59 	bl	8002536 <aes_indep_enc_posttrigger>
 8000a84:	ab07      	add	r3, sp, #28
 8000a86:	781a      	ldrb	r2, [r3, #0]
 8000a88:	ab03      	add	r3, sp, #12
 8000a8a:	701a      	strb	r2, [r3, #0]
 8000a8c:	ab07      	add	r3, sp, #28
 8000a8e:	785a      	ldrb	r2, [r3, #1]
 8000a90:	ab03      	add	r3, sp, #12
 8000a92:	705a      	strb	r2, [r3, #1]
 8000a94:	ab07      	add	r3, sp, #28
 8000a96:	789a      	ldrb	r2, [r3, #2]
 8000a98:	ab03      	add	r3, sp, #12
 8000a9a:	709a      	strb	r2, [r3, #2]
 8000a9c:	ab07      	add	r3, sp, #28
 8000a9e:	78da      	ldrb	r2, [r3, #3]
 8000aa0:	ab03      	add	r3, sp, #12
 8000aa2:	70da      	strb	r2, [r3, #3]
 8000aa4:	ab03      	add	r3, sp, #12
 8000aa6:	001a      	movs	r2, r3
 8000aa8:	2110      	movs	r1, #16
 8000aaa:	2072      	movs	r0, #114	@ 0x72
 8000aac:	f000 fab8 	bl	8001020 <simpleserial_put>
 8000ab0:	2300      	movs	r3, #0
 8000ab2:	0018      	movs	r0, r3
 8000ab4:	b009      	add	sp, #36	@ 0x24
 8000ab6:	bd00      	pop	{pc}
 8000ab8:	20000014 	.word	0x20000014

08000abc <main>:
 8000abc:	b510      	push	{r4, lr}
 8000abe:	b084      	sub	sp, #16
 8000ac0:	466b      	mov	r3, sp
 8000ac2:	4a12      	ldr	r2, [pc, #72]	@ (8000b0c <main+0x50>)
 8000ac4:	ca13      	ldmia	r2!, {r0, r1, r4}
 8000ac6:	c313      	stmia	r3!, {r0, r1, r4}
 8000ac8:	6812      	ldr	r2, [r2, #0]
 8000aca:	601a      	str	r2, [r3, #0]
 8000acc:	f000 faea 	bl	80010a4 <platform_init>
 8000ad0:	f000 fb34 	bl	800113c <init_uart>
 8000ad4:	f000 fb94 	bl	8001200 <trigger_setup>
 8000ad8:	f7ff ff40 	bl	800095c <rk_reset>
 8000adc:	f000 f96a 	bl	8000db4 <simpleserial_init>
 8000ae0:	4b0b      	ldr	r3, [pc, #44]	@ (8000b10 <main+0x54>)
 8000ae2:	001a      	movs	r2, r3
 8000ae4:	2100      	movs	r1, #0
 8000ae6:	2064      	movs	r0, #100	@ 0x64
 8000ae8:	f000 f980 	bl	8000dec <simpleserial_addcmd>
 8000aec:	4b09      	ldr	r3, [pc, #36]	@ (8000b14 <main+0x58>)
 8000aee:	001a      	movs	r2, r3
 8000af0:	2108      	movs	r1, #8
 8000af2:	206b      	movs	r0, #107	@ 0x6b
 8000af4:	f000 f97a 	bl	8000dec <simpleserial_addcmd>
 8000af8:	4b07      	ldr	r3, [pc, #28]	@ (8000b18 <main+0x5c>)
 8000afa:	001a      	movs	r2, r3
 8000afc:	2104      	movs	r1, #4
 8000afe:	2070      	movs	r0, #112	@ 0x70
 8000b00:	f000 f974 	bl	8000dec <simpleserial_addcmd>
 8000b04:	f000 f9cc 	bl	8000ea0 <simpleserial_get>
 8000b08:	e7fc      	b.n	8000b04 <main+0x48>
 8000b0a:	46c0      	nop			@ (mov r8, r8)
 8000b0c:	0800267c 	.word	0x0800267c
 8000b10:	08000995 	.word	0x08000995
 8000b14:	080009b1 	.word	0x080009b1
 8000b18:	08000a41 	.word	0x08000a41

08000b1c <check_version>:
 8000b1c:	b082      	sub	sp, #8
 8000b1e:	9001      	str	r0, [sp, #4]
 8000b20:	000a      	movs	r2, r1
 8000b22:	466b      	mov	r3, sp
 8000b24:	3303      	adds	r3, #3
 8000b26:	701a      	strb	r2, [r3, #0]
 8000b28:	2301      	movs	r3, #1
 8000b2a:	0018      	movs	r0, r3
 8000b2c:	b002      	add	sp, #8
 8000b2e:	4770      	bx	lr

08000b30 <ss_num_commands>:
 8000b30:	b500      	push	{lr}
 8000b32:	b085      	sub	sp, #20
 8000b34:	9001      	str	r0, [sp, #4]
 8000b36:	000a      	movs	r2, r1
 8000b38:	466b      	mov	r3, sp
 8000b3a:	3303      	adds	r3, #3
 8000b3c:	701a      	strb	r2, [r3, #0]
 8000b3e:	4b08      	ldr	r3, [pc, #32]	@ (8000b60 <ss_num_commands+0x30>)
 8000b40:	681b      	ldr	r3, [r3, #0]
 8000b42:	b2da      	uxtb	r2, r3
 8000b44:	230f      	movs	r3, #15
 8000b46:	446b      	add	r3, sp
 8000b48:	701a      	strb	r2, [r3, #0]
 8000b4a:	230f      	movs	r3, #15
 8000b4c:	446b      	add	r3, sp
 8000b4e:	001a      	movs	r2, r3
 8000b50:	2101      	movs	r1, #1
 8000b52:	2072      	movs	r0, #114	@ 0x72
 8000b54:	f000 fa64 	bl	8001020 <simpleserial_put>
 8000b58:	2300      	movs	r3, #0
 8000b5a:	0018      	movs	r0, r3
 8000b5c:	b005      	add	sp, #20
 8000b5e:	bd00      	pop	{pc}
 8000b60:	20000054 	.word	0x20000054

08000b64 <ss_get_commands>:
 8000b64:	b500      	push	{lr}
 8000b66:	b09d      	sub	sp, #116	@ 0x74
 8000b68:	9001      	str	r0, [sp, #4]
 8000b6a:	000a      	movs	r2, r1
 8000b6c:	466b      	mov	r3, sp
 8000b6e:	3303      	adds	r3, #3
 8000b70:	701a      	strb	r2, [r3, #0]
 8000b72:	236f      	movs	r3, #111	@ 0x6f
 8000b74:	446b      	add	r3, sp
 8000b76:	2200      	movs	r2, #0
 8000b78:	701a      	strb	r2, [r3, #0]
 8000b7a:	e03c      	b.n	8000bf6 <ss_get_commands+0x92>
 8000b7c:	236f      	movs	r3, #111	@ 0x6f
 8000b7e:	446b      	add	r3, sp
 8000b80:	7819      	ldrb	r1, [r3, #0]
 8000b82:	236f      	movs	r3, #111	@ 0x6f
 8000b84:	446b      	add	r3, sp
 8000b86:	781a      	ldrb	r2, [r3, #0]
 8000b88:	4b28      	ldr	r3, [pc, #160]	@ (8000c2c <ss_get_commands+0xc8>)
 8000b8a:	0109      	lsls	r1, r1, #4
 8000b8c:	5cc8      	ldrb	r0, [r1, r3]
 8000b8e:	a903      	add	r1, sp, #12
 8000b90:	0013      	movs	r3, r2
 8000b92:	005b      	lsls	r3, r3, #1
 8000b94:	189b      	adds	r3, r3, r2
 8000b96:	1c02      	adds	r2, r0, #0
 8000b98:	545a      	strb	r2, [r3, r1]
 8000b9a:	236f      	movs	r3, #111	@ 0x6f
 8000b9c:	446b      	add	r3, sp
 8000b9e:	781b      	ldrb	r3, [r3, #0]
 8000ba0:	4a22      	ldr	r2, [pc, #136]	@ (8000c2c <ss_get_commands+0xc8>)
 8000ba2:	011b      	lsls	r3, r3, #4
 8000ba4:	18d3      	adds	r3, r2, r3
 8000ba6:	3304      	adds	r3, #4
 8000ba8:	6819      	ldr	r1, [r3, #0]
 8000baa:	236f      	movs	r3, #111	@ 0x6f
 8000bac:	446b      	add	r3, sp
 8000bae:	781a      	ldrb	r2, [r3, #0]
 8000bb0:	b2c8      	uxtb	r0, r1
 8000bb2:	a903      	add	r1, sp, #12
 8000bb4:	0013      	movs	r3, r2
 8000bb6:	005b      	lsls	r3, r3, #1
 8000bb8:	189b      	adds	r3, r3, r2
 8000bba:	18cb      	adds	r3, r1, r3
 8000bbc:	3301      	adds	r3, #1
 8000bbe:	1c02      	adds	r2, r0, #0
 8000bc0:	701a      	strb	r2, [r3, #0]
 8000bc2:	236f      	movs	r3, #111	@ 0x6f
 8000bc4:	446b      	add	r3, sp
 8000bc6:	781b      	ldrb	r3, [r3, #0]
 8000bc8:	226f      	movs	r2, #111	@ 0x6f
 8000bca:	446a      	add	r2, sp
 8000bcc:	7812      	ldrb	r2, [r2, #0]
 8000bce:	4917      	ldr	r1, [pc, #92]	@ (8000c2c <ss_get_commands+0xc8>)
 8000bd0:	011b      	lsls	r3, r3, #4
 8000bd2:	18cb      	adds	r3, r1, r3
 8000bd4:	330c      	adds	r3, #12
 8000bd6:	7818      	ldrb	r0, [r3, #0]
 8000bd8:	a903      	add	r1, sp, #12
 8000bda:	0013      	movs	r3, r2
 8000bdc:	005b      	lsls	r3, r3, #1
 8000bde:	189b      	adds	r3, r3, r2
 8000be0:	18cb      	adds	r3, r1, r3
 8000be2:	3302      	adds	r3, #2
 8000be4:	1c02      	adds	r2, r0, #0
 8000be6:	701a      	strb	r2, [r3, #0]
 8000be8:	236f      	movs	r3, #111	@ 0x6f
 8000bea:	446b      	add	r3, sp
 8000bec:	781a      	ldrb	r2, [r3, #0]
 8000bee:	236f      	movs	r3, #111	@ 0x6f
 8000bf0:	446b      	add	r3, sp
 8000bf2:	3201      	adds	r2, #1
 8000bf4:	701a      	strb	r2, [r3, #0]
 8000bf6:	236f      	movs	r3, #111	@ 0x6f
 8000bf8:	446b      	add	r3, sp
 8000bfa:	781a      	ldrb	r2, [r3, #0]
 8000bfc:	4b0c      	ldr	r3, [pc, #48]	@ (8000c30 <ss_get_commands+0xcc>)
 8000bfe:	681b      	ldr	r3, [r3, #0]
 8000c00:	21ff      	movs	r1, #255	@ 0xff
 8000c02:	400b      	ands	r3, r1
 8000c04:	429a      	cmp	r2, r3
 8000c06:	dbb9      	blt.n	8000b7c <ss_get_commands+0x18>
 8000c08:	4b09      	ldr	r3, [pc, #36]	@ (8000c30 <ss_get_commands+0xcc>)
 8000c0a:	681b      	ldr	r3, [r3, #0]
 8000c0c:	b2db      	uxtb	r3, r3
 8000c0e:	1c1a      	adds	r2, r3, #0
 8000c10:	1c13      	adds	r3, r2, #0
 8000c12:	18db      	adds	r3, r3, r3
 8000c14:	189b      	adds	r3, r3, r2
 8000c16:	b2db      	uxtb	r3, r3
 8000c18:	aa03      	add	r2, sp, #12
 8000c1a:	0019      	movs	r1, r3
 8000c1c:	2072      	movs	r0, #114	@ 0x72
 8000c1e:	f000 f9ff 	bl	8001020 <simpleserial_put>
 8000c22:	2300      	movs	r3, #0
 8000c24:	0018      	movs	r0, r3
 8000c26:	b01d      	add	sp, #116	@ 0x74
 8000c28:	bd00      	pop	{pc}
 8000c2a:	46c0      	nop			@ (mov r8, r8)
 8000c2c:	20000058 	.word	0x20000058
 8000c30:	20000054 	.word	0x20000054

08000c34 <hex_decode>:
 8000c34:	b086      	sub	sp, #24
 8000c36:	9003      	str	r0, [sp, #12]
 8000c38:	9102      	str	r1, [sp, #8]
 8000c3a:	9201      	str	r2, [sp, #4]
 8000c3c:	2300      	movs	r3, #0
 8000c3e:	9305      	str	r3, [sp, #20]
 8000c40:	e0ae      	b.n	8000da0 <hex_decode+0x16c>
 8000c42:	9b05      	ldr	r3, [sp, #20]
 8000c44:	005b      	lsls	r3, r3, #1
 8000c46:	001a      	movs	r2, r3
 8000c48:	9b02      	ldr	r3, [sp, #8]
 8000c4a:	189a      	adds	r2, r3, r2
 8000c4c:	2313      	movs	r3, #19
 8000c4e:	446b      	add	r3, sp
 8000c50:	7812      	ldrb	r2, [r2, #0]
 8000c52:	701a      	strb	r2, [r3, #0]
 8000c54:	9b05      	ldr	r3, [sp, #20]
 8000c56:	005b      	lsls	r3, r3, #1
 8000c58:	3301      	adds	r3, #1
 8000c5a:	9a02      	ldr	r2, [sp, #8]
 8000c5c:	18d2      	adds	r2, r2, r3
 8000c5e:	2312      	movs	r3, #18
 8000c60:	446b      	add	r3, sp
 8000c62:	7812      	ldrb	r2, [r2, #0]
 8000c64:	701a      	strb	r2, [r3, #0]
 8000c66:	2312      	movs	r3, #18
 8000c68:	446b      	add	r3, sp
 8000c6a:	781b      	ldrb	r3, [r3, #0]
 8000c6c:	2b2f      	cmp	r3, #47	@ 0x2f
 8000c6e:	d90e      	bls.n	8000c8e <hex_decode+0x5a>
 8000c70:	2312      	movs	r3, #18
 8000c72:	446b      	add	r3, sp
 8000c74:	781b      	ldrb	r3, [r3, #0]
 8000c76:	2b39      	cmp	r3, #57	@ 0x39
 8000c78:	d809      	bhi.n	8000c8e <hex_decode+0x5a>
 8000c7a:	9b05      	ldr	r3, [sp, #20]
 8000c7c:	9a01      	ldr	r2, [sp, #4]
 8000c7e:	18d3      	adds	r3, r2, r3
 8000c80:	2212      	movs	r2, #18
 8000c82:	446a      	add	r2, sp
 8000c84:	7812      	ldrb	r2, [r2, #0]
 8000c86:	3a30      	subs	r2, #48	@ 0x30
 8000c88:	b2d2      	uxtb	r2, r2
 8000c8a:	701a      	strb	r2, [r3, #0]
 8000c8c:	e029      	b.n	8000ce2 <hex_decode+0xae>
 8000c8e:	2312      	movs	r3, #18
 8000c90:	446b      	add	r3, sp
 8000c92:	781b      	ldrb	r3, [r3, #0]
 8000c94:	2b40      	cmp	r3, #64	@ 0x40
 8000c96:	d90e      	bls.n	8000cb6 <hex_decode+0x82>
 8000c98:	2312      	movs	r3, #18
 8000c9a:	446b      	add	r3, sp
 8000c9c:	781b      	ldrb	r3, [r3, #0]
 8000c9e:	2b46      	cmp	r3, #70	@ 0x46
 8000ca0:	d809      	bhi.n	8000cb6 <hex_decode+0x82>
 8000ca2:	9b05      	ldr	r3, [sp, #20]
 8000ca4:	9a01      	ldr	r2, [sp, #4]
 8000ca6:	18d3      	adds	r3, r2, r3
 8000ca8:	2212      	movs	r2, #18
 8000caa:	446a      	add	r2, sp
 8000cac:	7812      	ldrb	r2, [r2, #0]
 8000cae:	3a37      	subs	r2, #55	@ 0x37
 8000cb0:	b2d2      	uxtb	r2, r2
 8000cb2:	701a      	strb	r2, [r3, #0]
 8000cb4:	e015      	b.n	8000ce2 <hex_decode+0xae>
 8000cb6:	2312      	movs	r3, #18
 8000cb8:	446b      	add	r3, sp
 8000cba:	781b      	ldrb	r3, [r3, #0]
 8000cbc:	2b60      	cmp	r3, #96	@ 0x60
 8000cbe:	d90e      	bls.n	8000cde <hex_decode+0xaa>
 8000cc0:	2312      	movs	r3, #18
 8000cc2:	446b      	add	r3, sp
 8000cc4:	781b      	ldrb	r3, [r3, #0]
 8000cc6:	2b66      	cmp	r3, #102	@ 0x66
 8000cc8:	d809      	bhi.n	8000cde <hex_decode+0xaa>
 8000cca:	9b05      	ldr	r3, [sp, #20]
 8000ccc:	9a01      	ldr	r2, [sp, #4]
 8000cce:	18d3      	adds	r3, r2, r3
 8000cd0:	2212      	movs	r2, #18
 8000cd2:	446a      	add	r2, sp
 8000cd4:	7812      	ldrb	r2, [r2, #0]
 8000cd6:	3a57      	subs	r2, #87	@ 0x57
 8000cd8:	b2d2      	uxtb	r2, r2
 8000cda:	701a      	strb	r2, [r3, #0]
 8000cdc:	e001      	b.n	8000ce2 <hex_decode+0xae>
 8000cde:	2301      	movs	r3, #1
 8000ce0:	e064      	b.n	8000dac <hex_decode+0x178>
 8000ce2:	2313      	movs	r3, #19
 8000ce4:	446b      	add	r3, sp
 8000ce6:	781b      	ldrb	r3, [r3, #0]
 8000ce8:	2b2f      	cmp	r3, #47	@ 0x2f
 8000cea:	d918      	bls.n	8000d1e <hex_decode+0xea>
 8000cec:	2313      	movs	r3, #19
 8000cee:	446b      	add	r3, sp
 8000cf0:	781b      	ldrb	r3, [r3, #0]
 8000cf2:	2b39      	cmp	r3, #57	@ 0x39
 8000cf4:	d813      	bhi.n	8000d1e <hex_decode+0xea>
 8000cf6:	9b05      	ldr	r3, [sp, #20]
 8000cf8:	9a01      	ldr	r2, [sp, #4]
 8000cfa:	18d3      	adds	r3, r2, r3
 8000cfc:	781b      	ldrb	r3, [r3, #0]
 8000cfe:	b25a      	sxtb	r2, r3
 8000d00:	2313      	movs	r3, #19
 8000d02:	446b      	add	r3, sp
 8000d04:	781b      	ldrb	r3, [r3, #0]
 8000d06:	3b30      	subs	r3, #48	@ 0x30
 8000d08:	b25b      	sxtb	r3, r3
 8000d0a:	011b      	lsls	r3, r3, #4
 8000d0c:	b25b      	sxtb	r3, r3
 8000d0e:	4313      	orrs	r3, r2
 8000d10:	b259      	sxtb	r1, r3
 8000d12:	9b05      	ldr	r3, [sp, #20]
 8000d14:	9a01      	ldr	r2, [sp, #4]
 8000d16:	18d3      	adds	r3, r2, r3
 8000d18:	b2ca      	uxtb	r2, r1
 8000d1a:	701a      	strb	r2, [r3, #0]
 8000d1c:	e03d      	b.n	8000d9a <hex_decode+0x166>
 8000d1e:	2313      	movs	r3, #19
 8000d20:	446b      	add	r3, sp
 8000d22:	781b      	ldrb	r3, [r3, #0]
 8000d24:	2b40      	cmp	r3, #64	@ 0x40
 8000d26:	d918      	bls.n	8000d5a <hex_decode+0x126>
 8000d28:	2313      	movs	r3, #19
 8000d2a:	446b      	add	r3, sp
 8000d2c:	781b      	ldrb	r3, [r3, #0]
 8000d2e:	2b46      	cmp	r3, #70	@ 0x46
 8000d30:	d813      	bhi.n	8000d5a <hex_decode+0x126>
 8000d32:	9b05      	ldr	r3, [sp, #20]
 8000d34:	9a01      	ldr	r2, [sp, #4]
 8000d36:	18d3      	adds	r3, r2, r3
 8000d38:	781b      	ldrb	r3, [r3, #0]
 8000d3a:	b25a      	sxtb	r2, r3
 8000d3c:	2313      	movs	r3, #19
 8000d3e:	446b      	add	r3, sp
 8000d40:	781b      	ldrb	r3, [r3, #0]
 8000d42:	3b37      	subs	r3, #55	@ 0x37
 8000d44:	b25b      	sxtb	r3, r3
 8000d46:	011b      	lsls	r3, r3, #4
 8000d48:	b25b      	sxtb	r3, r3
 8000d4a:	4313      	orrs	r3, r2
 8000d4c:	b259      	sxtb	r1, r3
 8000d4e:	9b05      	ldr	r3, [sp, #20]
 8000d50:	9a01      	ldr	r2, [sp, #4]
 8000d52:	18d3      	adds	r3, r2, r3
 8000d54:	b2ca      	uxtb	r2, r1
 8000d56:	701a      	strb	r2, [r3, #0]
 8000d58:	e01f      	b.n	8000d9a <hex_decode+0x166>
 8000d5a:	2313      	movs	r3, #19
 8000d5c:	446b      	add	r3, sp
 8000d5e:	781b      	ldrb	r3, [r3, #0]
 8000d60:	2b60      	cmp	r3, #96	@ 0x60
 8000d62:	d918      	bls.n	8000d96 <hex_decode+0x162>
 8000d64:	2313      	movs	r3, #19
 8000d66:	446b      	add	r3, sp
 8000d68:	781b      	ldrb	r3, [r3, #0]
 8000d6a:	2b66      	cmp	r3, #102	@ 0x66
 8000d6c:	d813      	bhi.n	8000d96 <hex_decode+0x162>
 8000d6e:	9b05      	ldr	r3, [sp, #20]
 8000d70:	9a01      	ldr	r2, [sp, #4]
 8000d72:	18d3      	adds	r3, r2, r3
 8000d74:	781b      	ldrb	r3, [r3, #0]
 8000d76:	b25a      	sxtb	r2, r3
 8000d78:	2313      	movs	r3, #19
 8000d7a:	446b      	add	r3, sp
 8000d7c:	781b      	ldrb	r3, [r3, #0]
 8000d7e:	3b57      	subs	r3, #87	@ 0x57
 8000d80:	b25b      	sxtb	r3, r3
 8000d82:	011b      	lsls	r3, r3, #4
 8000d84:	b25b      	sxtb	r3, r3
 8000d86:	4313      	orrs	r3, r2
 8000d88:	b259      	sxtb	r1, r3
 8000d8a:	9b05      	ldr	r3, [sp, #20]
 8000d8c:	9a01      	ldr	r2, [sp, #4]
 8000d8e:	18d3      	adds	r3, r2, r3
 8000d90:	b2ca      	uxtb	r2, r1
 8000d92:	701a      	strb	r2, [r3, #0]
 8000d94:	e001      	b.n	8000d9a <hex_decode+0x166>
 8000d96:	2301      	movs	r3, #1
 8000d98:	e008      	b.n	8000dac <hex_decode+0x178>
 8000d9a:	9b05      	ldr	r3, [sp, #20]
 8000d9c:	3301      	adds	r3, #1
 8000d9e:	9305      	str	r3, [sp, #20]
 8000da0:	9a05      	ldr	r2, [sp, #20]
 8000da2:	9b03      	ldr	r3, [sp, #12]
 8000da4:	429a      	cmp	r2, r3
 8000da6:	da00      	bge.n	8000daa <hex_decode+0x176>
 8000da8:	e74b      	b.n	8000c42 <hex_decode+0xe>
 8000daa:	2300      	movs	r3, #0
 8000dac:	0018      	movs	r0, r3
 8000dae:	b006      	add	sp, #24
 8000db0:	4770      	bx	lr
 8000db2:	0000      	movs	r0, r0

08000db4 <simpleserial_init>:
 8000db4:	b510      	push	{r4, lr}
 8000db6:	4b0a      	ldr	r3, [pc, #40]	@ (8000de0 <simpleserial_init+0x2c>)
 8000db8:	001a      	movs	r2, r3
 8000dba:	2100      	movs	r1, #0
 8000dbc:	2076      	movs	r0, #118	@ 0x76
 8000dbe:	f000 f815 	bl	8000dec <simpleserial_addcmd>
 8000dc2:	4b08      	ldr	r3, [pc, #32]	@ (8000de4 <simpleserial_init+0x30>)
 8000dc4:	001a      	movs	r2, r3
 8000dc6:	2100      	movs	r1, #0
 8000dc8:	2077      	movs	r0, #119	@ 0x77
 8000dca:	f000 f80f 	bl	8000dec <simpleserial_addcmd>
 8000dce:	4b06      	ldr	r3, [pc, #24]	@ (8000de8 <simpleserial_init+0x34>)
 8000dd0:	001a      	movs	r2, r3
 8000dd2:	2100      	movs	r1, #0
 8000dd4:	2079      	movs	r0, #121	@ 0x79
 8000dd6:	f000 f809 	bl	8000dec <simpleserial_addcmd>
 8000dda:	46c0      	nop			@ (mov r8, r8)
 8000ddc:	bd10      	pop	{r4, pc}
 8000dde:	46c0      	nop			@ (mov r8, r8)
 8000de0:	08000b1d 	.word	0x08000b1d
 8000de4:	08000b65 	.word	0x08000b65
 8000de8:	08000b31 	.word	0x08000b31

08000dec <simpleserial_addcmd>:
 8000dec:	b500      	push	{lr}
 8000dee:	b085      	sub	sp, #20
 8000df0:	9102      	str	r1, [sp, #8]
 8000df2:	9201      	str	r2, [sp, #4]
 8000df4:	230f      	movs	r3, #15
 8000df6:	446b      	add	r3, sp
 8000df8:	1c02      	adds	r2, r0, #0
 8000dfa:	701a      	strb	r2, [r3, #0]
 8000dfc:	9a01      	ldr	r2, [sp, #4]
 8000dfe:	9902      	ldr	r1, [sp, #8]
 8000e00:	230f      	movs	r3, #15
 8000e02:	446b      	add	r3, sp
 8000e04:	7818      	ldrb	r0, [r3, #0]
 8000e06:	2300      	movs	r3, #0
 8000e08:	f000 f804 	bl	8000e14 <simpleserial_addcmd_flags>
 8000e0c:	0003      	movs	r3, r0
 8000e0e:	0018      	movs	r0, r3
 8000e10:	b005      	add	sp, #20
 8000e12:	bd00      	pop	{pc}

08000e14 <simpleserial_addcmd_flags>:
 8000e14:	b084      	sub	sp, #16
 8000e16:	9102      	str	r1, [sp, #8]
 8000e18:	9201      	str	r2, [sp, #4]
 8000e1a:	0019      	movs	r1, r3
 8000e1c:	230f      	movs	r3, #15
 8000e1e:	446b      	add	r3, sp
 8000e20:	1c02      	adds	r2, r0, #0
 8000e22:	701a      	strb	r2, [r3, #0]
 8000e24:	230e      	movs	r3, #14
 8000e26:	446b      	add	r3, sp
 8000e28:	1c0a      	adds	r2, r1, #0
 8000e2a:	701a      	strb	r2, [r3, #0]
 8000e2c:	4b1a      	ldr	r3, [pc, #104]	@ (8000e98 <simpleserial_addcmd_flags+0x84>)
 8000e2e:	681b      	ldr	r3, [r3, #0]
 8000e30:	2b1f      	cmp	r3, #31
 8000e32:	dd01      	ble.n	8000e38 <simpleserial_addcmd_flags+0x24>
 8000e34:	2301      	movs	r3, #1
 8000e36:	e02c      	b.n	8000e92 <simpleserial_addcmd_flags+0x7e>
 8000e38:	9b02      	ldr	r3, [sp, #8]
 8000e3a:	2b3f      	cmp	r3, #63	@ 0x3f
 8000e3c:	d901      	bls.n	8000e42 <simpleserial_addcmd_flags+0x2e>
 8000e3e:	2301      	movs	r3, #1
 8000e40:	e027      	b.n	8000e92 <simpleserial_addcmd_flags+0x7e>
 8000e42:	4b15      	ldr	r3, [pc, #84]	@ (8000e98 <simpleserial_addcmd_flags+0x84>)
 8000e44:	681a      	ldr	r2, [r3, #0]
 8000e46:	4b15      	ldr	r3, [pc, #84]	@ (8000e9c <simpleserial_addcmd_flags+0x88>)
 8000e48:	0112      	lsls	r2, r2, #4
 8000e4a:	210f      	movs	r1, #15
 8000e4c:	4469      	add	r1, sp
 8000e4e:	7809      	ldrb	r1, [r1, #0]
 8000e50:	54d1      	strb	r1, [r2, r3]
 8000e52:	4b11      	ldr	r3, [pc, #68]	@ (8000e98 <simpleserial_addcmd_flags+0x84>)
 8000e54:	681b      	ldr	r3, [r3, #0]
 8000e56:	4a11      	ldr	r2, [pc, #68]	@ (8000e9c <simpleserial_addcmd_flags+0x88>)
 8000e58:	011b      	lsls	r3, r3, #4
 8000e5a:	18d3      	adds	r3, r2, r3
 8000e5c:	3304      	adds	r3, #4
 8000e5e:	9a02      	ldr	r2, [sp, #8]
 8000e60:	601a      	str	r2, [r3, #0]
 8000e62:	4b0d      	ldr	r3, [pc, #52]	@ (8000e98 <simpleserial_addcmd_flags+0x84>)
 8000e64:	681b      	ldr	r3, [r3, #0]
 8000e66:	4a0d      	ldr	r2, [pc, #52]	@ (8000e9c <simpleserial_addcmd_flags+0x88>)
 8000e68:	011b      	lsls	r3, r3, #4
 8000e6a:	18d3      	adds	r3, r2, r3
 8000e6c:	3308      	adds	r3, #8
 8000e6e:	9a01      	ldr	r2, [sp, #4]
 8000e70:	601a      	str	r2, [r3, #0]
 8000e72:	4b09      	ldr	r3, [pc, #36]	@ (8000e98 <simpleserial_addcmd_flags+0x84>)
 8000e74:	681b      	ldr	r3, [r3, #0]
 8000e76:	4a09      	ldr	r2, [pc, #36]	@ (8000e9c <simpleserial_addcmd_flags+0x88>)
 8000e78:	011b      	lsls	r3, r3, #4
 8000e7a:	18d3      	adds	r3, r2, r3
 8000e7c:	330c      	adds	r3, #12
 8000e7e:	220e      	movs	r2, #14
 8000e80:	446a      	add	r2, sp
 8000e82:	7812      	ldrb	r2, [r2, #0]
 8000e84:	701a      	strb	r2, [r3, #0]
 8000e86:	4b04      	ldr	r3, [pc, #16]	@ (8000e98 <simpleserial_addcmd_flags+0x84>)
 8000e88:	681b      	ldr	r3, [r3, #0]
 8000e8a:	1c5a      	adds	r2, r3, #1
 8000e8c:	4b02      	ldr	r3, [pc, #8]	@ (8000e98 <simpleserial_addcmd_flags+0x84>)
 8000e8e:	601a      	str	r2, [r3, #0]
 8000e90:	2300      	movs	r3, #0
 8000e92:	0018      	movs	r0, r3
 8000e94:	b004      	add	sp, #16
 8000e96:	4770      	bx	lr
 8000e98:	20000054 	.word	0x20000054
 8000e9c:	20000058 	.word	0x20000058

08000ea0 <simpleserial_get>:
 8000ea0:	b510      	push	{r4, lr}
 8000ea2:	b0b6      	sub	sp, #216	@ 0xd8
 8000ea4:	24cf      	movs	r4, #207	@ 0xcf
 8000ea6:	446c      	add	r4, sp
 8000ea8:	f000 fa22 	bl	80012f0 <getch>
 8000eac:	0003      	movs	r3, r0
 8000eae:	7023      	strb	r3, [r4, #0]
 8000eb0:	2300      	movs	r3, #0
 8000eb2:	9335      	str	r3, [sp, #212]	@ 0xd4
 8000eb4:	e00b      	b.n	8000ece <simpleserial_get+0x2e>
 8000eb6:	4b58      	ldr	r3, [pc, #352]	@ (8001018 <simpleserial_get+0x178>)
 8000eb8:	9a35      	ldr	r2, [sp, #212]	@ 0xd4
 8000eba:	0112      	lsls	r2, r2, #4
 8000ebc:	5cd3      	ldrb	r3, [r2, r3]
 8000ebe:	22cf      	movs	r2, #207	@ 0xcf
 8000ec0:	446a      	add	r2, sp
 8000ec2:	7812      	ldrb	r2, [r2, #0]
 8000ec4:	429a      	cmp	r2, r3
 8000ec6:	d008      	beq.n	8000eda <simpleserial_get+0x3a>
 8000ec8:	9b35      	ldr	r3, [sp, #212]	@ 0xd4
 8000eca:	3301      	adds	r3, #1
 8000ecc:	9335      	str	r3, [sp, #212]	@ 0xd4
 8000ece:	4b53      	ldr	r3, [pc, #332]	@ (800101c <simpleserial_get+0x17c>)
 8000ed0:	681b      	ldr	r3, [r3, #0]
 8000ed2:	9a35      	ldr	r2, [sp, #212]	@ 0xd4
 8000ed4:	429a      	cmp	r2, r3
 8000ed6:	dbee      	blt.n	8000eb6 <simpleserial_get+0x16>
 8000ed8:	e000      	b.n	8000edc <simpleserial_get+0x3c>
 8000eda:	46c0      	nop			@ (mov r8, r8)
 8000edc:	4b4f      	ldr	r3, [pc, #316]	@ (800101c <simpleserial_get+0x17c>)
 8000ede:	681b      	ldr	r3, [r3, #0]
 8000ee0:	9a35      	ldr	r2, [sp, #212]	@ 0xd4
 8000ee2:	429a      	cmp	r2, r3
 8000ee4:	d100      	bne.n	8000ee8 <simpleserial_get+0x48>
 8000ee6:	e08c      	b.n	8001002 <simpleserial_get+0x162>
 8000ee8:	4a4b      	ldr	r2, [pc, #300]	@ (8001018 <simpleserial_get+0x178>)
 8000eea:	9b35      	ldr	r3, [sp, #212]	@ 0xd4
 8000eec:	011b      	lsls	r3, r3, #4
 8000eee:	18d3      	adds	r3, r2, r3
 8000ef0:	330c      	adds	r3, #12
 8000ef2:	781b      	ldrb	r3, [r3, #0]
 8000ef4:	001a      	movs	r2, r3
 8000ef6:	2301      	movs	r3, #1
 8000ef8:	4013      	ands	r3, r2
 8000efa:	d022      	beq.n	8000f42 <simpleserial_get+0xa2>
 8000efc:	466b      	mov	r3, sp
 8000efe:	3307      	adds	r3, #7
 8000f00:	2200      	movs	r2, #0
 8000f02:	701a      	strb	r2, [r3, #0]
 8000f04:	f000 f9f4 	bl	80012f0 <getch>
 8000f08:	0003      	movs	r3, r0
 8000f0a:	001a      	movs	r2, r3
 8000f0c:	ab01      	add	r3, sp, #4
 8000f0e:	701a      	strb	r2, [r3, #0]
 8000f10:	f000 f9ee 	bl	80012f0 <getch>
 8000f14:	0003      	movs	r3, r0
 8000f16:	001a      	movs	r2, r3
 8000f18:	ab01      	add	r3, sp, #4
 8000f1a:	705a      	strb	r2, [r3, #1]
 8000f1c:	466b      	mov	r3, sp
 8000f1e:	1dda      	adds	r2, r3, #7
 8000f20:	ab01      	add	r3, sp, #4
 8000f22:	0019      	movs	r1, r3
 8000f24:	2001      	movs	r0, #1
 8000f26:	f7ff fe85 	bl	8000c34 <hex_decode>
 8000f2a:	1e03      	subs	r3, r0, #0
 8000f2c:	d16b      	bne.n	8001006 <simpleserial_get+0x166>
 8000f2e:	466b      	mov	r3, sp
 8000f30:	3307      	adds	r3, #7
 8000f32:	781b      	ldrb	r3, [r3, #0]
 8000f34:	0019      	movs	r1, r3
 8000f36:	4a38      	ldr	r2, [pc, #224]	@ (8001018 <simpleserial_get+0x178>)
 8000f38:	9b35      	ldr	r3, [sp, #212]	@ 0xd4
 8000f3a:	011b      	lsls	r3, r3, #4
 8000f3c:	18d3      	adds	r3, r2, r3
 8000f3e:	3304      	adds	r3, #4
 8000f40:	6019      	str	r1, [r3, #0]
 8000f42:	2300      	movs	r3, #0
 8000f44:	9334      	str	r3, [sp, #208]	@ 0xd0
 8000f46:	e019      	b.n	8000f7c <simpleserial_get+0xdc>
 8000f48:	24cf      	movs	r4, #207	@ 0xcf
 8000f4a:	446c      	add	r4, sp
 8000f4c:	f000 f9d0 	bl	80012f0 <getch>
 8000f50:	0003      	movs	r3, r0
 8000f52:	7023      	strb	r3, [r4, #0]
 8000f54:	23cf      	movs	r3, #207	@ 0xcf
 8000f56:	446b      	add	r3, sp
 8000f58:	781b      	ldrb	r3, [r3, #0]
 8000f5a:	2b0a      	cmp	r3, #10
 8000f5c:	d055      	beq.n	800100a <simpleserial_get+0x16a>
 8000f5e:	23cf      	movs	r3, #207	@ 0xcf
 8000f60:	446b      	add	r3, sp
 8000f62:	781b      	ldrb	r3, [r3, #0]
 8000f64:	2b0d      	cmp	r3, #13
 8000f66:	d050      	beq.n	800100a <simpleserial_get+0x16a>
 8000f68:	aa13      	add	r2, sp, #76	@ 0x4c
 8000f6a:	9b34      	ldr	r3, [sp, #208]	@ 0xd0
 8000f6c:	18d3      	adds	r3, r2, r3
 8000f6e:	22cf      	movs	r2, #207	@ 0xcf
 8000f70:	446a      	add	r2, sp
 8000f72:	7812      	ldrb	r2, [r2, #0]
 8000f74:	701a      	strb	r2, [r3, #0]
 8000f76:	9b34      	ldr	r3, [sp, #208]	@ 0xd0
 8000f78:	3301      	adds	r3, #1
 8000f7a:	9334      	str	r3, [sp, #208]	@ 0xd0
 8000f7c:	4a26      	ldr	r2, [pc, #152]	@ (8001018 <simpleserial_get+0x178>)
 8000f7e:	9b35      	ldr	r3, [sp, #212]	@ 0xd4
 8000f80:	011b      	lsls	r3, r3, #4
 8000f82:	18d3      	adds	r3, r2, r3
 8000f84:	3304      	adds	r3, #4
 8000f86:	681b      	ldr	r3, [r3, #0]
 8000f88:	005a      	lsls	r2, r3, #1
 8000f8a:	9b34      	ldr	r3, [sp, #208]	@ 0xd0
 8000f8c:	429a      	cmp	r2, r3
 8000f8e:	d8db      	bhi.n	8000f48 <simpleserial_get+0xa8>
 8000f90:	24cf      	movs	r4, #207	@ 0xcf
 8000f92:	446c      	add	r4, sp
 8000f94:	f000 f9ac 	bl	80012f0 <getch>
 8000f98:	0003      	movs	r3, r0
 8000f9a:	7023      	strb	r3, [r4, #0]
 8000f9c:	23cf      	movs	r3, #207	@ 0xcf
 8000f9e:	446b      	add	r3, sp
 8000fa0:	781b      	ldrb	r3, [r3, #0]
 8000fa2:	2b0a      	cmp	r3, #10
 8000fa4:	d004      	beq.n	8000fb0 <simpleserial_get+0x110>
 8000fa6:	23cf      	movs	r3, #207	@ 0xcf
 8000fa8:	446b      	add	r3, sp
 8000faa:	781b      	ldrb	r3, [r3, #0]
 8000fac:	2b0d      	cmp	r3, #13
 8000fae:	d12e      	bne.n	800100e <simpleserial_get+0x16e>
 8000fb0:	4a19      	ldr	r2, [pc, #100]	@ (8001018 <simpleserial_get+0x178>)
 8000fb2:	9b35      	ldr	r3, [sp, #212]	@ 0xd4
 8000fb4:	011b      	lsls	r3, r3, #4
 8000fb6:	18d3      	adds	r3, r2, r3
 8000fb8:	3304      	adds	r3, #4
 8000fba:	681b      	ldr	r3, [r3, #0]
 8000fbc:	0018      	movs	r0, r3
 8000fbe:	aa03      	add	r2, sp, #12
 8000fc0:	ab13      	add	r3, sp, #76	@ 0x4c
 8000fc2:	0019      	movs	r1, r3
 8000fc4:	f7ff fe36 	bl	8000c34 <hex_decode>
 8000fc8:	1e03      	subs	r3, r0, #0
 8000fca:	d122      	bne.n	8001012 <simpleserial_get+0x172>
 8000fcc:	4a12      	ldr	r2, [pc, #72]	@ (8001018 <simpleserial_get+0x178>)
 8000fce:	9b35      	ldr	r3, [sp, #212]	@ 0xd4
 8000fd0:	011b      	lsls	r3, r3, #4
 8000fd2:	18d3      	adds	r3, r2, r3
 8000fd4:	3308      	adds	r3, #8
 8000fd6:	681a      	ldr	r2, [r3, #0]
 8000fd8:	490f      	ldr	r1, [pc, #60]	@ (8001018 <simpleserial_get+0x178>)
 8000fda:	9b35      	ldr	r3, [sp, #212]	@ 0xd4
 8000fdc:	011b      	lsls	r3, r3, #4
 8000fde:	18cb      	adds	r3, r1, r3
 8000fe0:	3304      	adds	r3, #4
 8000fe2:	681b      	ldr	r3, [r3, #0]
 8000fe4:	b2d9      	uxtb	r1, r3
 8000fe6:	ab03      	add	r3, sp, #12
 8000fe8:	0018      	movs	r0, r3
 8000fea:	4790      	blx	r2
 8000fec:	0003      	movs	r3, r0
 8000fee:	001a      	movs	r2, r3
 8000ff0:	ab02      	add	r3, sp, #8
 8000ff2:	701a      	strb	r2, [r3, #0]
 8000ff4:	ab02      	add	r3, sp, #8
 8000ff6:	001a      	movs	r2, r3
 8000ff8:	2101      	movs	r1, #1
 8000ffa:	207a      	movs	r0, #122	@ 0x7a
 8000ffc:	f000 f810 	bl	8001020 <simpleserial_put>
 8001000:	e008      	b.n	8001014 <simpleserial_get+0x174>
 8001002:	46c0      	nop			@ (mov r8, r8)
 8001004:	e006      	b.n	8001014 <simpleserial_get+0x174>
 8001006:	46c0      	nop			@ (mov r8, r8)
 8001008:	e004      	b.n	8001014 <simpleserial_get+0x174>
 800100a:	46c0      	nop			@ (mov r8, r8)
 800100c:	e002      	b.n	8001014 <simpleserial_get+0x174>
 800100e:	46c0      	nop			@ (mov r8, r8)
 8001010:	e000      	b.n	8001014 <simpleserial_get+0x174>
 8001012:	46c0      	nop			@ (mov r8, r8)
 8001014:	b036      	add	sp, #216	@ 0xd8
 8001016:	bd10      	pop	{r4, pc}
 8001018:	20000058 	.word	0x20000058
 800101c:	20000054 	.word	0x20000054

08001020 <simpleserial_put>:
 8001020:	b500      	push	{lr}
 8001022:	b085      	sub	sp, #20
 8001024:	9200      	str	r2, [sp, #0]
 8001026:	466b      	mov	r3, sp
 8001028:	3307      	adds	r3, #7
 800102a:	1c02      	adds	r2, r0, #0
 800102c:	701a      	strb	r2, [r3, #0]
 800102e:	466b      	mov	r3, sp
 8001030:	3306      	adds	r3, #6
 8001032:	1c0a      	adds	r2, r1, #0
 8001034:	701a      	strb	r2, [r3, #0]
 8001036:	9b00      	ldr	r3, [sp, #0]
 8001038:	2b00      	cmp	r3, #0
 800103a:	d02d      	beq.n	8001098 <simpleserial_put+0x78>
 800103c:	466b      	mov	r3, sp
 800103e:	3307      	adds	r3, #7
 8001040:	781b      	ldrb	r3, [r3, #0]
 8001042:	0018      	movs	r0, r3
 8001044:	f000 f970 	bl	8001328 <putch>
 8001048:	2300      	movs	r3, #0
 800104a:	9303      	str	r3, [sp, #12]
 800104c:	e01a      	b.n	8001084 <simpleserial_put+0x64>
 800104e:	9b03      	ldr	r3, [sp, #12]
 8001050:	9a00      	ldr	r2, [sp, #0]
 8001052:	18d3      	adds	r3, r2, r3
 8001054:	781b      	ldrb	r3, [r3, #0]
 8001056:	091b      	lsrs	r3, r3, #4
 8001058:	b2db      	uxtb	r3, r3
 800105a:	001a      	movs	r2, r3
 800105c:	4b10      	ldr	r3, [pc, #64]	@ (80010a0 <simpleserial_put+0x80>)
 800105e:	5c9b      	ldrb	r3, [r3, r2]
 8001060:	0018      	movs	r0, r3
 8001062:	f000 f961 	bl	8001328 <putch>
 8001066:	9b03      	ldr	r3, [sp, #12]
 8001068:	9a00      	ldr	r2, [sp, #0]
 800106a:	18d3      	adds	r3, r2, r3
 800106c:	781b      	ldrb	r3, [r3, #0]
 800106e:	001a      	movs	r2, r3
 8001070:	230f      	movs	r3, #15
 8001072:	4013      	ands	r3, r2
 8001074:	4a0a      	ldr	r2, [pc, #40]	@ (80010a0 <simpleserial_put+0x80>)
 8001076:	5cd3      	ldrb	r3, [r2, r3]
 8001078:	0018      	movs	r0, r3
 800107a:	f000 f955 	bl	8001328 <putch>
 800107e:	9b03      	ldr	r3, [sp, #12]
 8001080:	3301      	adds	r3, #1
 8001082:	9303      	str	r3, [sp, #12]
 8001084:	466b      	mov	r3, sp
 8001086:	3306      	adds	r3, #6
 8001088:	781b      	ldrb	r3, [r3, #0]
 800108a:	9a03      	ldr	r2, [sp, #12]
 800108c:	429a      	cmp	r2, r3
 800108e:	dbde      	blt.n	800104e <simpleserial_put+0x2e>
 8001090:	200a      	movs	r0, #10
 8001092:	f000 f949 	bl	8001328 <putch>
 8001096:	e000      	b.n	800109a <simpleserial_put+0x7a>
 8001098:	46c0      	nop			@ (mov r8, r8)
 800109a:	b005      	add	sp, #20
 800109c:	bd00      	pop	{pc}
 800109e:	46c0      	nop			@ (mov r8, r8)
 80010a0:	20000000 	.word	0x20000000

080010a4 <platform_init>:
 80010a4:	b500      	push	{lr}
 80010a6:	b097      	sub	sp, #92	@ 0x5c
 80010a8:	ab11      	add	r3, sp, #68	@ 0x44
 80010aa:	2204      	movs	r2, #4
 80010ac:	601a      	str	r2, [r3, #0]
 80010ae:	ab11      	add	r3, sp, #68	@ 0x44
 80010b0:	2201      	movs	r2, #1
 80010b2:	605a      	str	r2, [r3, #4]
 80010b4:	ab11      	add	r3, sp, #68	@ 0x44
 80010b6:	2200      	movs	r2, #0
 80010b8:	609a      	str	r2, [r3, #8]
 80010ba:	ab11      	add	r3, sp, #68	@ 0x44
 80010bc:	2203      	movs	r2, #3
 80010be:	60da      	str	r2, [r3, #12]
 80010c0:	aa11      	add	r2, sp, #68	@ 0x44
 80010c2:	2390      	movs	r3, #144	@ 0x90
 80010c4:	05db      	lsls	r3, r3, #23
 80010c6:	0011      	movs	r1, r2
 80010c8:	0018      	movs	r0, r3
 80010ca:	f000 fd23 	bl	8001b14 <HAL_GPIO_Init>
 80010ce:	ab11      	add	r3, sp, #68	@ 0x44
 80010d0:	2210      	movs	r2, #16
 80010d2:	601a      	str	r2, [r3, #0]
 80010d4:	ab11      	add	r3, sp, #68	@ 0x44
 80010d6:	2201      	movs	r2, #1
 80010d8:	605a      	str	r2, [r3, #4]
 80010da:	ab11      	add	r3, sp, #68	@ 0x44
 80010dc:	2200      	movs	r2, #0
 80010de:	609a      	str	r2, [r3, #8]
 80010e0:	ab11      	add	r3, sp, #68	@ 0x44
 80010e2:	2203      	movs	r2, #3
 80010e4:	60da      	str	r2, [r3, #12]
 80010e6:	aa11      	add	r2, sp, #68	@ 0x44
 80010e8:	2390      	movs	r3, #144	@ 0x90
 80010ea:	05db      	lsls	r3, r3, #23
 80010ec:	0011      	movs	r1, r2
 80010ee:	0018      	movs	r0, r3
 80010f0:	f000 fd10 	bl	8001b14 <HAL_GPIO_Init>
 80010f4:	ab05      	add	r3, sp, #20
 80010f6:	2203      	movs	r2, #3
 80010f8:	601a      	str	r2, [r3, #0]
 80010fa:	ab05      	add	r3, sp, #20
 80010fc:	2205      	movs	r2, #5
 80010fe:	605a      	str	r2, [r3, #4]
 8001100:	ab05      	add	r3, sp, #20
 8001102:	2200      	movs	r2, #0
 8001104:	60da      	str	r2, [r3, #12]
 8001106:	ab05      	add	r3, sp, #20
 8001108:	2200      	movs	r2, #0
 800110a:	625a      	str	r2, [r3, #36]	@ 0x24
 800110c:	ab05      	add	r3, sp, #20
 800110e:	0018      	movs	r0, r3
 8001110:	f000 f936 	bl	8001380 <HAL_RCC_OscConfig>
 8001114:	ab01      	add	r3, sp, #4
 8001116:	2207      	movs	r2, #7
 8001118:	601a      	str	r2, [r3, #0]
 800111a:	ab01      	add	r3, sp, #4
 800111c:	2201      	movs	r2, #1
 800111e:	605a      	str	r2, [r3, #4]
 8001120:	ab01      	add	r3, sp, #4
 8001122:	2200      	movs	r2, #0
 8001124:	609a      	str	r2, [r3, #8]
 8001126:	ab01      	add	r3, sp, #4
 8001128:	2200      	movs	r2, #0
 800112a:	60da      	str	r2, [r3, #12]
 800112c:	ab01      	add	r3, sp, #4
 800112e:	2100      	movs	r1, #0
 8001130:	0018      	movs	r0, r3
 8001132:	f000 fc19 	bl	8001968 <HAL_RCC_ClockConfig>
 8001136:	46c0      	nop			@ (mov r8, r8)
 8001138:	b017      	add	sp, #92	@ 0x5c
 800113a:	bd00      	pop	{pc}

0800113c <init_uart>:
 800113c:	b500      	push	{lr}
 800113e:	b089      	sub	sp, #36	@ 0x24
 8001140:	4b2c      	ldr	r3, [pc, #176]	@ (80011f4 <init_uart+0xb8>)
 8001142:	695a      	ldr	r2, [r3, #20]
 8001144:	4b2b      	ldr	r3, [pc, #172]	@ (80011f4 <init_uart+0xb8>)
 8001146:	2180      	movs	r1, #128	@ 0x80
 8001148:	0289      	lsls	r1, r1, #10
 800114a:	430a      	orrs	r2, r1
 800114c:	615a      	str	r2, [r3, #20]
 800114e:	4b29      	ldr	r3, [pc, #164]	@ (80011f4 <init_uart+0xb8>)
 8001150:	695a      	ldr	r2, [r3, #20]
 8001152:	2380      	movs	r3, #128	@ 0x80
 8001154:	029b      	lsls	r3, r3, #10
 8001156:	4013      	ands	r3, r2
 8001158:	9302      	str	r3, [sp, #8]
 800115a:	9b02      	ldr	r3, [sp, #8]
 800115c:	ab03      	add	r3, sp, #12
 800115e:	22c0      	movs	r2, #192	@ 0xc0
 8001160:	00d2      	lsls	r2, r2, #3
 8001162:	601a      	str	r2, [r3, #0]
 8001164:	ab03      	add	r3, sp, #12
 8001166:	2202      	movs	r2, #2
 8001168:	605a      	str	r2, [r3, #4]
 800116a:	ab03      	add	r3, sp, #12
 800116c:	2201      	movs	r2, #1
 800116e:	609a      	str	r2, [r3, #8]
 8001170:	ab03      	add	r3, sp, #12
 8001172:	2203      	movs	r2, #3
 8001174:	60da      	str	r2, [r3, #12]
 8001176:	ab03      	add	r3, sp, #12
 8001178:	2201      	movs	r2, #1
 800117a:	611a      	str	r2, [r3, #16]
 800117c:	aa03      	add	r2, sp, #12
 800117e:	2390      	movs	r3, #144	@ 0x90
 8001180:	05db      	lsls	r3, r3, #23
 8001182:	0011      	movs	r1, r2
 8001184:	0018      	movs	r0, r3
 8001186:	f000 fcc5 	bl	8001b14 <HAL_GPIO_Init>
 800118a:	4b1a      	ldr	r3, [pc, #104]	@ (80011f4 <init_uart+0xb8>)
 800118c:	699a      	ldr	r2, [r3, #24]
 800118e:	4b19      	ldr	r3, [pc, #100]	@ (80011f4 <init_uart+0xb8>)
 8001190:	2180      	movs	r1, #128	@ 0x80
 8001192:	01c9      	lsls	r1, r1, #7
 8001194:	430a      	orrs	r2, r1
 8001196:	619a      	str	r2, [r3, #24]
 8001198:	4b16      	ldr	r3, [pc, #88]	@ (80011f4 <init_uart+0xb8>)
 800119a:	699a      	ldr	r2, [r3, #24]
 800119c:	2380      	movs	r3, #128	@ 0x80
 800119e:	01db      	lsls	r3, r3, #7
 80011a0:	4013      	ands	r3, r2
 80011a2:	9301      	str	r3, [sp, #4]
 80011a4:	9b01      	ldr	r3, [sp, #4]
 80011a6:	4b13      	ldr	r3, [pc, #76]	@ (80011f4 <init_uart+0xb8>)
 80011a8:	6b1b      	ldr	r3, [r3, #48]	@ 0x30
 80011aa:	2203      	movs	r2, #3
 80011ac:	4393      	bics	r3, r2
 80011ae:	001a      	movs	r2, r3
 80011b0:	4b10      	ldr	r3, [pc, #64]	@ (80011f4 <init_uart+0xb8>)
 80011b2:	2101      	movs	r1, #1
 80011b4:	430a      	orrs	r2, r1
 80011b6:	631a      	str	r2, [r3, #48]	@ 0x30
 80011b8:	4b0f      	ldr	r3, [pc, #60]	@ (80011f8 <init_uart+0xbc>)
 80011ba:	4a10      	ldr	r2, [pc, #64]	@ (80011fc <init_uart+0xc0>)
 80011bc:	601a      	str	r2, [r3, #0]
 80011be:	4b0e      	ldr	r3, [pc, #56]	@ (80011f8 <init_uart+0xbc>)
 80011c0:	2296      	movs	r2, #150	@ 0x96
 80011c2:	0212      	lsls	r2, r2, #8
 80011c4:	605a      	str	r2, [r3, #4]
 80011c6:	4b0c      	ldr	r3, [pc, #48]	@ (80011f8 <init_uart+0xbc>)
 80011c8:	2200      	movs	r2, #0
 80011ca:	609a      	str	r2, [r3, #8]
 80011cc:	4b0a      	ldr	r3, [pc, #40]	@ (80011f8 <init_uart+0xbc>)
 80011ce:	2200      	movs	r2, #0
 80011d0:	60da      	str	r2, [r3, #12]
 80011d2:	4b09      	ldr	r3, [pc, #36]	@ (80011f8 <init_uart+0xbc>)
 80011d4:	2200      	movs	r2, #0
 80011d6:	611a      	str	r2, [r3, #16]
 80011d8:	4b07      	ldr	r3, [pc, #28]	@ (80011f8 <init_uart+0xbc>)
 80011da:	2200      	movs	r2, #0
 80011dc:	619a      	str	r2, [r3, #24]
 80011de:	4b06      	ldr	r3, [pc, #24]	@ (80011f8 <init_uart+0xbc>)
 80011e0:	220c      	movs	r2, #12
 80011e2:	615a      	str	r2, [r3, #20]
 80011e4:	4b04      	ldr	r3, [pc, #16]	@ (80011f8 <init_uart+0xbc>)
 80011e6:	0018      	movs	r0, r3
 80011e8:	f000 ffe2 	bl	80021b0 <HAL_UART_Init>
 80011ec:	46c0      	nop			@ (mov r8, r8)
 80011ee:	b009      	add	sp, #36	@ 0x24
 80011f0:	bd00      	pop	{pc}
 80011f2:	46c0      	nop			@ (mov r8, r8)
 80011f4:	40021000 	.word	0x40021000
 80011f8:	20000258 	.word	0x20000258
 80011fc:	40013800 	.word	0x40013800

08001200 <trigger_setup>:
 8001200:	b500      	push	{lr}
 8001202:	b087      	sub	sp, #28
 8001204:	4b2f      	ldr	r3, [pc, #188]	@ (80012c4 <trigger_setup+0xc4>)
 8001206:	695a      	ldr	r2, [r3, #20]
 8001208:	4b2e      	ldr	r3, [pc, #184]	@ (80012c4 <trigger_setup+0xc4>)
 800120a:	2180      	movs	r1, #128	@ 0x80
 800120c:	0289      	lsls	r1, r1, #10
 800120e:	430a      	orrs	r2, r1
 8001210:	615a      	str	r2, [r3, #20]
 8001212:	4b2c      	ldr	r3, [pc, #176]	@ (80012c4 <trigger_setup+0xc4>)
 8001214:	695a      	ldr	r2, [r3, #20]
 8001216:	2380      	movs	r3, #128	@ 0x80
 8001218:	029b      	lsls	r3, r3, #10
 800121a:	4013      	ands	r3, r2
 800121c:	9300      	str	r3, [sp, #0]
 800121e:	9b00      	ldr	r3, [sp, #0]
 8001220:	ab01      	add	r3, sp, #4
 8001222:	2280      	movs	r2, #128	@ 0x80
 8001224:	601a      	str	r2, [r3, #0]
 8001226:	ab01      	add	r3, sp, #4
 8001228:	2201      	movs	r2, #1
 800122a:	605a      	str	r2, [r3, #4]
 800122c:	ab01      	add	r3, sp, #4
 800122e:	2200      	movs	r2, #0
 8001230:	609a      	str	r2, [r3, #8]
 8001232:	ab01      	add	r3, sp, #4
 8001234:	2203      	movs	r2, #3
 8001236:	60da      	str	r2, [r3, #12]
 8001238:	aa01      	add	r2, sp, #4
 800123a:	2390      	movs	r3, #144	@ 0x90
 800123c:	05db      	lsls	r3, r3, #23
 800123e:	0011      	movs	r1, r2
 8001240:	0018      	movs	r0, r3
 8001242:	f000 fc67 	bl	8001b14 <HAL_GPIO_Init>
 8001246:	ab01      	add	r3, sp, #4
 8001248:	2210      	movs	r2, #16
 800124a:	601a      	str	r2, [r3, #0]
 800124c:	ab01      	add	r3, sp, #4
 800124e:	2201      	movs	r2, #1
 8001250:	605a      	str	r2, [r3, #4]
 8001252:	ab01      	add	r3, sp, #4
 8001254:	2200      	movs	r2, #0
 8001256:	609a      	str	r2, [r3, #8]
 8001258:	ab01      	add	r3, sp, #4
 800125a:	2203      	movs	r2, #3
 800125c:	60da      	str	r2, [r3, #12]
 800125e:	aa01      	add	r2, sp, #4
 8001260:	2390      	movs	r3, #144	@ 0x90
 8001262:	05db      	lsls	r3, r3, #23
 8001264:	0011      	movs	r1, r2
 8001266:	0018      	movs	r0, r3
 8001268:	f000 fc54 	bl	8001b14 <HAL_GPIO_Init>
 800126c:	ab01      	add	r3, sp, #4
 800126e:	2204      	movs	r2, #4
 8001270:	601a      	str	r2, [r3, #0]
 8001272:	ab01      	add	r3, sp, #4
 8001274:	2201      	movs	r2, #1
 8001276:	605a      	str	r2, [r3, #4]
 8001278:	ab01      	add	r3, sp, #4
 800127a:	2200      	movs	r2, #0
 800127c:	609a      	str	r2, [r3, #8]
 800127e:	ab01      	add	r3, sp, #4
 8001280:	2203      	movs	r2, #3
 8001282:	60da      	str	r2, [r3, #12]
 8001284:	aa01      	add	r2, sp, #4
 8001286:	2390      	movs	r3, #144	@ 0x90
 8001288:	05db      	lsls	r3, r3, #23
 800128a:	0011      	movs	r1, r2
 800128c:	0018      	movs	r0, r3
 800128e:	f000 fc41 	bl	8001b14 <HAL_GPIO_Init>
 8001292:	2390      	movs	r3, #144	@ 0x90
 8001294:	05db      	lsls	r3, r3, #23
 8001296:	2200      	movs	r2, #0
 8001298:	2180      	movs	r1, #128	@ 0x80
 800129a:	0018      	movs	r0, r3
 800129c:	f000 fdac 	bl	8001df8 <HAL_GPIO_WritePin>
 80012a0:	2390      	movs	r3, #144	@ 0x90
 80012a2:	05db      	lsls	r3, r3, #23
 80012a4:	2201      	movs	r2, #1
 80012a6:	2110      	movs	r1, #16
 80012a8:	0018      	movs	r0, r3
 80012aa:	f000 fda5 	bl	8001df8 <HAL_GPIO_WritePin>
 80012ae:	2390      	movs	r3, #144	@ 0x90
 80012b0:	05db      	lsls	r3, r3, #23
 80012b2:	2201      	movs	r2, #1
 80012b4:	2104      	movs	r1, #4
 80012b6:	0018      	movs	r0, r3
 80012b8:	f000 fd9e 	bl	8001df8 <HAL_GPIO_WritePin>
 80012bc:	46c0      	nop			@ (mov r8, r8)
 80012be:	b007      	add	sp, #28
 80012c0:	bd00      	pop	{pc}
 80012c2:	46c0      	nop			@ (mov r8, r8)
 80012c4:	40021000 	.word	0x40021000

080012c8 <trigger_high>:
 80012c8:	b510      	push	{r4, lr}
 80012ca:	2390      	movs	r3, #144	@ 0x90
 80012cc:	05db      	lsls	r3, r3, #23
 80012ce:	2201      	movs	r2, #1
 80012d0:	2180      	movs	r1, #128	@ 0x80
 80012d2:	0018      	movs	r0, r3
 80012d4:	f000 fd90 	bl	8001df8 <HAL_GPIO_WritePin>
 80012d8:	46c0      	nop			@ (mov r8, r8)
 80012da:	bd10      	pop	{r4, pc}

080012dc <trigger_low>:
 80012dc:	b510      	push	{r4, lr}
 80012de:	2390      	movs	r3, #144	@ 0x90
 80012e0:	05db      	lsls	r3, r3, #23
 80012e2:	2200      	movs	r2, #0
 80012e4:	2180      	movs	r1, #128	@ 0x80
 80012e6:	0018      	movs	r0, r3
 80012e8:	f000 fd86 	bl	8001df8 <HAL_GPIO_WritePin>
 80012ec:	46c0      	nop			@ (mov r8, r8)
 80012ee:	bd10      	pop	{r4, pc}

080012f0 <getch>:
 80012f0:	b500      	push	{lr}
 80012f2:	b083      	sub	sp, #12
 80012f4:	e005      	b.n	8001302 <getch+0x12>
 80012f6:	4b0a      	ldr	r3, [pc, #40]	@ (8001320 <getch+0x30>)
 80012f8:	6a1a      	ldr	r2, [r3, #32]
 80012fa:	4b09      	ldr	r3, [pc, #36]	@ (8001320 <getch+0x30>)
 80012fc:	2108      	movs	r1, #8
 80012fe:	430a      	orrs	r2, r1
 8001300:	621a      	str	r2, [r3, #32]
 8001302:	466b      	mov	r3, sp
 8001304:	1dd9      	adds	r1, r3, #7
 8001306:	4807      	ldr	r0, [pc, #28]	@ (8001324 <getch+0x34>)
 8001308:	2332      	movs	r3, #50	@ 0x32
 800130a:	2201      	movs	r2, #1
 800130c:	f000 ff9a 	bl	8002244 <HAL_UART_Receive>
 8001310:	1e03      	subs	r3, r0, #0
 8001312:	d1f0      	bne.n	80012f6 <getch+0x6>
 8001314:	466b      	mov	r3, sp
 8001316:	3307      	adds	r3, #7
 8001318:	781b      	ldrb	r3, [r3, #0]
 800131a:	0018      	movs	r0, r3
 800131c:	b003      	add	sp, #12
 800131e:	bd00      	pop	{pc}
 8001320:	40013800 	.word	0x40013800
 8001324:	20000258 	.word	0x20000258

08001328 <putch>:
 8001328:	b500      	push	{lr}
 800132a:	b085      	sub	sp, #20
 800132c:	0002      	movs	r2, r0
 800132e:	466b      	mov	r3, sp
 8001330:	3307      	adds	r3, #7
 8001332:	701a      	strb	r2, [r3, #0]
 8001334:	230f      	movs	r3, #15
 8001336:	446b      	add	r3, sp
 8001338:	466a      	mov	r2, sp
 800133a:	3207      	adds	r2, #7
 800133c:	7812      	ldrb	r2, [r2, #0]
 800133e:	701a      	strb	r2, [r3, #0]
 8001340:	4b04      	ldr	r3, [pc, #16]	@ (8001354 <putch+0x2c>)
 8001342:	210f      	movs	r1, #15
 8001344:	4469      	add	r1, sp
 8001346:	4804      	ldr	r0, [pc, #16]	@ (8001358 <putch+0x30>)
 8001348:	2201      	movs	r2, #1
 800134a:	f001 f84b 	bl	80023e4 <HAL_UART_Transmit>
 800134e:	46c0      	nop			@ (mov r8, r8)
 8001350:	b005      	add	sp, #20
 8001352:	bd00      	pop	{pc}
 8001354:	00001388 	.word	0x00001388
 8001358:	20000258 	.word	0x20000258

0800135c <HAL_GetTick>:
 800135c:	4b03      	ldr	r3, [pc, #12]	@ (800136c <HAL_GetTick+0x10>)
 800135e:	681a      	ldr	r2, [r3, #0]
 8001360:	1c51      	adds	r1, r2, #1
 8001362:	4b02      	ldr	r3, [pc, #8]	@ (800136c <HAL_GetTick+0x10>)
 8001364:	6019      	str	r1, [r3, #0]
 8001366:	0013      	movs	r3, r2
 8001368:	0018      	movs	r0, r3
 800136a:	4770      	bx	lr
 800136c:	200002c8 	.word	0x200002c8

08001370 <HAL_RCC_GetSysClockFreq>:
 8001370:	23e1      	movs	r3, #225	@ 0xe1
 8001372:	03db      	lsls	r3, r3, #15
 8001374:	0018      	movs	r0, r3
 8001376:	4770      	bx	lr

08001378 <HAL_RCC_GetPCLK1Freq>:
 8001378:	23e1      	movs	r3, #225	@ 0xe1
 800137a:	03db      	lsls	r3, r3, #15
 800137c:	0018      	movs	r0, r3
 800137e:	4770      	bx	lr

08001380 <HAL_RCC_OscConfig>:
 8001380:	b500      	push	{lr}
 8001382:	b087      	sub	sp, #28
 8001384:	9001      	str	r0, [sp, #4]
 8001386:	2300      	movs	r3, #0
 8001388:	9304      	str	r3, [sp, #16]
 800138a:	9b01      	ldr	r3, [sp, #4]
 800138c:	681b      	ldr	r3, [r3, #0]
 800138e:	2201      	movs	r2, #1
 8001390:	4013      	ands	r3, r2
 8001392:	d100      	bne.n	8001396 <HAL_RCC_OscConfig+0x16>
 8001394:	e08d      	b.n	80014b2 <HAL_RCC_OscConfig+0x132>
 8001396:	4bc4      	ldr	r3, [pc, #784]	@ (80016a8 <HAL_RCC_OscConfig+0x328>)
 8001398:	685b      	ldr	r3, [r3, #4]
 800139a:	220c      	movs	r2, #12
 800139c:	4013      	ands	r3, r2
 800139e:	2b04      	cmp	r3, #4
 80013a0:	d00e      	beq.n	80013c0 <HAL_RCC_OscConfig+0x40>
 80013a2:	4bc1      	ldr	r3, [pc, #772]	@ (80016a8 <HAL_RCC_OscConfig+0x328>)
 80013a4:	685b      	ldr	r3, [r3, #4]
 80013a6:	220c      	movs	r2, #12
 80013a8:	4013      	ands	r3, r2
 80013aa:	2b08      	cmp	r3, #8
 80013ac:	d116      	bne.n	80013dc <HAL_RCC_OscConfig+0x5c>
 80013ae:	4bbe      	ldr	r3, [pc, #760]	@ (80016a8 <HAL_RCC_OscConfig+0x328>)
 80013b0:	685a      	ldr	r2, [r3, #4]
 80013b2:	2380      	movs	r3, #128	@ 0x80
 80013b4:	025b      	lsls	r3, r3, #9
 80013b6:	401a      	ands	r2, r3
 80013b8:	2380      	movs	r3, #128	@ 0x80
 80013ba:	025b      	lsls	r3, r3, #9
 80013bc:	429a      	cmp	r2, r3
 80013be:	d10d      	bne.n	80013dc <HAL_RCC_OscConfig+0x5c>
 80013c0:	4bb9      	ldr	r3, [pc, #740]	@ (80016a8 <HAL_RCC_OscConfig+0x328>)
 80013c2:	681a      	ldr	r2, [r3, #0]
 80013c4:	2380      	movs	r3, #128	@ 0x80
 80013c6:	029b      	lsls	r3, r3, #10
 80013c8:	4013      	ands	r3, r2
 80013ca:	d100      	bne.n	80013ce <HAL_RCC_OscConfig+0x4e>
 80013cc:	e070      	b.n	80014b0 <HAL_RCC_OscConfig+0x130>
 80013ce:	9b01      	ldr	r3, [sp, #4]
 80013d0:	685b      	ldr	r3, [r3, #4]
 80013d2:	2b00      	cmp	r3, #0
 80013d4:	d000      	beq.n	80013d8 <HAL_RCC_OscConfig+0x58>
 80013d6:	e06b      	b.n	80014b0 <HAL_RCC_OscConfig+0x130>
 80013d8:	2301      	movs	r3, #1
 80013da:	e2b7      	b.n	800194c <HAL_RCC_OscConfig+0x5cc>
 80013dc:	9b01      	ldr	r3, [sp, #4]
 80013de:	685b      	ldr	r3, [r3, #4]
 80013e0:	2b01      	cmp	r3, #1
 80013e2:	d107      	bne.n	80013f4 <HAL_RCC_OscConfig+0x74>
 80013e4:	4bb0      	ldr	r3, [pc, #704]	@ (80016a8 <HAL_RCC_OscConfig+0x328>)
 80013e6:	681a      	ldr	r2, [r3, #0]
 80013e8:	4baf      	ldr	r3, [pc, #700]	@ (80016a8 <HAL_RCC_OscConfig+0x328>)
 80013ea:	2180      	movs	r1, #128	@ 0x80
 80013ec:	0249      	lsls	r1, r1, #9
 80013ee:	430a      	orrs	r2, r1
 80013f0:	601a      	str	r2, [r3, #0]
 80013f2:	e02f      	b.n	8001454 <HAL_RCC_OscConfig+0xd4>
 80013f4:	9b01      	ldr	r3, [sp, #4]
 80013f6:	685b      	ldr	r3, [r3, #4]
 80013f8:	2b00      	cmp	r3, #0
 80013fa:	d10c      	bne.n	8001416 <HAL_RCC_OscConfig+0x96>
 80013fc:	4baa      	ldr	r3, [pc, #680]	@ (80016a8 <HAL_RCC_OscConfig+0x328>)
 80013fe:	681a      	ldr	r2, [r3, #0]
 8001400:	4ba9      	ldr	r3, [pc, #676]	@ (80016a8 <HAL_RCC_OscConfig+0x328>)
 8001402:	49aa      	ldr	r1, [pc, #680]	@ (80016ac <HAL_RCC_OscConfig+0x32c>)
 8001404:	400a      	ands	r2, r1
 8001406:	601a      	str	r2, [r3, #0]
 8001408:	4ba7      	ldr	r3, [pc, #668]	@ (80016a8 <HAL_RCC_OscConfig+0x328>)
 800140a:	681a      	ldr	r2, [r3, #0]
 800140c:	4ba6      	ldr	r3, [pc, #664]	@ (80016a8 <HAL_RCC_OscConfig+0x328>)
 800140e:	49a8      	ldr	r1, [pc, #672]	@ (80016b0 <HAL_RCC_OscConfig+0x330>)
 8001410:	400a      	ands	r2, r1
 8001412:	601a      	str	r2, [r3, #0]
 8001414:	e01e      	b.n	8001454 <HAL_RCC_OscConfig+0xd4>
 8001416:	9b01      	ldr	r3, [sp, #4]
 8001418:	685b      	ldr	r3, [r3, #4]
 800141a:	2b05      	cmp	r3, #5
 800141c:	d10e      	bne.n	800143c <HAL_RCC_OscConfig+0xbc>
 800141e:	4ba2      	ldr	r3, [pc, #648]	@ (80016a8 <HAL_RCC_OscConfig+0x328>)
 8001420:	681a      	ldr	r2, [r3, #0]
 8001422:	4ba1      	ldr	r3, [pc, #644]	@ (80016a8 <HAL_RCC_OscConfig+0x328>)
 8001424:	2180      	movs	r1, #128	@ 0x80
 8001426:	02c9      	lsls	r1, r1, #11
 8001428:	430a      	orrs	r2, r1
 800142a:	601a      	str	r2, [r3, #0]
 800142c:	4b9e      	ldr	r3, [pc, #632]	@ (80016a8 <HAL_RCC_OscConfig+0x328>)
 800142e:	681a      	ldr	r2, [r3, #0]
 8001430:	4b9d      	ldr	r3, [pc, #628]	@ (80016a8 <HAL_RCC_OscConfig+0x328>)
 8001432:	2180      	movs	r1, #128	@ 0x80
 8001434:	0249      	lsls	r1, r1, #9
 8001436:	430a      	orrs	r2, r1
 8001438:	601a      	str	r2, [r3, #0]
 800143a:	e00b      	b.n	8001454 <HAL_RCC_OscConfig+0xd4>
 800143c:	4b9a      	ldr	r3, [pc, #616]	@ (80016a8 <HAL_RCC_OscConfig+0x328>)
 800143e:	681a      	ldr	r2, [r3, #0]
 8001440:	4b99      	ldr	r3, [pc, #612]	@ (80016a8 <HAL_RCC_OscConfig+0x328>)
 8001442:	499a      	ldr	r1, [pc, #616]	@ (80016ac <HAL_RCC_OscConfig+0x32c>)
 8001444:	400a      	ands	r2, r1
 8001446:	601a      	str	r2, [r3, #0]
 8001448:	4b97      	ldr	r3, [pc, #604]	@ (80016a8 <HAL_RCC_OscConfig+0x328>)
 800144a:	681a      	ldr	r2, [r3, #0]
 800144c:	4b96      	ldr	r3, [pc, #600]	@ (80016a8 <HAL_RCC_OscConfig+0x328>)
 800144e:	4998      	ldr	r1, [pc, #608]	@ (80016b0 <HAL_RCC_OscConfig+0x330>)
 8001450:	400a      	ands	r2, r1
 8001452:	601a      	str	r2, [r3, #0]
 8001454:	9b01      	ldr	r3, [sp, #4]
 8001456:	685b      	ldr	r3, [r3, #4]
 8001458:	2b00      	cmp	r3, #0
 800145a:	d014      	beq.n	8001486 <HAL_RCC_OscConfig+0x106>
 800145c:	f7ff ff7e 	bl	800135c <HAL_GetTick>
 8001460:	0003      	movs	r3, r0
 8001462:	9304      	str	r3, [sp, #16]
 8001464:	e008      	b.n	8001478 <HAL_RCC_OscConfig+0xf8>
 8001466:	f7ff ff79 	bl	800135c <HAL_GetTick>
 800146a:	0002      	movs	r2, r0
 800146c:	9b04      	ldr	r3, [sp, #16]
 800146e:	1ad3      	subs	r3, r2, r3
 8001470:	2b64      	cmp	r3, #100	@ 0x64
 8001472:	d901      	bls.n	8001478 <HAL_RCC_OscConfig+0xf8>
 8001474:	2303      	movs	r3, #3
 8001476:	e269      	b.n	800194c <HAL_RCC_OscConfig+0x5cc>
 8001478:	4b8b      	ldr	r3, [pc, #556]	@ (80016a8 <HAL_RCC_OscConfig+0x328>)
 800147a:	681a      	ldr	r2, [r3, #0]
 800147c:	2380      	movs	r3, #128	@ 0x80
 800147e:	029b      	lsls	r3, r3, #10
 8001480:	4013      	ands	r3, r2
 8001482:	d0f0      	beq.n	8001466 <HAL_RCC_OscConfig+0xe6>
 8001484:	e015      	b.n	80014b2 <HAL_RCC_OscConfig+0x132>
 8001486:	f7ff ff69 	bl	800135c <HAL_GetTick>
 800148a:	0003      	movs	r3, r0
 800148c:	9304      	str	r3, [sp, #16]
 800148e:	e008      	b.n	80014a2 <HAL_RCC_OscConfig+0x122>
 8001490:	f7ff ff64 	bl	800135c <HAL_GetTick>
 8001494:	0002      	movs	r2, r0
 8001496:	9b04      	ldr	r3, [sp, #16]
 8001498:	1ad3      	subs	r3, r2, r3
 800149a:	2b64      	cmp	r3, #100	@ 0x64
 800149c:	d901      	bls.n	80014a2 <HAL_RCC_OscConfig+0x122>
 800149e:	2303      	movs	r3, #3
 80014a0:	e254      	b.n	800194c <HAL_RCC_OscConfig+0x5cc>
 80014a2:	4b81      	ldr	r3, [pc, #516]	@ (80016a8 <HAL_RCC_OscConfig+0x328>)
 80014a4:	681a      	ldr	r2, [r3, #0]
 80014a6:	2380      	movs	r3, #128	@ 0x80
 80014a8:	029b      	lsls	r3, r3, #10
 80014aa:	4013      	ands	r3, r2
 80014ac:	d1f0      	bne.n	8001490 <HAL_RCC_OscConfig+0x110>
 80014ae:	e000      	b.n	80014b2 <HAL_RCC_OscConfig+0x132>
 80014b0:	46c0      	nop			@ (mov r8, r8)
 80014b2:	9b01      	ldr	r3, [sp, #4]
 80014b4:	681b      	ldr	r3, [r3, #0]
 80014b6:	2202      	movs	r2, #2
 80014b8:	4013      	ands	r3, r2
 80014ba:	d100      	bne.n	80014be <HAL_RCC_OscConfig+0x13e>
 80014bc:	e069      	b.n	8001592 <HAL_RCC_OscConfig+0x212>
 80014be:	4b7a      	ldr	r3, [pc, #488]	@ (80016a8 <HAL_RCC_OscConfig+0x328>)
 80014c0:	685b      	ldr	r3, [r3, #4]
 80014c2:	220c      	movs	r2, #12
 80014c4:	4013      	ands	r3, r2
 80014c6:	d00b      	beq.n	80014e0 <HAL_RCC_OscConfig+0x160>
 80014c8:	4b77      	ldr	r3, [pc, #476]	@ (80016a8 <HAL_RCC_OscConfig+0x328>)
 80014ca:	685b      	ldr	r3, [r3, #4]
 80014cc:	220c      	movs	r2, #12
 80014ce:	4013      	ands	r3, r2
 80014d0:	2b08      	cmp	r3, #8
 80014d2:	d11c      	bne.n	800150e <HAL_RCC_OscConfig+0x18e>
 80014d4:	4b74      	ldr	r3, [pc, #464]	@ (80016a8 <HAL_RCC_OscConfig+0x328>)
 80014d6:	685a      	ldr	r2, [r3, #4]
 80014d8:	2380      	movs	r3, #128	@ 0x80
 80014da:	025b      	lsls	r3, r3, #9
 80014dc:	4013      	ands	r3, r2
 80014de:	d116      	bne.n	800150e <HAL_RCC_OscConfig+0x18e>
 80014e0:	4b71      	ldr	r3, [pc, #452]	@ (80016a8 <HAL_RCC_OscConfig+0x328>)
 80014e2:	681b      	ldr	r3, [r3, #0]
 80014e4:	2202      	movs	r2, #2
 80014e6:	4013      	ands	r3, r2
 80014e8:	d005      	beq.n	80014f6 <HAL_RCC_OscConfig+0x176>
 80014ea:	9b01      	ldr	r3, [sp, #4]
 80014ec:	68db      	ldr	r3, [r3, #12]
 80014ee:	2b01      	cmp	r3, #1
 80014f0:	d001      	beq.n	80014f6 <HAL_RCC_OscConfig+0x176>
 80014f2:	2301      	movs	r3, #1
 80014f4:	e22a      	b.n	800194c <HAL_RCC_OscConfig+0x5cc>
 80014f6:	4b6c      	ldr	r3, [pc, #432]	@ (80016a8 <HAL_RCC_OscConfig+0x328>)
 80014f8:	681b      	ldr	r3, [r3, #0]
 80014fa:	22f8      	movs	r2, #248	@ 0xf8
 80014fc:	4393      	bics	r3, r2
 80014fe:	0019      	movs	r1, r3
 8001500:	9b01      	ldr	r3, [sp, #4]
 8001502:	691b      	ldr	r3, [r3, #16]
 8001504:	00da      	lsls	r2, r3, #3
 8001506:	4b68      	ldr	r3, [pc, #416]	@ (80016a8 <HAL_RCC_OscConfig+0x328>)
 8001508:	430a      	orrs	r2, r1
 800150a:	601a      	str	r2, [r3, #0]
 800150c:	e041      	b.n	8001592 <HAL_RCC_OscConfig+0x212>
 800150e:	9b01      	ldr	r3, [sp, #4]
 8001510:	68db      	ldr	r3, [r3, #12]
 8001512:	2b00      	cmp	r3, #0
 8001514:	d024      	beq.n	8001560 <HAL_RCC_OscConfig+0x1e0>
 8001516:	4b64      	ldr	r3, [pc, #400]	@ (80016a8 <HAL_RCC_OscConfig+0x328>)
 8001518:	681a      	ldr	r2, [r3, #0]
 800151a:	4b63      	ldr	r3, [pc, #396]	@ (80016a8 <HAL_RCC_OscConfig+0x328>)
 800151c:	2101      	movs	r1, #1
 800151e:	430a      	orrs	r2, r1
 8001520:	601a      	str	r2, [r3, #0]
 8001522:	f7ff ff1b 	bl	800135c <HAL_GetTick>
 8001526:	0003      	movs	r3, r0
 8001528:	9304      	str	r3, [sp, #16]
 800152a:	e008      	b.n	800153e <HAL_RCC_OscConfig+0x1be>
 800152c:	f7ff ff16 	bl	800135c <HAL_GetTick>
 8001530:	0002      	movs	r2, r0
 8001532:	9b04      	ldr	r3, [sp, #16]
 8001534:	1ad3      	subs	r3, r2, r3
 8001536:	2b02      	cmp	r3, #2
 8001538:	d901      	bls.n	800153e <HAL_RCC_OscConfig+0x1be>
 800153a:	2303      	movs	r3, #3
 800153c:	e206      	b.n	800194c <HAL_RCC_OscConfig+0x5cc>
 800153e:	4b5a      	ldr	r3, [pc, #360]	@ (80016a8 <HAL_RCC_OscConfig+0x328>)
 8001540:	681b      	ldr	r3, [r3, #0]
 8001542:	2202      	movs	r2, #2
 8001544:	4013      	ands	r3, r2
 8001546:	d0f1      	beq.n	800152c <HAL_RCC_OscConfig+0x1ac>
 8001548:	4b57      	ldr	r3, [pc, #348]	@ (80016a8 <HAL_RCC_OscConfig+0x328>)
 800154a:	681b      	ldr	r3, [r3, #0]
 800154c:	22f8      	movs	r2, #248	@ 0xf8
 800154e:	4393      	bics	r3, r2
 8001550:	0019      	movs	r1, r3
 8001552:	9b01      	ldr	r3, [sp, #4]
 8001554:	691b      	ldr	r3, [r3, #16]
 8001556:	00da      	lsls	r2, r3, #3
 8001558:	4b53      	ldr	r3, [pc, #332]	@ (80016a8 <HAL_RCC_OscConfig+0x328>)
 800155a:	430a      	orrs	r2, r1
 800155c:	601a      	str	r2, [r3, #0]
 800155e:	e018      	b.n	8001592 <HAL_RCC_OscConfig+0x212>
 8001560:	4b51      	ldr	r3, [pc, #324]	@ (80016a8 <HAL_RCC_OscConfig+0x328>)
 8001562:	681a      	ldr	r2, [r3, #0]
 8001564:	4b50      	ldr	r3, [pc, #320]	@ (80016a8 <HAL_RCC_OscConfig+0x328>)
 8001566:	2101      	movs	r1, #1
 8001568:	438a      	bics	r2, r1
 800156a:	601a      	str	r2, [r3, #0]
 800156c:	f7ff fef6 	bl	800135c <HAL_GetTick>
 8001570:	0003      	movs	r3, r0
 8001572:	9304      	str	r3, [sp, #16]
 8001574:	e008      	b.n	8001588 <HAL_RCC_OscConfig+0x208>
 8001576:	f7ff fef1 	bl	800135c <HAL_GetTick>
 800157a:	0002      	movs	r2, r0
 800157c:	9b04      	ldr	r3, [sp, #16]
 800157e:	1ad3      	subs	r3, r2, r3
 8001580:	2b02      	cmp	r3, #2
 8001582:	d901      	bls.n	8001588 <HAL_RCC_OscConfig+0x208>
 8001584:	2303      	movs	r3, #3
 8001586:	e1e1      	b.n	800194c <HAL_RCC_OscConfig+0x5cc>
 8001588:	4b47      	ldr	r3, [pc, #284]	@ (80016a8 <HAL_RCC_OscConfig+0x328>)
 800158a:	681b      	ldr	r3, [r3, #0]
 800158c:	2202      	movs	r2, #2
 800158e:	4013      	ands	r3, r2
 8001590:	d1f1      	bne.n	8001576 <HAL_RCC_OscConfig+0x1f6>
 8001592:	9b01      	ldr	r3, [sp, #4]
 8001594:	681b      	ldr	r3, [r3, #0]
 8001596:	2208      	movs	r2, #8
 8001598:	4013      	ands	r3, r2
 800159a:	d036      	beq.n	800160a <HAL_RCC_OscConfig+0x28a>
 800159c:	9b01      	ldr	r3, [sp, #4]
 800159e:	69db      	ldr	r3, [r3, #28]
 80015a0:	2b00      	cmp	r3, #0
 80015a2:	d019      	beq.n	80015d8 <HAL_RCC_OscConfig+0x258>
 80015a4:	4b40      	ldr	r3, [pc, #256]	@ (80016a8 <HAL_RCC_OscConfig+0x328>)
 80015a6:	6a5a      	ldr	r2, [r3, #36]	@ 0x24
 80015a8:	4b3f      	ldr	r3, [pc, #252]	@ (80016a8 <HAL_RCC_OscConfig+0x328>)
 80015aa:	2101      	movs	r1, #1
 80015ac:	430a      	orrs	r2, r1
 80015ae:	625a      	str	r2, [r3, #36]	@ 0x24
 80015b0:	f7ff fed4 	bl	800135c <HAL_GetTick>
 80015b4:	0003      	movs	r3, r0
 80015b6:	9304      	str	r3, [sp, #16]
 80015b8:	e008      	b.n	80015cc <HAL_RCC_OscConfig+0x24c>
 80015ba:	f7ff fecf 	bl	800135c <HAL_GetTick>
 80015be:	0002      	movs	r2, r0
 80015c0:	9b04      	ldr	r3, [sp, #16]
 80015c2:	1ad3      	subs	r3, r2, r3
 80015c4:	2b02      	cmp	r3, #2
 80015c6:	d901      	bls.n	80015cc <HAL_RCC_OscConfig+0x24c>
 80015c8:	2303      	movs	r3, #3
 80015ca:	e1bf      	b.n	800194c <HAL_RCC_OscConfig+0x5cc>
 80015cc:	4b36      	ldr	r3, [pc, #216]	@ (80016a8 <HAL_RCC_OscConfig+0x328>)
 80015ce:	6a5b      	ldr	r3, [r3, #36]	@ 0x24
 80015d0:	2202      	movs	r2, #2
 80015d2:	4013      	ands	r3, r2
 80015d4:	d0f1      	beq.n	80015ba <HAL_RCC_OscConfig+0x23a>
 80015d6:	e018      	b.n	800160a <HAL_RCC_OscConfig+0x28a>
 80015d8:	4b33      	ldr	r3, [pc, #204]	@ (80016a8 <HAL_RCC_OscConfig+0x328>)
 80015da:	6a5a      	ldr	r2, [r3, #36]	@ 0x24
 80015dc:	4b32      	ldr	r3, [pc, #200]	@ (80016a8 <HAL_RCC_OscConfig+0x328>)
 80015de:	2101      	movs	r1, #1
 80015e0:	438a      	bics	r2, r1
 80015e2:	625a      	str	r2, [r3, #36]	@ 0x24
 80015e4:	f7ff feba 	bl	800135c <HAL_GetTick>
 80015e8:	0003      	movs	r3, r0
 80015ea:	9304      	str	r3, [sp, #16]
 80015ec:	e008      	b.n	8001600 <HAL_RCC_OscConfig+0x280>
 80015ee:	f7ff feb5 	bl	800135c <HAL_GetTick>
 80015f2:	0002      	movs	r2, r0
 80015f4:	9b04      	ldr	r3, [sp, #16]
 80015f6:	1ad3      	subs	r3, r2, r3
 80015f8:	2b02      	cmp	r3, #2
 80015fa:	d901      	bls.n	8001600 <HAL_RCC_OscConfig+0x280>
 80015fc:	2303      	movs	r3, #3
 80015fe:	e1a5      	b.n	800194c <HAL_RCC_OscConfig+0x5cc>
 8001600:	4b29      	ldr	r3, [pc, #164]	@ (80016a8 <HAL_RCC_OscConfig+0x328>)
 8001602:	6a5b      	ldr	r3, [r3, #36]	@ 0x24
 8001604:	2202      	movs	r2, #2
 8001606:	4013      	ands	r3, r2
 8001608:	d1f1      	bne.n	80015ee <HAL_RCC_OscConfig+0x26e>
 800160a:	9b01      	ldr	r3, [sp, #4]
 800160c:	681b      	ldr	r3, [r3, #0]
 800160e:	2204      	movs	r2, #4
 8001610:	4013      	ands	r3, r2
 8001612:	d100      	bne.n	8001616 <HAL_RCC_OscConfig+0x296>
 8001614:	e0b6      	b.n	8001784 <HAL_RCC_OscConfig+0x404>
 8001616:	2317      	movs	r3, #23
 8001618:	446b      	add	r3, sp
 800161a:	2200      	movs	r2, #0
 800161c:	701a      	strb	r2, [r3, #0]
 800161e:	4b22      	ldr	r3, [pc, #136]	@ (80016a8 <HAL_RCC_OscConfig+0x328>)
 8001620:	69da      	ldr	r2, [r3, #28]
 8001622:	2380      	movs	r3, #128	@ 0x80
 8001624:	055b      	lsls	r3, r3, #21
 8001626:	4013      	ands	r3, r2
 8001628:	d111      	bne.n	800164e <HAL_RCC_OscConfig+0x2ce>
 800162a:	4b1f      	ldr	r3, [pc, #124]	@ (80016a8 <HAL_RCC_OscConfig+0x328>)
 800162c:	69da      	ldr	r2, [r3, #28]
 800162e:	4b1e      	ldr	r3, [pc, #120]	@ (80016a8 <HAL_RCC_OscConfig+0x328>)
 8001630:	2180      	movs	r1, #128	@ 0x80
 8001632:	0549      	lsls	r1, r1, #21
 8001634:	430a      	orrs	r2, r1
 8001636:	61da      	str	r2, [r3, #28]
 8001638:	4b1b      	ldr	r3, [pc, #108]	@ (80016a8 <HAL_RCC_OscConfig+0x328>)
 800163a:	69da      	ldr	r2, [r3, #28]
 800163c:	2380      	movs	r3, #128	@ 0x80
 800163e:	055b      	lsls	r3, r3, #21
 8001640:	4013      	ands	r3, r2
 8001642:	9303      	str	r3, [sp, #12]
 8001644:	9b03      	ldr	r3, [sp, #12]
 8001646:	2317      	movs	r3, #23
 8001648:	446b      	add	r3, sp
 800164a:	2201      	movs	r2, #1
 800164c:	701a      	strb	r2, [r3, #0]
 800164e:	4b19      	ldr	r3, [pc, #100]	@ (80016b4 <HAL_RCC_OscConfig+0x334>)
 8001650:	681a      	ldr	r2, [r3, #0]
 8001652:	2380      	movs	r3, #128	@ 0x80
 8001654:	005b      	lsls	r3, r3, #1
 8001656:	4013      	ands	r3, r2
 8001658:	d11a      	bne.n	8001690 <HAL_RCC_OscConfig+0x310>
 800165a:	4b16      	ldr	r3, [pc, #88]	@ (80016b4 <HAL_RCC_OscConfig+0x334>)
 800165c:	681a      	ldr	r2, [r3, #0]
 800165e:	4b15      	ldr	r3, [pc, #84]	@ (80016b4 <HAL_RCC_OscConfig+0x334>)
 8001660:	2180      	movs	r1, #128	@ 0x80
 8001662:	0049      	lsls	r1, r1, #1
 8001664:	430a      	orrs	r2, r1
 8001666:	601a      	str	r2, [r3, #0]
 8001668:	f7ff fe78 	bl	800135c <HAL_GetTick>
 800166c:	0003      	movs	r3, r0
 800166e:	9304      	str	r3, [sp, #16]
 8001670:	e008      	b.n	8001684 <HAL_RCC_OscConfig+0x304>
 8001672:	f7ff fe73 	bl	800135c <HAL_GetTick>
 8001676:	0002      	movs	r2, r0
 8001678:	9b04      	ldr	r3, [sp, #16]
 800167a:	1ad3      	subs	r3, r2, r3
 800167c:	2b64      	cmp	r3, #100	@ 0x64
 800167e:	d901      	bls.n	8001684 <HAL_RCC_OscConfig+0x304>
 8001680:	2303      	movs	r3, #3
 8001682:	e163      	b.n	800194c <HAL_RCC_OscConfig+0x5cc>
 8001684:	4b0b      	ldr	r3, [pc, #44]	@ (80016b4 <HAL_RCC_OscConfig+0x334>)
 8001686:	681a      	ldr	r2, [r3, #0]
 8001688:	2380      	movs	r3, #128	@ 0x80
 800168a:	005b      	lsls	r3, r3, #1
 800168c:	4013      	ands	r3, r2
 800168e:	d0f0      	beq.n	8001672 <HAL_RCC_OscConfig+0x2f2>
 8001690:	9b01      	ldr	r3, [sp, #4]
 8001692:	689b      	ldr	r3, [r3, #8]
 8001694:	2b01      	cmp	r3, #1
 8001696:	d10f      	bne.n	80016b8 <HAL_RCC_OscConfig+0x338>
 8001698:	4b03      	ldr	r3, [pc, #12]	@ (80016a8 <HAL_RCC_OscConfig+0x328>)
 800169a:	6a1a      	ldr	r2, [r3, #32]
 800169c:	4b02      	ldr	r3, [pc, #8]	@ (80016a8 <HAL_RCC_OscConfig+0x328>)
 800169e:	2101      	movs	r1, #1
 80016a0:	430a      	orrs	r2, r1
 80016a2:	621a      	str	r2, [r3, #32]
 80016a4:	e036      	b.n	8001714 <HAL_RCC_OscConfig+0x394>
 80016a6:	46c0      	nop			@ (mov r8, r8)
 80016a8:	40021000 	.word	0x40021000
 80016ac:	fffeffff 	.word	0xfffeffff
 80016b0:	fffbffff 	.word	0xfffbffff
 80016b4:	40007000 	.word	0x40007000
 80016b8:	9b01      	ldr	r3, [sp, #4]
 80016ba:	689b      	ldr	r3, [r3, #8]
 80016bc:	2b00      	cmp	r3, #0
 80016be:	d10c      	bne.n	80016da <HAL_RCC_OscConfig+0x35a>
 80016c0:	4ba4      	ldr	r3, [pc, #656]	@ (8001954 <HAL_RCC_OscConfig+0x5d4>)
 80016c2:	6a1a      	ldr	r2, [r3, #32]
 80016c4:	4ba3      	ldr	r3, [pc, #652]	@ (8001954 <HAL_RCC_OscConfig+0x5d4>)
 80016c6:	2101      	movs	r1, #1
 80016c8:	438a      	bics	r2, r1
 80016ca:	621a      	str	r2, [r3, #32]
 80016cc:	4ba1      	ldr	r3, [pc, #644]	@ (8001954 <HAL_RCC_OscConfig+0x5d4>)
 80016ce:	6a1a      	ldr	r2, [r3, #32]
 80016d0:	4ba0      	ldr	r3, [pc, #640]	@ (8001954 <HAL_RCC_OscConfig+0x5d4>)
 80016d2:	2104      	movs	r1, #4
 80016d4:	438a      	bics	r2, r1
 80016d6:	621a      	str	r2, [r3, #32]
 80016d8:	e01c      	b.n	8001714 <HAL_RCC_OscConfig+0x394>
 80016da:	9b01      	ldr	r3, [sp, #4]
 80016dc:	689b      	ldr	r3, [r3, #8]
 80016de:	2b05      	cmp	r3, #5
 80016e0:	d10c      	bne.n	80016fc <HAL_RCC_OscConfig+0x37c>
 80016e2:	4b9c      	ldr	r3, [pc, #624]	@ (8001954 <HAL_RCC_OscConfig+0x5d4>)
 80016e4:	6a1a      	ldr	r2, [r3, #32]
 80016e6:	4b9b      	ldr	r3, [pc, #620]	@ (8001954 <HAL_RCC_OscConfig+0x5d4>)
 80016e8:	2104      	movs	r1, #4
 80016ea:	430a      	orrs	r2, r1
 80016ec:	621a      	str	r2, [r3, #32]
 80016ee:	4b99      	ldr	r3, [pc, #612]	@ (8001954 <HAL_RCC_OscConfig+0x5d4>)
 80016f0:	6a1a      	ldr	r2, [r3, #32]
 80016f2:	4b98      	ldr	r3, [pc, #608]	@ (8001954 <HAL_RCC_OscConfig+0x5d4>)
 80016f4:	2101      	movs	r1, #1
 80016f6:	430a      	orrs	r2, r1
 80016f8:	621a      	str	r2, [r3, #32]
 80016fa:	e00b      	b.n	8001714 <HAL_RCC_OscConfig+0x394>
 80016fc:	4b95      	ldr	r3, [pc, #596]	@ (8001954 <HAL_RCC_OscConfig+0x5d4>)
 80016fe:	6a1a      	ldr	r2, [r3, #32]
 8001700:	4b94      	ldr	r3, [pc, #592]	@ (8001954 <HAL_RCC_OscConfig+0x5d4>)
 8001702:	2101      	movs	r1, #1
 8001704:	438a      	bics	r2, r1
 8001706:	621a      	str	r2, [r3, #32]
 8001708:	4b92      	ldr	r3, [pc, #584]	@ (8001954 <HAL_RCC_OscConfig+0x5d4>)
 800170a:	6a1a      	ldr	r2, [r3, #32]
 800170c:	4b91      	ldr	r3, [pc, #580]	@ (8001954 <HAL_RCC_OscConfig+0x5d4>)
 800170e:	2104      	movs	r1, #4
 8001710:	438a      	bics	r2, r1
 8001712:	621a      	str	r2, [r3, #32]
 8001714:	9b01      	ldr	r3, [sp, #4]
 8001716:	689b      	ldr	r3, [r3, #8]
 8001718:	2b00      	cmp	r3, #0
 800171a:	d014      	beq.n	8001746 <HAL_RCC_OscConfig+0x3c6>
 800171c:	f7ff fe1e 	bl	800135c <HAL_GetTick>
 8001720:	0003      	movs	r3, r0
 8001722:	9304      	str	r3, [sp, #16]
 8001724:	e009      	b.n	800173a <HAL_RCC_OscConfig+0x3ba>
 8001726:	f7ff fe19 	bl	800135c <HAL_GetTick>
 800172a:	0002      	movs	r2, r0
 800172c:	9b04      	ldr	r3, [sp, #16]
 800172e:	1ad3      	subs	r3, r2, r3
 8001730:	4a89      	ldr	r2, [pc, #548]	@ (8001958 <HAL_RCC_OscConfig+0x5d8>)
 8001732:	4293      	cmp	r3, r2
 8001734:	d901      	bls.n	800173a <HAL_RCC_OscConfig+0x3ba>
 8001736:	2303      	movs	r3, #3
 8001738:	e108      	b.n	800194c <HAL_RCC_OscConfig+0x5cc>
 800173a:	4b86      	ldr	r3, [pc, #536]	@ (8001954 <HAL_RCC_OscConfig+0x5d4>)
 800173c:	6a1b      	ldr	r3, [r3, #32]
 800173e:	2202      	movs	r2, #2
 8001740:	4013      	ands	r3, r2
 8001742:	d0f0      	beq.n	8001726 <HAL_RCC_OscConfig+0x3a6>
 8001744:	e013      	b.n	800176e <HAL_RCC_OscConfig+0x3ee>
 8001746:	f7ff fe09 	bl	800135c <HAL_GetTick>
 800174a:	0003      	movs	r3, r0
 800174c:	9304      	str	r3, [sp, #16]
 800174e:	e009      	b.n	8001764 <HAL_RCC_OscConfig+0x3e4>
 8001750:	f7ff fe04 	bl	800135c <HAL_GetTick>
 8001754:	0002      	movs	r2, r0
 8001756:	9b04      	ldr	r3, [sp, #16]
 8001758:	1ad3      	subs	r3, r2, r3
 800175a:	4a7f      	ldr	r2, [pc, #508]	@ (8001958 <HAL_RCC_OscConfig+0x5d8>)
 800175c:	4293      	cmp	r3, r2
 800175e:	d901      	bls.n	8001764 <HAL_RCC_OscConfig+0x3e4>
 8001760:	2303      	movs	r3, #3
 8001762:	e0f3      	b.n	800194c <HAL_RCC_OscConfig+0x5cc>
 8001764:	4b7b      	ldr	r3, [pc, #492]	@ (8001954 <HAL_RCC_OscConfig+0x5d4>)
 8001766:	6a1b      	ldr	r3, [r3, #32]
 8001768:	2202      	movs	r2, #2
 800176a:	4013      	ands	r3, r2
 800176c:	d1f0      	bne.n	8001750 <HAL_RCC_OscConfig+0x3d0>
 800176e:	2317      	movs	r3, #23
 8001770:	446b      	add	r3, sp
 8001772:	781b      	ldrb	r3, [r3, #0]
 8001774:	2b01      	cmp	r3, #1
 8001776:	d105      	bne.n	8001784 <HAL_RCC_OscConfig+0x404>
 8001778:	4b76      	ldr	r3, [pc, #472]	@ (8001954 <HAL_RCC_OscConfig+0x5d4>)
 800177a:	69da      	ldr	r2, [r3, #28]
 800177c:	4b75      	ldr	r3, [pc, #468]	@ (8001954 <HAL_RCC_OscConfig+0x5d4>)
 800177e:	4977      	ldr	r1, [pc, #476]	@ (800195c <HAL_RCC_OscConfig+0x5dc>)
 8001780:	400a      	ands	r2, r1
 8001782:	61da      	str	r2, [r3, #28]
 8001784:	9b01      	ldr	r3, [sp, #4]
 8001786:	681b      	ldr	r3, [r3, #0]
 8001788:	2210      	movs	r2, #16
 800178a:	4013      	ands	r3, r2
 800178c:	d063      	beq.n	8001856 <HAL_RCC_OscConfig+0x4d6>
 800178e:	9b01      	ldr	r3, [sp, #4]
 8001790:	695b      	ldr	r3, [r3, #20]
 8001792:	2b01      	cmp	r3, #1
 8001794:	d12a      	bne.n	80017ec <HAL_RCC_OscConfig+0x46c>
 8001796:	4b6f      	ldr	r3, [pc, #444]	@ (8001954 <HAL_RCC_OscConfig+0x5d4>)
 8001798:	6b5a      	ldr	r2, [r3, #52]	@ 0x34
 800179a:	4b6e      	ldr	r3, [pc, #440]	@ (8001954 <HAL_RCC_OscConfig+0x5d4>)
 800179c:	2104      	movs	r1, #4
 800179e:	430a      	orrs	r2, r1
 80017a0:	635a      	str	r2, [r3, #52]	@ 0x34
 80017a2:	4b6c      	ldr	r3, [pc, #432]	@ (8001954 <HAL_RCC_OscConfig+0x5d4>)
 80017a4:	6b5a      	ldr	r2, [r3, #52]	@ 0x34
 80017a6:	4b6b      	ldr	r3, [pc, #428]	@ (8001954 <HAL_RCC_OscConfig+0x5d4>)
 80017a8:	2101      	movs	r1, #1
 80017aa:	430a      	orrs	r2, r1
 80017ac:	635a      	str	r2, [r3, #52]	@ 0x34
 80017ae:	f7ff fdd5 	bl	800135c <HAL_GetTick>
 80017b2:	0003      	movs	r3, r0
 80017b4:	9304      	str	r3, [sp, #16]
 80017b6:	e008      	b.n	80017ca <HAL_RCC_OscConfig+0x44a>
 80017b8:	f7ff fdd0 	bl	800135c <HAL_GetTick>
 80017bc:	0002      	movs	r2, r0
 80017be:	9b04      	ldr	r3, [sp, #16]
 80017c0:	1ad3      	subs	r3, r2, r3
 80017c2:	2b02      	cmp	r3, #2
 80017c4:	d901      	bls.n	80017ca <HAL_RCC_OscConfig+0x44a>
 80017c6:	2303      	movs	r3, #3
 80017c8:	e0c0      	b.n	800194c <HAL_RCC_OscConfig+0x5cc>
 80017ca:	4b62      	ldr	r3, [pc, #392]	@ (8001954 <HAL_RCC_OscConfig+0x5d4>)
 80017cc:	6b5b      	ldr	r3, [r3, #52]	@ 0x34
 80017ce:	2202      	movs	r2, #2
 80017d0:	4013      	ands	r3, r2
 80017d2:	d0f1      	beq.n	80017b8 <HAL_RCC_OscConfig+0x438>
 80017d4:	4b5f      	ldr	r3, [pc, #380]	@ (8001954 <HAL_RCC_OscConfig+0x5d4>)
 80017d6:	6b5b      	ldr	r3, [r3, #52]	@ 0x34
 80017d8:	22f8      	movs	r2, #248	@ 0xf8
 80017da:	4393      	bics	r3, r2
 80017dc:	0019      	movs	r1, r3
 80017de:	9b01      	ldr	r3, [sp, #4]
 80017e0:	699b      	ldr	r3, [r3, #24]
 80017e2:	00da      	lsls	r2, r3, #3
 80017e4:	4b5b      	ldr	r3, [pc, #364]	@ (8001954 <HAL_RCC_OscConfig+0x5d4>)
 80017e6:	430a      	orrs	r2, r1
 80017e8:	635a      	str	r2, [r3, #52]	@ 0x34
 80017ea:	e034      	b.n	8001856 <HAL_RCC_OscConfig+0x4d6>
 80017ec:	9b01      	ldr	r3, [sp, #4]
 80017ee:	695b      	ldr	r3, [r3, #20]
 80017f0:	3305      	adds	r3, #5
 80017f2:	d111      	bne.n	8001818 <HAL_RCC_OscConfig+0x498>
 80017f4:	4b57      	ldr	r3, [pc, #348]	@ (8001954 <HAL_RCC_OscConfig+0x5d4>)
 80017f6:	6b5a      	ldr	r2, [r3, #52]	@ 0x34
 80017f8:	4b56      	ldr	r3, [pc, #344]	@ (8001954 <HAL_RCC_OscConfig+0x5d4>)
 80017fa:	2104      	movs	r1, #4
 80017fc:	438a      	bics	r2, r1
 80017fe:	635a      	str	r2, [r3, #52]	@ 0x34
 8001800:	4b54      	ldr	r3, [pc, #336]	@ (8001954 <HAL_RCC_OscConfig+0x5d4>)
 8001802:	6b5b      	ldr	r3, [r3, #52]	@ 0x34
 8001804:	22f8      	movs	r2, #248	@ 0xf8
 8001806:	4393      	bics	r3, r2
 8001808:	0019      	movs	r1, r3
 800180a:	9b01      	ldr	r3, [sp, #4]
 800180c:	699b      	ldr	r3, [r3, #24]
 800180e:	00da      	lsls	r2, r3, #3
 8001810:	4b50      	ldr	r3, [pc, #320]	@ (8001954 <HAL_RCC_OscConfig+0x5d4>)
 8001812:	430a      	orrs	r2, r1
 8001814:	635a      	str	r2, [r3, #52]	@ 0x34
 8001816:	e01e      	b.n	8001856 <HAL_RCC_OscConfig+0x4d6>
 8001818:	4b4e      	ldr	r3, [pc, #312]	@ (8001954 <HAL_RCC_OscConfig+0x5d4>)
 800181a:	6b5a      	ldr	r2, [r3, #52]	@ 0x34
 800181c:	4b4d      	ldr	r3, [pc, #308]	@ (8001954 <HAL_RCC_OscConfig+0x5d4>)
 800181e:	2104      	movs	r1, #4
 8001820:	430a      	orrs	r2, r1
 8001822:	635a      	str	r2, [r3, #52]	@ 0x34
 8001824:	4b4b      	ldr	r3, [pc, #300]	@ (8001954 <HAL_RCC_OscConfig+0x5d4>)
 8001826:	6b5a      	ldr	r2, [r3, #52]	@ 0x34
 8001828:	4b4a      	ldr	r3, [pc, #296]	@ (8001954 <HAL_RCC_OscConfig+0x5d4>)
 800182a:	2101      	movs	r1, #1
 800182c:	438a      	bics	r2, r1
 800182e:	635a      	str	r2, [r3, #52]	@ 0x34
 8001830:	f7ff fd94 	bl	800135c <HAL_GetTick>
 8001834:	0003      	movs	r3, r0
 8001836:	9304      	str	r3, [sp, #16]
 8001838:	e008      	b.n	800184c <HAL_RCC_OscConfig+0x4cc>
 800183a:	f7ff fd8f 	bl	800135c <HAL_GetTick>
 800183e:	0002      	movs	r2, r0
 8001840:	9b04      	ldr	r3, [sp, #16]
 8001842:	1ad3      	subs	r3, r2, r3
 8001844:	2b02      	cmp	r3, #2
 8001846:	d901      	bls.n	800184c <HAL_RCC_OscConfig+0x4cc>
 8001848:	2303      	movs	r3, #3
 800184a:	e07f      	b.n	800194c <HAL_RCC_OscConfig+0x5cc>
 800184c:	4b41      	ldr	r3, [pc, #260]	@ (8001954 <HAL_RCC_OscConfig+0x5d4>)
 800184e:	6b5b      	ldr	r3, [r3, #52]	@ 0x34
 8001850:	2202      	movs	r2, #2
 8001852:	4013      	ands	r3, r2
 8001854:	d1f1      	bne.n	800183a <HAL_RCC_OscConfig+0x4ba>
 8001856:	9b01      	ldr	r3, [sp, #4]
 8001858:	6a1b      	ldr	r3, [r3, #32]
 800185a:	2b00      	cmp	r3, #0
 800185c:	d100      	bne.n	8001860 <HAL_RCC_OscConfig+0x4e0>
 800185e:	e074      	b.n	800194a <HAL_RCC_OscConfig+0x5ca>
 8001860:	4b3c      	ldr	r3, [pc, #240]	@ (8001954 <HAL_RCC_OscConfig+0x5d4>)
 8001862:	685b      	ldr	r3, [r3, #4]
 8001864:	220c      	movs	r2, #12
 8001866:	4013      	ands	r3, r2
 8001868:	2b08      	cmp	r3, #8
 800186a:	d100      	bne.n	800186e <HAL_RCC_OscConfig+0x4ee>
 800186c:	e06b      	b.n	8001946 <HAL_RCC_OscConfig+0x5c6>
 800186e:	9b01      	ldr	r3, [sp, #4]
 8001870:	6a1b      	ldr	r3, [r3, #32]
 8001872:	2b02      	cmp	r3, #2
 8001874:	d14c      	bne.n	8001910 <HAL_RCC_OscConfig+0x590>
 8001876:	4b37      	ldr	r3, [pc, #220]	@ (8001954 <HAL_RCC_OscConfig+0x5d4>)
 8001878:	681a      	ldr	r2, [r3, #0]
 800187a:	4b36      	ldr	r3, [pc, #216]	@ (8001954 <HAL_RCC_OscConfig+0x5d4>)
 800187c:	4938      	ldr	r1, [pc, #224]	@ (8001960 <HAL_RCC_OscConfig+0x5e0>)
 800187e:	400a      	ands	r2, r1
 8001880:	601a      	str	r2, [r3, #0]
 8001882:	f7ff fd6b 	bl	800135c <HAL_GetTick>
 8001886:	0003      	movs	r3, r0
 8001888:	9304      	str	r3, [sp, #16]
 800188a:	e008      	b.n	800189e <HAL_RCC_OscConfig+0x51e>
 800188c:	f7ff fd66 	bl	800135c <HAL_GetTick>
 8001890:	0002      	movs	r2, r0
 8001892:	9b04      	ldr	r3, [sp, #16]
 8001894:	1ad3      	subs	r3, r2, r3
 8001896:	2b02      	cmp	r3, #2
 8001898:	d901      	bls.n	800189e <HAL_RCC_OscConfig+0x51e>
 800189a:	2303      	movs	r3, #3
 800189c:	e056      	b.n	800194c <HAL_RCC_OscConfig+0x5cc>
 800189e:	4b2d      	ldr	r3, [pc, #180]	@ (8001954 <HAL_RCC_OscConfig+0x5d4>)
 80018a0:	681a      	ldr	r2, [r3, #0]
 80018a2:	2380      	movs	r3, #128	@ 0x80
 80018a4:	049b      	lsls	r3, r3, #18
 80018a6:	4013      	ands	r3, r2
 80018a8:	d1f0      	bne.n	800188c <HAL_RCC_OscConfig+0x50c>
 80018aa:	4b2a      	ldr	r3, [pc, #168]	@ (8001954 <HAL_RCC_OscConfig+0x5d4>)
 80018ac:	6adb      	ldr	r3, [r3, #44]	@ 0x2c
 80018ae:	220f      	movs	r2, #15
 80018b0:	4393      	bics	r3, r2
 80018b2:	0019      	movs	r1, r3
 80018b4:	9b01      	ldr	r3, [sp, #4]
 80018b6:	6ada      	ldr	r2, [r3, #44]	@ 0x2c
 80018b8:	4b26      	ldr	r3, [pc, #152]	@ (8001954 <HAL_RCC_OscConfig+0x5d4>)
 80018ba:	430a      	orrs	r2, r1
 80018bc:	62da      	str	r2, [r3, #44]	@ 0x2c
 80018be:	4b25      	ldr	r3, [pc, #148]	@ (8001954 <HAL_RCC_OscConfig+0x5d4>)
 80018c0:	685b      	ldr	r3, [r3, #4]
 80018c2:	4a28      	ldr	r2, [pc, #160]	@ (8001964 <HAL_RCC_OscConfig+0x5e4>)
 80018c4:	4013      	ands	r3, r2
 80018c6:	0019      	movs	r1, r3
 80018c8:	9b01      	ldr	r3, [sp, #4]
 80018ca:	6a9a      	ldr	r2, [r3, #40]	@ 0x28
 80018cc:	9b01      	ldr	r3, [sp, #4]
 80018ce:	6a5b      	ldr	r3, [r3, #36]	@ 0x24
 80018d0:	431a      	orrs	r2, r3
 80018d2:	4b20      	ldr	r3, [pc, #128]	@ (8001954 <HAL_RCC_OscConfig+0x5d4>)
 80018d4:	430a      	orrs	r2, r1
 80018d6:	605a      	str	r2, [r3, #4]
 80018d8:	4b1e      	ldr	r3, [pc, #120]	@ (8001954 <HAL_RCC_OscConfig+0x5d4>)
 80018da:	681a      	ldr	r2, [r3, #0]
 80018dc:	4b1d      	ldr	r3, [pc, #116]	@ (8001954 <HAL_RCC_OscConfig+0x5d4>)
 80018de:	2180      	movs	r1, #128	@ 0x80
 80018e0:	0449      	lsls	r1, r1, #17
 80018e2:	430a      	orrs	r2, r1
 80018e4:	601a      	str	r2, [r3, #0]
 80018e6:	f7ff fd39 	bl	800135c <HAL_GetTick>
 80018ea:	0003      	movs	r3, r0
 80018ec:	9304      	str	r3, [sp, #16]
 80018ee:	e008      	b.n	8001902 <HAL_RCC_OscConfig+0x582>
 80018f0:	f7ff fd34 	bl	800135c <HAL_GetTick>
 80018f4:	0002      	movs	r2, r0
 80018f6:	9b04      	ldr	r3, [sp, #16]
 80018f8:	1ad3      	subs	r3, r2, r3
 80018fa:	2b02      	cmp	r3, #2
 80018fc:	d901      	bls.n	8001902 <HAL_RCC_OscConfig+0x582>
 80018fe:	2303      	movs	r3, #3
 8001900:	e024      	b.n	800194c <HAL_RCC_OscConfig+0x5cc>
 8001902:	4b14      	ldr	r3, [pc, #80]	@ (8001954 <HAL_RCC_OscConfig+0x5d4>)
 8001904:	681a      	ldr	r2, [r3, #0]
 8001906:	2380      	movs	r3, #128	@ 0x80
 8001908:	049b      	lsls	r3, r3, #18
 800190a:	4013      	ands	r3, r2
 800190c:	d0f0      	beq.n	80018f0 <HAL_RCC_OscConfig+0x570>
 800190e:	e01c      	b.n	800194a <HAL_RCC_OscConfig+0x5ca>
 8001910:	4b10      	ldr	r3, [pc, #64]	@ (8001954 <HAL_RCC_OscConfig+0x5d4>)
 8001912:	681a      	ldr	r2, [r3, #0]
 8001914:	4b0f      	ldr	r3, [pc, #60]	@ (8001954 <HAL_RCC_OscConfig+0x5d4>)
 8001916:	4912      	ldr	r1, [pc, #72]	@ (8001960 <HAL_RCC_OscConfig+0x5e0>)
 8001918:	400a      	ands	r2, r1
 800191a:	601a      	str	r2, [r3, #0]
 800191c:	f7ff fd1e 	bl	800135c <HAL_GetTick>
 8001920:	0003      	movs	r3, r0
 8001922:	9304      	str	r3, [sp, #16]
 8001924:	e008      	b.n	8001938 <HAL_RCC_OscConfig+0x5b8>
 8001926:	f7ff fd19 	bl	800135c <HAL_GetTick>
 800192a:	0002      	movs	r2, r0
 800192c:	9b04      	ldr	r3, [sp, #16]
 800192e:	1ad3      	subs	r3, r2, r3
 8001930:	2b02      	cmp	r3, #2
 8001932:	d901      	bls.n	8001938 <HAL_RCC_OscConfig+0x5b8>
 8001934:	2303      	movs	r3, #3
 8001936:	e009      	b.n	800194c <HAL_RCC_OscConfig+0x5cc>
 8001938:	4b06      	ldr	r3, [pc, #24]	@ (8001954 <HAL_RCC_OscConfig+0x5d4>)
 800193a:	681a      	ldr	r2, [r3, #0]
 800193c:	2380      	movs	r3, #128	@ 0x80
 800193e:	049b      	lsls	r3, r3, #18
 8001940:	4013      	ands	r3, r2
 8001942:	d1f0      	bne.n	8001926 <HAL_RCC_OscConfig+0x5a6>
 8001944:	e001      	b.n	800194a <HAL_RCC_OscConfig+0x5ca>
 8001946:	2301      	movs	r3, #1
 8001948:	e000      	b.n	800194c <HAL_RCC_OscConfig+0x5cc>
 800194a:	2300      	movs	r3, #0
 800194c:	0018      	movs	r0, r3
 800194e:	b007      	add	sp, #28
 8001950:	bd00      	pop	{pc}
 8001952:	46c0      	nop			@ (mov r8, r8)
 8001954:	40021000 	.word	0x40021000
 8001958:	00001388 	.word	0x00001388
 800195c:	efffffff 	.word	0xefffffff
 8001960:	feffffff 	.word	0xfeffffff
 8001964:	ffc2ffff 	.word	0xffc2ffff

08001968 <HAL_RCC_ClockConfig>:
 8001968:	b500      	push	{lr}
 800196a:	b085      	sub	sp, #20
 800196c:	9001      	str	r0, [sp, #4]
 800196e:	9100      	str	r1, [sp, #0]
 8001970:	2300      	movs	r3, #0
 8001972:	9303      	str	r3, [sp, #12]
 8001974:	4b62      	ldr	r3, [pc, #392]	@ (8001b00 <HAL_RCC_ClockConfig+0x198>)
 8001976:	681b      	ldr	r3, [r3, #0]
 8001978:	2201      	movs	r2, #1
 800197a:	4013      	ands	r3, r2
 800197c:	9a00      	ldr	r2, [sp, #0]
 800197e:	429a      	cmp	r2, r3
 8001980:	d911      	bls.n	80019a6 <HAL_RCC_ClockConfig+0x3e>
 8001982:	4b5f      	ldr	r3, [pc, #380]	@ (8001b00 <HAL_RCC_ClockConfig+0x198>)
 8001984:	681b      	ldr	r3, [r3, #0]
 8001986:	2201      	movs	r2, #1
 8001988:	4393      	bics	r3, r2
 800198a:	0019      	movs	r1, r3
 800198c:	4b5c      	ldr	r3, [pc, #368]	@ (8001b00 <HAL_RCC_ClockConfig+0x198>)
 800198e:	9a00      	ldr	r2, [sp, #0]
 8001990:	430a      	orrs	r2, r1
 8001992:	601a      	str	r2, [r3, #0]
 8001994:	4b5a      	ldr	r3, [pc, #360]	@ (8001b00 <HAL_RCC_ClockConfig+0x198>)
 8001996:	681b      	ldr	r3, [r3, #0]
 8001998:	2201      	movs	r2, #1
 800199a:	4013      	ands	r3, r2
 800199c:	9a00      	ldr	r2, [sp, #0]
 800199e:	429a      	cmp	r2, r3
 80019a0:	d001      	beq.n	80019a6 <HAL_RCC_ClockConfig+0x3e>
 80019a2:	2301      	movs	r3, #1
 80019a4:	e0a9      	b.n	8001afa <HAL_RCC_ClockConfig+0x192>
 80019a6:	9b01      	ldr	r3, [sp, #4]
 80019a8:	681b      	ldr	r3, [r3, #0]
 80019aa:	2202      	movs	r2, #2
 80019ac:	4013      	ands	r3, r2
 80019ae:	d009      	beq.n	80019c4 <HAL_RCC_ClockConfig+0x5c>
 80019b0:	4b54      	ldr	r3, [pc, #336]	@ (8001b04 <HAL_RCC_ClockConfig+0x19c>)
 80019b2:	685b      	ldr	r3, [r3, #4]
 80019b4:	22f0      	movs	r2, #240	@ 0xf0
 80019b6:	4393      	bics	r3, r2
 80019b8:	0019      	movs	r1, r3
 80019ba:	9b01      	ldr	r3, [sp, #4]
 80019bc:	689a      	ldr	r2, [r3, #8]
 80019be:	4b51      	ldr	r3, [pc, #324]	@ (8001b04 <HAL_RCC_ClockConfig+0x19c>)
 80019c0:	430a      	orrs	r2, r1
 80019c2:	605a      	str	r2, [r3, #4]
 80019c4:	9b01      	ldr	r3, [sp, #4]
 80019c6:	681b      	ldr	r3, [r3, #0]
 80019c8:	2201      	movs	r2, #1
 80019ca:	4013      	ands	r3, r2
 80019cc:	d100      	bne.n	80019d0 <HAL_RCC_ClockConfig+0x68>
 80019ce:	e067      	b.n	8001aa0 <HAL_RCC_ClockConfig+0x138>
 80019d0:	9b01      	ldr	r3, [sp, #4]
 80019d2:	685b      	ldr	r3, [r3, #4]
 80019d4:	2b01      	cmp	r3, #1
 80019d6:	d107      	bne.n	80019e8 <HAL_RCC_ClockConfig+0x80>
 80019d8:	4b4a      	ldr	r3, [pc, #296]	@ (8001b04 <HAL_RCC_ClockConfig+0x19c>)
 80019da:	681a      	ldr	r2, [r3, #0]
 80019dc:	2380      	movs	r3, #128	@ 0x80
 80019de:	029b      	lsls	r3, r3, #10
 80019e0:	4013      	ands	r3, r2
 80019e2:	d114      	bne.n	8001a0e <HAL_RCC_ClockConfig+0xa6>
 80019e4:	2301      	movs	r3, #1
 80019e6:	e088      	b.n	8001afa <HAL_RCC_ClockConfig+0x192>
 80019e8:	9b01      	ldr	r3, [sp, #4]
 80019ea:	685b      	ldr	r3, [r3, #4]
 80019ec:	2b02      	cmp	r3, #2
 80019ee:	d107      	bne.n	8001a00 <HAL_RCC_ClockConfig+0x98>
 80019f0:	4b44      	ldr	r3, [pc, #272]	@ (8001b04 <HAL_RCC_ClockConfig+0x19c>)
 80019f2:	681a      	ldr	r2, [r3, #0]
 80019f4:	2380      	movs	r3, #128	@ 0x80
 80019f6:	049b      	lsls	r3, r3, #18
 80019f8:	4013      	ands	r3, r2
 80019fa:	d108      	bne.n	8001a0e <HAL_RCC_ClockConfig+0xa6>
 80019fc:	2301      	movs	r3, #1
 80019fe:	e07c      	b.n	8001afa <HAL_RCC_ClockConfig+0x192>
 8001a00:	4b40      	ldr	r3, [pc, #256]	@ (8001b04 <HAL_RCC_ClockConfig+0x19c>)
 8001a02:	681b      	ldr	r3, [r3, #0]
 8001a04:	2202      	movs	r2, #2
 8001a06:	4013      	ands	r3, r2
 8001a08:	d101      	bne.n	8001a0e <HAL_RCC_ClockConfig+0xa6>
 8001a0a:	2301      	movs	r3, #1
 8001a0c:	e075      	b.n	8001afa <HAL_RCC_ClockConfig+0x192>
 8001a0e:	4b3d      	ldr	r3, [pc, #244]	@ (8001b04 <HAL_RCC_ClockConfig+0x19c>)
 8001a10:	685b      	ldr	r3, [r3, #4]
 8001a12:	2203      	movs	r2, #3
 8001a14:	4393      	bics	r3, r2
 8001a16:	0019      	movs	r1, r3
 8001a18:	9b01      	ldr	r3, [sp, #4]
 8001a1a:	685a      	ldr	r2, [r3, #4]
 8001a1c:	4b39      	ldr	r3, [pc, #228]	@ (8001b04 <HAL_RCC_ClockConfig+0x19c>)
 8001a1e:	430a      	orrs	r2, r1
 8001a20:	605a      	str	r2, [r3, #4]
 8001a22:	f7ff fc9b 	bl	800135c <HAL_GetTick>
 8001a26:	0003      	movs	r3, r0
 8001a28:	9303      	str	r3, [sp, #12]
 8001a2a:	9b01      	ldr	r3, [sp, #4]
 8001a2c:	685b      	ldr	r3, [r3, #4]
 8001a2e:	2b01      	cmp	r3, #1
 8001a30:	d111      	bne.n	8001a56 <HAL_RCC_ClockConfig+0xee>
 8001a32:	e009      	b.n	8001a48 <HAL_RCC_ClockConfig+0xe0>
 8001a34:	f7ff fc92 	bl	800135c <HAL_GetTick>
 8001a38:	0002      	movs	r2, r0
 8001a3a:	9b03      	ldr	r3, [sp, #12]
 8001a3c:	1ad3      	subs	r3, r2, r3
 8001a3e:	4a32      	ldr	r2, [pc, #200]	@ (8001b08 <HAL_RCC_ClockConfig+0x1a0>)
 8001a40:	4293      	cmp	r3, r2
 8001a42:	d901      	bls.n	8001a48 <HAL_RCC_ClockConfig+0xe0>
 8001a44:	2303      	movs	r3, #3
 8001a46:	e058      	b.n	8001afa <HAL_RCC_ClockConfig+0x192>
 8001a48:	4b2e      	ldr	r3, [pc, #184]	@ (8001b04 <HAL_RCC_ClockConfig+0x19c>)
 8001a4a:	685b      	ldr	r3, [r3, #4]
 8001a4c:	220c      	movs	r2, #12
 8001a4e:	4013      	ands	r3, r2
 8001a50:	2b04      	cmp	r3, #4
 8001a52:	d1ef      	bne.n	8001a34 <HAL_RCC_ClockConfig+0xcc>
 8001a54:	e024      	b.n	8001aa0 <HAL_RCC_ClockConfig+0x138>
 8001a56:	9b01      	ldr	r3, [sp, #4]
 8001a58:	685b      	ldr	r3, [r3, #4]
 8001a5a:	2b02      	cmp	r3, #2
 8001a5c:	d11b      	bne.n	8001a96 <HAL_RCC_ClockConfig+0x12e>
 8001a5e:	e009      	b.n	8001a74 <HAL_RCC_ClockConfig+0x10c>
 8001a60:	f7ff fc7c 	bl	800135c <HAL_GetTick>
 8001a64:	0002      	movs	r2, r0
 8001a66:	9b03      	ldr	r3, [sp, #12]
 8001a68:	1ad3      	subs	r3, r2, r3
 8001a6a:	4a27      	ldr	r2, [pc, #156]	@ (8001b08 <HAL_RCC_ClockConfig+0x1a0>)
 8001a6c:	4293      	cmp	r3, r2
 8001a6e:	d901      	bls.n	8001a74 <HAL_RCC_ClockConfig+0x10c>
 8001a70:	2303      	movs	r3, #3
 8001a72:	e042      	b.n	8001afa <HAL_RCC_ClockConfig+0x192>
 8001a74:	4b23      	ldr	r3, [pc, #140]	@ (8001b04 <HAL_RCC_ClockConfig+0x19c>)
 8001a76:	685b      	ldr	r3, [r3, #4]
 8001a78:	220c      	movs	r2, #12
 8001a7a:	4013      	ands	r3, r2
 8001a7c:	2b08      	cmp	r3, #8
 8001a7e:	d1ef      	bne.n	8001a60 <HAL_RCC_ClockConfig+0xf8>
 8001a80:	e00e      	b.n	8001aa0 <HAL_RCC_ClockConfig+0x138>
 8001a82:	f7ff fc6b 	bl	800135c <HAL_GetTick>
 8001a86:	0002      	movs	r2, r0
 8001a88:	9b03      	ldr	r3, [sp, #12]
 8001a8a:	1ad3      	subs	r3, r2, r3
 8001a8c:	4a1e      	ldr	r2, [pc, #120]	@ (8001b08 <HAL_RCC_ClockConfig+0x1a0>)
 8001a8e:	4293      	cmp	r3, r2
 8001a90:	d901      	bls.n	8001a96 <HAL_RCC_ClockConfig+0x12e>
 8001a92:	2303      	movs	r3, #3
 8001a94:	e031      	b.n	8001afa <HAL_RCC_ClockConfig+0x192>
 8001a96:	4b1b      	ldr	r3, [pc, #108]	@ (8001b04 <HAL_RCC_ClockConfig+0x19c>)
 8001a98:	685b      	ldr	r3, [r3, #4]
 8001a9a:	220c      	movs	r2, #12
 8001a9c:	4013      	ands	r3, r2
 8001a9e:	d1f0      	bne.n	8001a82 <HAL_RCC_ClockConfig+0x11a>
 8001aa0:	4b17      	ldr	r3, [pc, #92]	@ (8001b00 <HAL_RCC_ClockConfig+0x198>)
 8001aa2:	681b      	ldr	r3, [r3, #0]
 8001aa4:	2201      	movs	r2, #1
 8001aa6:	4013      	ands	r3, r2
 8001aa8:	9a00      	ldr	r2, [sp, #0]
 8001aaa:	429a      	cmp	r2, r3
 8001aac:	d211      	bcs.n	8001ad2 <HAL_RCC_ClockConfig+0x16a>
 8001aae:	4b14      	ldr	r3, [pc, #80]	@ (8001b00 <HAL_RCC_ClockConfig+0x198>)
 8001ab0:	681b      	ldr	r3, [r3, #0]
 8001ab2:	2201      	movs	r2, #1
 8001ab4:	4393      	bics	r3, r2
 8001ab6:	0019      	movs	r1, r3
 8001ab8:	4b11      	ldr	r3, [pc, #68]	@ (8001b00 <HAL_RCC_ClockConfig+0x198>)
 8001aba:	9a00      	ldr	r2, [sp, #0]
 8001abc:	430a      	orrs	r2, r1
 8001abe:	601a      	str	r2, [r3, #0]
 8001ac0:	4b0f      	ldr	r3, [pc, #60]	@ (8001b00 <HAL_RCC_ClockConfig+0x198>)
 8001ac2:	681b      	ldr	r3, [r3, #0]
 8001ac4:	2201      	movs	r2, #1
 8001ac6:	4013      	ands	r3, r2
 8001ac8:	9a00      	ldr	r2, [sp, #0]
 8001aca:	429a      	cmp	r2, r3
 8001acc:	d001      	beq.n	8001ad2 <HAL_RCC_ClockConfig+0x16a>
 8001ace:	2301      	movs	r3, #1
 8001ad0:	e013      	b.n	8001afa <HAL_RCC_ClockConfig+0x192>
 8001ad2:	9b01      	ldr	r3, [sp, #4]
 8001ad4:	681b      	ldr	r3, [r3, #0]
 8001ad6:	2204      	movs	r2, #4
 8001ad8:	4013      	ands	r3, r2
 8001ada:	d009      	beq.n	8001af0 <HAL_RCC_ClockConfig+0x188>
 8001adc:	4b09      	ldr	r3, [pc, #36]	@ (8001b04 <HAL_RCC_ClockConfig+0x19c>)
 8001ade:	685b      	ldr	r3, [r3, #4]
 8001ae0:	4a0a      	ldr	r2, [pc, #40]	@ (8001b0c <HAL_RCC_ClockConfig+0x1a4>)
 8001ae2:	4013      	ands	r3, r2
 8001ae4:	0019      	movs	r1, r3
 8001ae6:	9b01      	ldr	r3, [sp, #4]
 8001ae8:	68da      	ldr	r2, [r3, #12]
 8001aea:	4b06      	ldr	r3, [pc, #24]	@ (8001b04 <HAL_RCC_ClockConfig+0x19c>)
 8001aec:	430a      	orrs	r2, r1
 8001aee:	605a      	str	r2, [r3, #4]
 8001af0:	4b07      	ldr	r3, [pc, #28]	@ (8001b10 <HAL_RCC_ClockConfig+0x1a8>)
 8001af2:	22e1      	movs	r2, #225	@ 0xe1
 8001af4:	03d2      	lsls	r2, r2, #15
 8001af6:	601a      	str	r2, [r3, #0]
 8001af8:	2300      	movs	r3, #0
 8001afa:	0018      	movs	r0, r3
 8001afc:	b005      	add	sp, #20
 8001afe:	bd00      	pop	{pc}
 8001b00:	40022000 	.word	0x40022000
 8001b04:	40021000 	.word	0x40021000
 8001b08:	00001388 	.word	0x00001388
 8001b0c:	fffff8ff 	.word	0xfffff8ff
 8001b10:	20000010 	.word	0x20000010

08001b14 <HAL_GPIO_Init>:
 8001b14:	b500      	push	{lr}
 8001b16:	b087      	sub	sp, #28
 8001b18:	9001      	str	r0, [sp, #4]
 8001b1a:	9100      	str	r1, [sp, #0]
 8001b1c:	2300      	movs	r3, #0
 8001b1e:	9305      	str	r3, [sp, #20]
 8001b20:	2300      	movs	r3, #0
 8001b22:	9303      	str	r3, [sp, #12]
 8001b24:	2300      	movs	r3, #0
 8001b26:	9304      	str	r3, [sp, #16]
 8001b28:	e14f      	b.n	8001dca <HAL_GPIO_Init+0x2b6>
 8001b2a:	9b00      	ldr	r3, [sp, #0]
 8001b2c:	681b      	ldr	r3, [r3, #0]
 8001b2e:	2101      	movs	r1, #1
 8001b30:	9a05      	ldr	r2, [sp, #20]
 8001b32:	4091      	lsls	r1, r2
 8001b34:	000a      	movs	r2, r1
 8001b36:	4013      	ands	r3, r2
 8001b38:	9303      	str	r3, [sp, #12]
 8001b3a:	9b03      	ldr	r3, [sp, #12]
 8001b3c:	2b00      	cmp	r3, #0
 8001b3e:	d100      	bne.n	8001b42 <HAL_GPIO_Init+0x2e>
 8001b40:	e140      	b.n	8001dc4 <HAL_GPIO_Init+0x2b0>
 8001b42:	9b00      	ldr	r3, [sp, #0]
 8001b44:	685b      	ldr	r3, [r3, #4]
 8001b46:	2b02      	cmp	r3, #2
 8001b48:	d003      	beq.n	8001b52 <HAL_GPIO_Init+0x3e>
 8001b4a:	9b00      	ldr	r3, [sp, #0]
 8001b4c:	685b      	ldr	r3, [r3, #4]
 8001b4e:	2b12      	cmp	r3, #18
 8001b50:	d123      	bne.n	8001b9a <HAL_GPIO_Init+0x86>
 8001b52:	9b05      	ldr	r3, [sp, #20]
 8001b54:	08da      	lsrs	r2, r3, #3
 8001b56:	9b01      	ldr	r3, [sp, #4]
 8001b58:	3208      	adds	r2, #8
 8001b5a:	0092      	lsls	r2, r2, #2
 8001b5c:	58d3      	ldr	r3, [r2, r3]
 8001b5e:	9304      	str	r3, [sp, #16]
 8001b60:	9b05      	ldr	r3, [sp, #20]
 8001b62:	2207      	movs	r2, #7
 8001b64:	4013      	ands	r3, r2
 8001b66:	009b      	lsls	r3, r3, #2
 8001b68:	220f      	movs	r2, #15
 8001b6a:	409a      	lsls	r2, r3
 8001b6c:	0013      	movs	r3, r2
 8001b6e:	43da      	mvns	r2, r3
 8001b70:	9b04      	ldr	r3, [sp, #16]
 8001b72:	4013      	ands	r3, r2
 8001b74:	9304      	str	r3, [sp, #16]
 8001b76:	9b00      	ldr	r3, [sp, #0]
 8001b78:	691a      	ldr	r2, [r3, #16]
 8001b7a:	9b05      	ldr	r3, [sp, #20]
 8001b7c:	2107      	movs	r1, #7
 8001b7e:	400b      	ands	r3, r1
 8001b80:	009b      	lsls	r3, r3, #2
 8001b82:	409a      	lsls	r2, r3
 8001b84:	0013      	movs	r3, r2
 8001b86:	9a04      	ldr	r2, [sp, #16]
 8001b88:	4313      	orrs	r3, r2
 8001b8a:	9304      	str	r3, [sp, #16]
 8001b8c:	9b05      	ldr	r3, [sp, #20]
 8001b8e:	08da      	lsrs	r2, r3, #3
 8001b90:	9b01      	ldr	r3, [sp, #4]
 8001b92:	3208      	adds	r2, #8
 8001b94:	0092      	lsls	r2, r2, #2
 8001b96:	9904      	ldr	r1, [sp, #16]
 8001b98:	50d1      	str	r1, [r2, r3]
 8001b9a:	9b01      	ldr	r3, [sp, #4]
 8001b9c:	681b      	ldr	r3, [r3, #0]
 8001b9e:	9304      	str	r3, [sp, #16]
 8001ba0:	9b05      	ldr	r3, [sp, #20]
 8001ba2:	005b      	lsls	r3, r3, #1
 8001ba4:	2203      	movs	r2, #3
 8001ba6:	409a      	lsls	r2, r3
 8001ba8:	0013      	movs	r3, r2
 8001baa:	43da      	mvns	r2, r3
 8001bac:	9b04      	ldr	r3, [sp, #16]
 8001bae:	4013      	ands	r3, r2
 8001bb0:	9304      	str	r3, [sp, #16]
 8001bb2:	9b00      	ldr	r3, [sp, #0]
 8001bb4:	685b      	ldr	r3, [r3, #4]
 8001bb6:	2203      	movs	r2, #3
 8001bb8:	401a      	ands	r2, r3
 8001bba:	9b05      	ldr	r3, [sp, #20]
 8001bbc:	005b      	lsls	r3, r3, #1
 8001bbe:	409a      	lsls	r2, r3
 8001bc0:	0013      	movs	r3, r2
 8001bc2:	9a04      	ldr	r2, [sp, #16]
 8001bc4:	4313      	orrs	r3, r2
 8001bc6:	9304      	str	r3, [sp, #16]
 8001bc8:	9b01      	ldr	r3, [sp, #4]
 8001bca:	9a04      	ldr	r2, [sp, #16]
 8001bcc:	601a      	str	r2, [r3, #0]
 8001bce:	9b00      	ldr	r3, [sp, #0]
 8001bd0:	685b      	ldr	r3, [r3, #4]
 8001bd2:	2b01      	cmp	r3, #1
 8001bd4:	d00b      	beq.n	8001bee <HAL_GPIO_Init+0xda>
 8001bd6:	9b00      	ldr	r3, [sp, #0]
 8001bd8:	685b      	ldr	r3, [r3, #4]
 8001bda:	2b02      	cmp	r3, #2
 8001bdc:	d007      	beq.n	8001bee <HAL_GPIO_Init+0xda>
 8001bde:	9b00      	ldr	r3, [sp, #0]
 8001be0:	685b      	ldr	r3, [r3, #4]
 8001be2:	2b11      	cmp	r3, #17
 8001be4:	d003      	beq.n	8001bee <HAL_GPIO_Init+0xda>
 8001be6:	9b00      	ldr	r3, [sp, #0]
 8001be8:	685b      	ldr	r3, [r3, #4]
 8001bea:	2b12      	cmp	r3, #18
 8001bec:	d130      	bne.n	8001c50 <HAL_GPIO_Init+0x13c>
 8001bee:	9b01      	ldr	r3, [sp, #4]
 8001bf0:	689b      	ldr	r3, [r3, #8]
 8001bf2:	9304      	str	r3, [sp, #16]
 8001bf4:	9b05      	ldr	r3, [sp, #20]
 8001bf6:	005b      	lsls	r3, r3, #1
 8001bf8:	2203      	movs	r2, #3
 8001bfa:	409a      	lsls	r2, r3
 8001bfc:	0013      	movs	r3, r2
 8001bfe:	43da      	mvns	r2, r3
 8001c00:	9b04      	ldr	r3, [sp, #16]
 8001c02:	4013      	ands	r3, r2
 8001c04:	9304      	str	r3, [sp, #16]
 8001c06:	9b00      	ldr	r3, [sp, #0]
 8001c08:	68da      	ldr	r2, [r3, #12]
 8001c0a:	9b05      	ldr	r3, [sp, #20]
 8001c0c:	005b      	lsls	r3, r3, #1
 8001c0e:	409a      	lsls	r2, r3
 8001c10:	0013      	movs	r3, r2
 8001c12:	9a04      	ldr	r2, [sp, #16]
 8001c14:	4313      	orrs	r3, r2
 8001c16:	9304      	str	r3, [sp, #16]
 8001c18:	9b01      	ldr	r3, [sp, #4]
 8001c1a:	9a04      	ldr	r2, [sp, #16]
 8001c1c:	609a      	str	r2, [r3, #8]
 8001c1e:	9b01      	ldr	r3, [sp, #4]
 8001c20:	685b      	ldr	r3, [r3, #4]
 8001c22:	9304      	str	r3, [sp, #16]
 8001c24:	2201      	movs	r2, #1
 8001c26:	9b05      	ldr	r3, [sp, #20]
 8001c28:	409a      	lsls	r2, r3
 8001c2a:	0013      	movs	r3, r2
 8001c2c:	43da      	mvns	r2, r3
 8001c2e:	9b04      	ldr	r3, [sp, #16]
 8001c30:	4013      	ands	r3, r2
 8001c32:	9304      	str	r3, [sp, #16]
 8001c34:	9b00      	ldr	r3, [sp, #0]
 8001c36:	685b      	ldr	r3, [r3, #4]
 8001c38:	091b      	lsrs	r3, r3, #4
 8001c3a:	2201      	movs	r2, #1
 8001c3c:	401a      	ands	r2, r3
 8001c3e:	9b05      	ldr	r3, [sp, #20]
 8001c40:	409a      	lsls	r2, r3
 8001c42:	0013      	movs	r3, r2
 8001c44:	9a04      	ldr	r2, [sp, #16]
 8001c46:	4313      	orrs	r3, r2
 8001c48:	9304      	str	r3, [sp, #16]
 8001c4a:	9b01      	ldr	r3, [sp, #4]
 8001c4c:	9a04      	ldr	r2, [sp, #16]
 8001c4e:	605a      	str	r2, [r3, #4]
 8001c50:	9b01      	ldr	r3, [sp, #4]
 8001c52:	68db      	ldr	r3, [r3, #12]
 8001c54:	9304      	str	r3, [sp, #16]
 8001c56:	9b05      	ldr	r3, [sp, #20]
 8001c58:	005b      	lsls	r3, r3, #1
 8001c5a:	2203      	movs	r2, #3
 8001c5c:	409a      	lsls	r2, r3
 8001c5e:	0013      	movs	r3, r2
 8001c60:	43da      	mvns	r2, r3
 8001c62:	9b04      	ldr	r3, [sp, #16]
 8001c64:	4013      	ands	r3, r2
 8001c66:	9304      	str	r3, [sp, #16]
 8001c68:	9b00      	ldr	r3, [sp, #0]
 8001c6a:	689a      	ldr	r2, [r3, #8]
 8001c6c:	9b05      	ldr	r3, [sp, #20]
 8001c6e:	005b      	lsls	r3, r3, #1
 8001c70:	409a      	lsls	r2, r3
 8001c72:	0013      	movs	r3, r2
 8001c74:	9a04      	ldr	r2, [sp, #16]
 8001c76:	4313      	orrs	r3, r2
 8001c78:	9304      	str	r3, [sp, #16]
 8001c7a:	9b01      	ldr	r3, [sp, #4]
 8001c7c:	9a04      	ldr	r2, [sp, #16]
 8001c7e:	60da      	str	r2, [r3, #12]
 8001c80:	9b00      	ldr	r3, [sp, #0]
 8001c82:	685a      	ldr	r2, [r3, #4]
 8001c84:	2380      	movs	r3, #128	@ 0x80
 8001c86:	055b      	lsls	r3, r3, #21
 8001c88:	4013      	ands	r3, r2
 8001c8a:	d100      	bne.n	8001c8e <HAL_GPIO_Init+0x17a>
 8001c8c:	e09a      	b.n	8001dc4 <HAL_GPIO_Init+0x2b0>
 8001c8e:	4b54      	ldr	r3, [pc, #336]	@ (8001de0 <HAL_GPIO_Init+0x2cc>)
 8001c90:	699a      	ldr	r2, [r3, #24]
 8001c92:	4b53      	ldr	r3, [pc, #332]	@ (8001de0 <HAL_GPIO_Init+0x2cc>)
 8001c94:	2101      	movs	r1, #1
 8001c96:	430a      	orrs	r2, r1
 8001c98:	619a      	str	r2, [r3, #24]
 8001c9a:	4b51      	ldr	r3, [pc, #324]	@ (8001de0 <HAL_GPIO_Init+0x2cc>)
 8001c9c:	699b      	ldr	r3, [r3, #24]
 8001c9e:	2201      	movs	r2, #1
 8001ca0:	4013      	ands	r3, r2
 8001ca2:	9302      	str	r3, [sp, #8]
 8001ca4:	9b02      	ldr	r3, [sp, #8]
 8001ca6:	4a4f      	ldr	r2, [pc, #316]	@ (8001de4 <HAL_GPIO_Init+0x2d0>)
 8001ca8:	9b05      	ldr	r3, [sp, #20]
 8001caa:	089b      	lsrs	r3, r3, #2
 8001cac:	3302      	adds	r3, #2
 8001cae:	009b      	lsls	r3, r3, #2
 8001cb0:	589b      	ldr	r3, [r3, r2]
 8001cb2:	9304      	str	r3, [sp, #16]
 8001cb4:	9b05      	ldr	r3, [sp, #20]
 8001cb6:	2203      	movs	r2, #3
 8001cb8:	4013      	ands	r3, r2
 8001cba:	009b      	lsls	r3, r3, #2
 8001cbc:	220f      	movs	r2, #15
 8001cbe:	409a      	lsls	r2, r3
 8001cc0:	0013      	movs	r3, r2
 8001cc2:	43da      	mvns	r2, r3
 8001cc4:	9b04      	ldr	r3, [sp, #16]
 8001cc6:	4013      	ands	r3, r2
 8001cc8:	9304      	str	r3, [sp, #16]
 8001cca:	9a01      	ldr	r2, [sp, #4]
 8001ccc:	2390      	movs	r3, #144	@ 0x90
 8001cce:	05db      	lsls	r3, r3, #23
 8001cd0:	429a      	cmp	r2, r3
 8001cd2:	d013      	beq.n	8001cfc <HAL_GPIO_Init+0x1e8>
 8001cd4:	9b01      	ldr	r3, [sp, #4]
 8001cd6:	4a44      	ldr	r2, [pc, #272]	@ (8001de8 <HAL_GPIO_Init+0x2d4>)
 8001cd8:	4293      	cmp	r3, r2
 8001cda:	d00d      	beq.n	8001cf8 <HAL_GPIO_Init+0x1e4>
 8001cdc:	9b01      	ldr	r3, [sp, #4]
 8001cde:	4a43      	ldr	r2, [pc, #268]	@ (8001dec <HAL_GPIO_Init+0x2d8>)
 8001ce0:	4293      	cmp	r3, r2
 8001ce2:	d007      	beq.n	8001cf4 <HAL_GPIO_Init+0x1e0>
 8001ce4:	9b01      	ldr	r3, [sp, #4]
 8001ce6:	4a42      	ldr	r2, [pc, #264]	@ (8001df0 <HAL_GPIO_Init+0x2dc>)
 8001ce8:	4293      	cmp	r3, r2
 8001cea:	d101      	bne.n	8001cf0 <HAL_GPIO_Init+0x1dc>
 8001cec:	2303      	movs	r3, #3
 8001cee:	e006      	b.n	8001cfe <HAL_GPIO_Init+0x1ea>
 8001cf0:	2305      	movs	r3, #5
 8001cf2:	e004      	b.n	8001cfe <HAL_GPIO_Init+0x1ea>
 8001cf4:	2302      	movs	r3, #2
 8001cf6:	e002      	b.n	8001cfe <HAL_GPIO_Init+0x1ea>
 8001cf8:	2301      	movs	r3, #1
 8001cfa:	e000      	b.n	8001cfe <HAL_GPIO_Init+0x1ea>
 8001cfc:	2300      	movs	r3, #0
 8001cfe:	9a05      	ldr	r2, [sp, #20]
 8001d00:	2103      	movs	r1, #3
 8001d02:	400a      	ands	r2, r1
 8001d04:	0092      	lsls	r2, r2, #2
 8001d06:	4093      	lsls	r3, r2
 8001d08:	9a04      	ldr	r2, [sp, #16]
 8001d0a:	4313      	orrs	r3, r2
 8001d0c:	9304      	str	r3, [sp, #16]
 8001d0e:	4935      	ldr	r1, [pc, #212]	@ (8001de4 <HAL_GPIO_Init+0x2d0>)
 8001d10:	9b05      	ldr	r3, [sp, #20]
 8001d12:	089b      	lsrs	r3, r3, #2
 8001d14:	3302      	adds	r3, #2
 8001d16:	009b      	lsls	r3, r3, #2
 8001d18:	9a04      	ldr	r2, [sp, #16]
 8001d1a:	505a      	str	r2, [r3, r1]
 8001d1c:	4b35      	ldr	r3, [pc, #212]	@ (8001df4 <HAL_GPIO_Init+0x2e0>)
 8001d1e:	681b      	ldr	r3, [r3, #0]
 8001d20:	9304      	str	r3, [sp, #16]
 8001d22:	9b03      	ldr	r3, [sp, #12]
 8001d24:	43da      	mvns	r2, r3
 8001d26:	9b04      	ldr	r3, [sp, #16]
 8001d28:	4013      	ands	r3, r2
 8001d2a:	9304      	str	r3, [sp, #16]
 8001d2c:	9b00      	ldr	r3, [sp, #0]
 8001d2e:	685a      	ldr	r2, [r3, #4]
 8001d30:	2380      	movs	r3, #128	@ 0x80
 8001d32:	025b      	lsls	r3, r3, #9
 8001d34:	4013      	ands	r3, r2
 8001d36:	d003      	beq.n	8001d40 <HAL_GPIO_Init+0x22c>
 8001d38:	9a04      	ldr	r2, [sp, #16]
 8001d3a:	9b03      	ldr	r3, [sp, #12]
 8001d3c:	4313      	orrs	r3, r2
 8001d3e:	9304      	str	r3, [sp, #16]
 8001d40:	4b2c      	ldr	r3, [pc, #176]	@ (8001df4 <HAL_GPIO_Init+0x2e0>)
 8001d42:	9a04      	ldr	r2, [sp, #16]
 8001d44:	601a      	str	r2, [r3, #0]
 8001d46:	4b2b      	ldr	r3, [pc, #172]	@ (8001df4 <HAL_GPIO_Init+0x2e0>)
 8001d48:	685b      	ldr	r3, [r3, #4]
 8001d4a:	9304      	str	r3, [sp, #16]
 8001d4c:	9b03      	ldr	r3, [sp, #12]
 8001d4e:	43da      	mvns	r2, r3
 8001d50:	9b04      	ldr	r3, [sp, #16]
 8001d52:	4013      	ands	r3, r2
 8001d54:	9304      	str	r3, [sp, #16]
 8001d56:	9b00      	ldr	r3, [sp, #0]
 8001d58:	685a      	ldr	r2, [r3, #4]
 8001d5a:	2380      	movs	r3, #128	@ 0x80
 8001d5c:	029b      	lsls	r3, r3, #10
 8001d5e:	4013      	ands	r3, r2
 8001d60:	d003      	beq.n	8001d6a <HAL_GPIO_Init+0x256>
 8001d62:	9a04      	ldr	r2, [sp, #16]
 8001d64:	9b03      	ldr	r3, [sp, #12]
 8001d66:	4313      	orrs	r3, r2
 8001d68:	9304      	str	r3, [sp, #16]
 8001d6a:	4b22      	ldr	r3, [pc, #136]	@ (8001df4 <HAL_GPIO_Init+0x2e0>)
 8001d6c:	9a04      	ldr	r2, [sp, #16]
 8001d6e:	605a      	str	r2, [r3, #4]
 8001d70:	4b20      	ldr	r3, [pc, #128]	@ (8001df4 <HAL_GPIO_Init+0x2e0>)
 8001d72:	689b      	ldr	r3, [r3, #8]
 8001d74:	9304      	str	r3, [sp, #16]
 8001d76:	9b03      	ldr	r3, [sp, #12]
 8001d78:	43da      	mvns	r2, r3
 8001d7a:	9b04      	ldr	r3, [sp, #16]
 8001d7c:	4013      	ands	r3, r2
 8001d7e:	9304      	str	r3, [sp, #16]
 8001d80:	9b00      	ldr	r3, [sp, #0]
 8001d82:	685a      	ldr	r2, [r3, #4]
 8001d84:	2380      	movs	r3, #128	@ 0x80
 8001d86:	035b      	lsls	r3, r3, #13
 8001d88:	4013      	ands	r3, r2
 8001d8a:	d003      	beq.n	8001d94 <HAL_GPIO_Init+0x280>
 8001d8c:	9a04      	ldr	r2, [sp, #16]
 8001d8e:	9b03      	ldr	r3, [sp, #12]
 8001d90:	4313      	orrs	r3, r2
 8001d92:	9304      	str	r3, [sp, #16]
 8001d94:	4b17      	ldr	r3, [pc, #92]	@ (8001df4 <HAL_GPIO_Init+0x2e0>)
 8001d96:	9a04      	ldr	r2, [sp, #16]
 8001d98:	609a      	str	r2, [r3, #8]
 8001d9a:	4b16      	ldr	r3, [pc, #88]	@ (8001df4 <HAL_GPIO_Init+0x2e0>)
 8001d9c:	68db      	ldr	r3, [r3, #12]
 8001d9e:	9304      	str	r3, [sp, #16]
 8001da0:	9b03      	ldr	r3, [sp, #12]
 8001da2:	43da      	mvns	r2, r3
 8001da4:	9b04      	ldr	r3, [sp, #16]
 8001da6:	4013      	ands	r3, r2
 8001da8:	9304      	str	r3, [sp, #16]
 8001daa:	9b00      	ldr	r3, [sp, #0]
 8001dac:	685a      	ldr	r2, [r3, #4]
 8001dae:	2380      	movs	r3, #128	@ 0x80
 8001db0:	039b      	lsls	r3, r3, #14
 8001db2:	4013      	ands	r3, r2
 8001db4:	d003      	beq.n	8001dbe <HAL_GPIO_Init+0x2aa>
 8001db6:	9a04      	ldr	r2, [sp, #16]
 8001db8:	9b03      	ldr	r3, [sp, #12]
 8001dba:	4313      	orrs	r3, r2
 8001dbc:	9304      	str	r3, [sp, #16]
 8001dbe:	4b0d      	ldr	r3, [pc, #52]	@ (8001df4 <HAL_GPIO_Init+0x2e0>)
 8001dc0:	9a04      	ldr	r2, [sp, #16]
 8001dc2:	60da      	str	r2, [r3, #12]
 8001dc4:	9b05      	ldr	r3, [sp, #20]
 8001dc6:	3301      	adds	r3, #1
 8001dc8:	9305      	str	r3, [sp, #20]
 8001dca:	9b00      	ldr	r3, [sp, #0]
 8001dcc:	681a      	ldr	r2, [r3, #0]
 8001dce:	9b05      	ldr	r3, [sp, #20]
 8001dd0:	40da      	lsrs	r2, r3
 8001dd2:	1e13      	subs	r3, r2, #0
 8001dd4:	d000      	beq.n	8001dd8 <HAL_GPIO_Init+0x2c4>
 8001dd6:	e6a8      	b.n	8001b2a <HAL_GPIO_Init+0x16>
 8001dd8:	46c0      	nop			@ (mov r8, r8)
 8001dda:	46c0      	nop			@ (mov r8, r8)
 8001ddc:	b007      	add	sp, #28
 8001dde:	bd00      	pop	{pc}
 8001de0:	40021000 	.word	0x40021000
 8001de4:	40010000 	.word	0x40010000
 8001de8:	48000400 	.word	0x48000400
 8001dec:	48000800 	.word	0x48000800
 8001df0:	48000c00 	.word	0x48000c00
 8001df4:	40010400 	.word	0x40010400

08001df8 <HAL_GPIO_WritePin>:
 8001df8:	b082      	sub	sp, #8
 8001dfa:	9001      	str	r0, [sp, #4]
 8001dfc:	0008      	movs	r0, r1
 8001dfe:	0011      	movs	r1, r2
 8001e00:	466b      	mov	r3, sp
 8001e02:	3302      	adds	r3, #2
 8001e04:	1c02      	adds	r2, r0, #0
 8001e06:	801a      	strh	r2, [r3, #0]
 8001e08:	466b      	mov	r3, sp
 8001e0a:	3301      	adds	r3, #1
 8001e0c:	1c0a      	adds	r2, r1, #0
 8001e0e:	701a      	strb	r2, [r3, #0]
 8001e10:	466b      	mov	r3, sp
 8001e12:	3301      	adds	r3, #1
 8001e14:	781b      	ldrb	r3, [r3, #0]
 8001e16:	2b00      	cmp	r3, #0
 8001e18:	d005      	beq.n	8001e26 <HAL_GPIO_WritePin+0x2e>
 8001e1a:	466b      	mov	r3, sp
 8001e1c:	3302      	adds	r3, #2
 8001e1e:	881a      	ldrh	r2, [r3, #0]
 8001e20:	9b01      	ldr	r3, [sp, #4]
 8001e22:	619a      	str	r2, [r3, #24]
 8001e24:	e004      	b.n	8001e30 <HAL_GPIO_WritePin+0x38>
 8001e26:	466b      	mov	r3, sp
 8001e28:	3302      	adds	r3, #2
 8001e2a:	881a      	ldrh	r2, [r3, #0]
 8001e2c:	9b01      	ldr	r3, [sp, #4]
 8001e2e:	629a      	str	r2, [r3, #40]	@ 0x28
 8001e30:	46c0      	nop			@ (mov r8, r8)
 8001e32:	b002      	add	sp, #8
 8001e34:	4770      	bx	lr
 8001e36:	0000      	movs	r0, r0

08001e38 <UART_WaitOnFlagUntilTimeout>:
 8001e38:	b500      	push	{lr}
 8001e3a:	b085      	sub	sp, #20
 8001e3c:	9003      	str	r0, [sp, #12]
 8001e3e:	9102      	str	r1, [sp, #8]
 8001e40:	9300      	str	r3, [sp, #0]
 8001e42:	466b      	mov	r3, sp
 8001e44:	3307      	adds	r3, #7
 8001e46:	701a      	strb	r2, [r3, #0]
 8001e48:	e02b      	b.n	8001ea2 <UART_WaitOnFlagUntilTimeout+0x6a>
 8001e4a:	9b06      	ldr	r3, [sp, #24]
 8001e4c:	3301      	adds	r3, #1
 8001e4e:	d028      	beq.n	8001ea2 <UART_WaitOnFlagUntilTimeout+0x6a>
 8001e50:	9b06      	ldr	r3, [sp, #24]
 8001e52:	2b00      	cmp	r3, #0
 8001e54:	d007      	beq.n	8001e66 <UART_WaitOnFlagUntilTimeout+0x2e>
 8001e56:	f7ff fa81 	bl	800135c <HAL_GetTick>
 8001e5a:	0002      	movs	r2, r0
 8001e5c:	9b00      	ldr	r3, [sp, #0]
 8001e5e:	1ad3      	subs	r3, r2, r3
 8001e60:	9a06      	ldr	r2, [sp, #24]
 8001e62:	429a      	cmp	r2, r3
 8001e64:	d21d      	bcs.n	8001ea2 <UART_WaitOnFlagUntilTimeout+0x6a>
 8001e66:	9b03      	ldr	r3, [sp, #12]
 8001e68:	681b      	ldr	r3, [r3, #0]
 8001e6a:	681a      	ldr	r2, [r3, #0]
 8001e6c:	9b03      	ldr	r3, [sp, #12]
 8001e6e:	681b      	ldr	r3, [r3, #0]
 8001e70:	4916      	ldr	r1, [pc, #88]	@ (8001ecc <UART_WaitOnFlagUntilTimeout+0x94>)
 8001e72:	400a      	ands	r2, r1
 8001e74:	601a      	str	r2, [r3, #0]
 8001e76:	9b03      	ldr	r3, [sp, #12]
 8001e78:	681b      	ldr	r3, [r3, #0]
 8001e7a:	689a      	ldr	r2, [r3, #8]
 8001e7c:	9b03      	ldr	r3, [sp, #12]
 8001e7e:	681b      	ldr	r3, [r3, #0]
 8001e80:	2101      	movs	r1, #1
 8001e82:	438a      	bics	r2, r1
 8001e84:	609a      	str	r2, [r3, #8]
 8001e86:	9b03      	ldr	r3, [sp, #12]
 8001e88:	2269      	movs	r2, #105	@ 0x69
 8001e8a:	2120      	movs	r1, #32
 8001e8c:	5499      	strb	r1, [r3, r2]
 8001e8e:	9b03      	ldr	r3, [sp, #12]
 8001e90:	226a      	movs	r2, #106	@ 0x6a
 8001e92:	2120      	movs	r1, #32
 8001e94:	5499      	strb	r1, [r3, r2]
 8001e96:	9b03      	ldr	r3, [sp, #12]
 8001e98:	2268      	movs	r2, #104	@ 0x68
 8001e9a:	2100      	movs	r1, #0
 8001e9c:	5499      	strb	r1, [r3, r2]
 8001e9e:	2303      	movs	r3, #3
 8001ea0:	e010      	b.n	8001ec4 <UART_WaitOnFlagUntilTimeout+0x8c>
 8001ea2:	9b03      	ldr	r3, [sp, #12]
 8001ea4:	681b      	ldr	r3, [r3, #0]
 8001ea6:	69db      	ldr	r3, [r3, #28]
 8001ea8:	9a02      	ldr	r2, [sp, #8]
 8001eaa:	4013      	ands	r3, r2
 8001eac:	9a02      	ldr	r2, [sp, #8]
 8001eae:	1ad3      	subs	r3, r2, r3
 8001eb0:	425a      	negs	r2, r3
 8001eb2:	4153      	adcs	r3, r2
 8001eb4:	b2db      	uxtb	r3, r3
 8001eb6:	001a      	movs	r2, r3
 8001eb8:	466b      	mov	r3, sp
 8001eba:	3307      	adds	r3, #7
 8001ebc:	781b      	ldrb	r3, [r3, #0]
 8001ebe:	429a      	cmp	r2, r3
 8001ec0:	d0c3      	beq.n	8001e4a <UART_WaitOnFlagUntilTimeout+0x12>
 8001ec2:	2300      	movs	r3, #0
 8001ec4:	0018      	movs	r0, r3
 8001ec6:	b005      	add	sp, #20
 8001ec8:	bd00      	pop	{pc}
 8001eca:	46c0      	nop			@ (mov r8, r8)
 8001ecc:	fffffe5f 	.word	0xfffffe5f

08001ed0 <UART_CheckIdleState>:
 8001ed0:	b082      	sub	sp, #8
 8001ed2:	9001      	str	r0, [sp, #4]
 8001ed4:	9b01      	ldr	r3, [sp, #4]
 8001ed6:	2200      	movs	r2, #0
 8001ed8:	66da      	str	r2, [r3, #108]	@ 0x6c
 8001eda:	9b01      	ldr	r3, [sp, #4]
 8001edc:	2269      	movs	r2, #105	@ 0x69
 8001ede:	2120      	movs	r1, #32
 8001ee0:	5499      	strb	r1, [r3, r2]
 8001ee2:	9b01      	ldr	r3, [sp, #4]
 8001ee4:	226a      	movs	r2, #106	@ 0x6a
 8001ee6:	2120      	movs	r1, #32
 8001ee8:	5499      	strb	r1, [r3, r2]
 8001eea:	9b01      	ldr	r3, [sp, #4]
 8001eec:	2268      	movs	r2, #104	@ 0x68
 8001eee:	2100      	movs	r1, #0
 8001ef0:	5499      	strb	r1, [r3, r2]
 8001ef2:	2300      	movs	r3, #0
 8001ef4:	0018      	movs	r0, r3
 8001ef6:	b002      	add	sp, #8
 8001ef8:	4770      	bx	lr
 8001efa:	0000      	movs	r0, r0

08001efc <UART_SetConfig>:
 8001efc:	b500      	push	{lr}
 8001efe:	b087      	sub	sp, #28
 8001f00:	9001      	str	r0, [sp, #4]
 8001f02:	2300      	movs	r3, #0
 8001f04:	9303      	str	r3, [sp, #12]
 8001f06:	2317      	movs	r3, #23
 8001f08:	446b      	add	r3, sp
 8001f0a:	2210      	movs	r2, #16
 8001f0c:	701a      	strb	r2, [r3, #0]
 8001f0e:	230a      	movs	r3, #10
 8001f10:	446b      	add	r3, sp
 8001f12:	2200      	movs	r2, #0
 8001f14:	801a      	strh	r2, [r3, #0]
 8001f16:	ab05      	add	r3, sp, #20
 8001f18:	2200      	movs	r2, #0
 8001f1a:	801a      	strh	r2, [r3, #0]
 8001f1c:	2313      	movs	r3, #19
 8001f1e:	446b      	add	r3, sp
 8001f20:	2200      	movs	r2, #0
 8001f22:	701a      	strb	r2, [r3, #0]
 8001f24:	9b01      	ldr	r3, [sp, #4]
 8001f26:	689a      	ldr	r2, [r3, #8]
 8001f28:	9b01      	ldr	r3, [sp, #4]
 8001f2a:	691b      	ldr	r3, [r3, #16]
 8001f2c:	431a      	orrs	r2, r3
 8001f2e:	9b01      	ldr	r3, [sp, #4]
 8001f30:	695b      	ldr	r3, [r3, #20]
 8001f32:	431a      	orrs	r2, r3
 8001f34:	9b01      	ldr	r3, [sp, #4]
 8001f36:	69db      	ldr	r3, [r3, #28]
 8001f38:	4313      	orrs	r3, r2
 8001f3a:	9303      	str	r3, [sp, #12]
 8001f3c:	9b01      	ldr	r3, [sp, #4]
 8001f3e:	681b      	ldr	r3, [r3, #0]
 8001f40:	681b      	ldr	r3, [r3, #0]
 8001f42:	4a95      	ldr	r2, [pc, #596]	@ (8002198 <UART_SetConfig+0x29c>)
 8001f44:	4013      	ands	r3, r2
 8001f46:	0019      	movs	r1, r3
 8001f48:	9b01      	ldr	r3, [sp, #4]
 8001f4a:	681b      	ldr	r3, [r3, #0]
 8001f4c:	9a03      	ldr	r2, [sp, #12]
 8001f4e:	430a      	orrs	r2, r1
 8001f50:	601a      	str	r2, [r3, #0]
 8001f52:	9b01      	ldr	r3, [sp, #4]
 8001f54:	681b      	ldr	r3, [r3, #0]
 8001f56:	685b      	ldr	r3, [r3, #4]
 8001f58:	4a90      	ldr	r2, [pc, #576]	@ (800219c <UART_SetConfig+0x2a0>)
 8001f5a:	4013      	ands	r3, r2
 8001f5c:	0019      	movs	r1, r3
 8001f5e:	9b01      	ldr	r3, [sp, #4]
 8001f60:	68da      	ldr	r2, [r3, #12]
 8001f62:	9b01      	ldr	r3, [sp, #4]
 8001f64:	681b      	ldr	r3, [r3, #0]
 8001f66:	430a      	orrs	r2, r1
 8001f68:	605a      	str	r2, [r3, #4]
 8001f6a:	9b01      	ldr	r3, [sp, #4]
 8001f6c:	699a      	ldr	r2, [r3, #24]
 8001f6e:	9b01      	ldr	r3, [sp, #4]
 8001f70:	6a1b      	ldr	r3, [r3, #32]
 8001f72:	4313      	orrs	r3, r2
 8001f74:	9303      	str	r3, [sp, #12]
 8001f76:	9b01      	ldr	r3, [sp, #4]
 8001f78:	681b      	ldr	r3, [r3, #0]
 8001f7a:	689b      	ldr	r3, [r3, #8]
 8001f7c:	4a88      	ldr	r2, [pc, #544]	@ (80021a0 <UART_SetConfig+0x2a4>)
 8001f7e:	4013      	ands	r3, r2
 8001f80:	0019      	movs	r1, r3
 8001f82:	9b01      	ldr	r3, [sp, #4]
 8001f84:	681b      	ldr	r3, [r3, #0]
 8001f86:	9a03      	ldr	r2, [sp, #12]
 8001f88:	430a      	orrs	r2, r1
 8001f8a:	609a      	str	r2, [r3, #8]
 8001f8c:	4b85      	ldr	r3, [pc, #532]	@ (80021a4 <UART_SetConfig+0x2a8>)
 8001f8e:	6b1b      	ldr	r3, [r3, #48]	@ 0x30
 8001f90:	2203      	movs	r2, #3
 8001f92:	4013      	ands	r3, r2
 8001f94:	2b03      	cmp	r3, #3
 8001f96:	d00d      	beq.n	8001fb4 <UART_SetConfig+0xb8>
 8001f98:	d81b      	bhi.n	8001fd2 <UART_SetConfig+0xd6>
 8001f9a:	2b02      	cmp	r3, #2
 8001f9c:	d014      	beq.n	8001fc8 <UART_SetConfig+0xcc>
 8001f9e:	d818      	bhi.n	8001fd2 <UART_SetConfig+0xd6>
 8001fa0:	2b00      	cmp	r3, #0
 8001fa2:	d002      	beq.n	8001faa <UART_SetConfig+0xae>
 8001fa4:	2b01      	cmp	r3, #1
 8001fa6:	d00a      	beq.n	8001fbe <UART_SetConfig+0xc2>
 8001fa8:	e013      	b.n	8001fd2 <UART_SetConfig+0xd6>
 8001faa:	2317      	movs	r3, #23
 8001fac:	446b      	add	r3, sp
 8001fae:	2200      	movs	r2, #0
 8001fb0:	701a      	strb	r2, [r3, #0]
 8001fb2:	e012      	b.n	8001fda <UART_SetConfig+0xde>
 8001fb4:	2317      	movs	r3, #23
 8001fb6:	446b      	add	r3, sp
 8001fb8:	2202      	movs	r2, #2
 8001fba:	701a      	strb	r2, [r3, #0]
 8001fbc:	e00d      	b.n	8001fda <UART_SetConfig+0xde>
 8001fbe:	2317      	movs	r3, #23
 8001fc0:	446b      	add	r3, sp
 8001fc2:	2204      	movs	r2, #4
 8001fc4:	701a      	strb	r2, [r3, #0]
 8001fc6:	e008      	b.n	8001fda <UART_SetConfig+0xde>
 8001fc8:	2317      	movs	r3, #23
 8001fca:	446b      	add	r3, sp
 8001fcc:	2208      	movs	r2, #8
 8001fce:	701a      	strb	r2, [r3, #0]
 8001fd0:	e003      	b.n	8001fda <UART_SetConfig+0xde>
 8001fd2:	2317      	movs	r3, #23
 8001fd4:	446b      	add	r3, sp
 8001fd6:	2210      	movs	r2, #16
 8001fd8:	701a      	strb	r2, [r3, #0]
 8001fda:	9b01      	ldr	r3, [sp, #4]
 8001fdc:	69da      	ldr	r2, [r3, #28]
 8001fde:	2380      	movs	r3, #128	@ 0x80
 8001fe0:	021b      	lsls	r3, r3, #8
 8001fe2:	429a      	cmp	r2, r3
 8001fe4:	d000      	beq.n	8001fe8 <UART_SetConfig+0xec>
 8001fe6:	e075      	b.n	80020d4 <UART_SetConfig+0x1d8>
 8001fe8:	2317      	movs	r3, #23
 8001fea:	446b      	add	r3, sp
 8001fec:	781b      	ldrb	r3, [r3, #0]
 8001fee:	2b08      	cmp	r3, #8
 8001ff0:	d03e      	beq.n	8002070 <UART_SetConfig+0x174>
 8001ff2:	dc4e      	bgt.n	8002092 <UART_SetConfig+0x196>
 8001ff4:	2b04      	cmp	r3, #4
 8001ff6:	d028      	beq.n	800204a <UART_SetConfig+0x14e>
 8001ff8:	dc4b      	bgt.n	8002092 <UART_SetConfig+0x196>
 8001ffa:	2b00      	cmp	r3, #0
 8001ffc:	d002      	beq.n	8002004 <UART_SetConfig+0x108>
 8001ffe:	2b02      	cmp	r3, #2
 8002000:	d013      	beq.n	800202a <UART_SetConfig+0x12e>
 8002002:	e046      	b.n	8002092 <UART_SetConfig+0x196>
 8002004:	f7ff f9b8 	bl	8001378 <HAL_RCC_GetPCLK1Freq>
 8002008:	0003      	movs	r3, r0
 800200a:	005a      	lsls	r2, r3, #1
 800200c:	9b01      	ldr	r3, [sp, #4]
 800200e:	685b      	ldr	r3, [r3, #4]
 8002010:	085b      	lsrs	r3, r3, #1
 8002012:	18d2      	adds	r2, r2, r3
 8002014:	9b01      	ldr	r3, [sp, #4]
 8002016:	685b      	ldr	r3, [r3, #4]
 8002018:	0019      	movs	r1, r3
 800201a:	0010      	movs	r0, r2
 800201c:	f7fe f8b4 	bl	8000188 <__udivsi3>
 8002020:	0003      	movs	r3, r0
 8002022:	001a      	movs	r2, r3
 8002024:	ab05      	add	r3, sp, #20
 8002026:	801a      	strh	r2, [r3, #0]
 8002028:	e038      	b.n	800209c <UART_SetConfig+0x1a0>
 800202a:	9b01      	ldr	r3, [sp, #4]
 800202c:	685b      	ldr	r3, [r3, #4]
 800202e:	085b      	lsrs	r3, r3, #1
 8002030:	4a5d      	ldr	r2, [pc, #372]	@ (80021a8 <UART_SetConfig+0x2ac>)
 8002032:	189a      	adds	r2, r3, r2
 8002034:	9b01      	ldr	r3, [sp, #4]
 8002036:	685b      	ldr	r3, [r3, #4]
 8002038:	0019      	movs	r1, r3
 800203a:	0010      	movs	r0, r2
 800203c:	f7fe f8a4 	bl	8000188 <__udivsi3>
 8002040:	0003      	movs	r3, r0
 8002042:	001a      	movs	r2, r3
 8002044:	ab05      	add	r3, sp, #20
 8002046:	801a      	strh	r2, [r3, #0]
 8002048:	e028      	b.n	800209c <UART_SetConfig+0x1a0>
 800204a:	f7ff f991 	bl	8001370 <HAL_RCC_GetSysClockFreq>
 800204e:	0003      	movs	r3, r0
 8002050:	005a      	lsls	r2, r3, #1
 8002052:	9b01      	ldr	r3, [sp, #4]
 8002054:	685b      	ldr	r3, [r3, #4]
 8002056:	085b      	lsrs	r3, r3, #1
 8002058:	18d2      	adds	r2, r2, r3
 800205a:	9b01      	ldr	r3, [sp, #4]
 800205c:	685b      	ldr	r3, [r3, #4]
 800205e:	0019      	movs	r1, r3
 8002060:	0010      	movs	r0, r2
 8002062:	f7fe f891 	bl	8000188 <__udivsi3>
 8002066:	0003      	movs	r3, r0
 8002068:	001a      	movs	r2, r3
 800206a:	ab05      	add	r3, sp, #20
 800206c:	801a      	strh	r2, [r3, #0]
 800206e:	e015      	b.n	800209c <UART_SetConfig+0x1a0>
 8002070:	9b01      	ldr	r3, [sp, #4]
 8002072:	685b      	ldr	r3, [r3, #4]
 8002074:	085b      	lsrs	r3, r3, #1
 8002076:	2280      	movs	r2, #128	@ 0x80
 8002078:	0252      	lsls	r2, r2, #9
 800207a:	189a      	adds	r2, r3, r2
 800207c:	9b01      	ldr	r3, [sp, #4]
 800207e:	685b      	ldr	r3, [r3, #4]
 8002080:	0019      	movs	r1, r3
 8002082:	0010      	movs	r0, r2
 8002084:	f7fe f880 	bl	8000188 <__udivsi3>
 8002088:	0003      	movs	r3, r0
 800208a:	001a      	movs	r2, r3
 800208c:	ab05      	add	r3, sp, #20
 800208e:	801a      	strh	r2, [r3, #0]
 8002090:	e004      	b.n	800209c <UART_SetConfig+0x1a0>
 8002092:	2313      	movs	r3, #19
 8002094:	446b      	add	r3, sp
 8002096:	2201      	movs	r2, #1
 8002098:	701a      	strb	r2, [r3, #0]
 800209a:	46c0      	nop			@ (mov r8, r8)
 800209c:	230a      	movs	r3, #10
 800209e:	446b      	add	r3, sp
 80020a0:	aa05      	add	r2, sp, #20
 80020a2:	8812      	ldrh	r2, [r2, #0]
 80020a4:	210f      	movs	r1, #15
 80020a6:	438a      	bics	r2, r1
 80020a8:	801a      	strh	r2, [r3, #0]
 80020aa:	ab05      	add	r3, sp, #20
 80020ac:	881b      	ldrh	r3, [r3, #0]
 80020ae:	105b      	asrs	r3, r3, #1
 80020b0:	b29b      	uxth	r3, r3
 80020b2:	2207      	movs	r2, #7
 80020b4:	4013      	ands	r3, r2
 80020b6:	b299      	uxth	r1, r3
 80020b8:	230a      	movs	r3, #10
 80020ba:	446b      	add	r3, sp
 80020bc:	220a      	movs	r2, #10
 80020be:	446a      	add	r2, sp
 80020c0:	8812      	ldrh	r2, [r2, #0]
 80020c2:	430a      	orrs	r2, r1
 80020c4:	801a      	strh	r2, [r3, #0]
 80020c6:	9b01      	ldr	r3, [sp, #4]
 80020c8:	681b      	ldr	r3, [r3, #0]
 80020ca:	220a      	movs	r2, #10
 80020cc:	446a      	add	r2, sp
 80020ce:	8812      	ldrh	r2, [r2, #0]
 80020d0:	60da      	str	r2, [r3, #12]
 80020d2:	e05b      	b.n	800218c <UART_SetConfig+0x290>
 80020d4:	2317      	movs	r3, #23
 80020d6:	446b      	add	r3, sp
 80020d8:	781b      	ldrb	r3, [r3, #0]
 80020da:	2b08      	cmp	r3, #8
 80020dc:	d03f      	beq.n	800215e <UART_SetConfig+0x262>
 80020de:	dc50      	bgt.n	8002182 <UART_SetConfig+0x286>
 80020e0:	2b04      	cmp	r3, #4
 80020e2:	d029      	beq.n	8002138 <UART_SetConfig+0x23c>
 80020e4:	dc4d      	bgt.n	8002182 <UART_SetConfig+0x286>
 80020e6:	2b00      	cmp	r3, #0
 80020e8:	d002      	beq.n	80020f0 <UART_SetConfig+0x1f4>
 80020ea:	2b02      	cmp	r3, #2
 80020ec:	d013      	beq.n	8002116 <UART_SetConfig+0x21a>
 80020ee:	e048      	b.n	8002182 <UART_SetConfig+0x286>
 80020f0:	f7ff f942 	bl	8001378 <HAL_RCC_GetPCLK1Freq>
 80020f4:	0002      	movs	r2, r0
 80020f6:	9b01      	ldr	r3, [sp, #4]
 80020f8:	685b      	ldr	r3, [r3, #4]
 80020fa:	085b      	lsrs	r3, r3, #1
 80020fc:	18d2      	adds	r2, r2, r3
 80020fe:	9b01      	ldr	r3, [sp, #4]
 8002100:	685b      	ldr	r3, [r3, #4]
 8002102:	0019      	movs	r1, r3
 8002104:	0010      	movs	r0, r2
 8002106:	f7fe f83f 	bl	8000188 <__udivsi3>
 800210a:	0003      	movs	r3, r0
 800210c:	b29a      	uxth	r2, r3
 800210e:	9b01      	ldr	r3, [sp, #4]
 8002110:	681b      	ldr	r3, [r3, #0]
 8002112:	60da      	str	r2, [r3, #12]
 8002114:	e03a      	b.n	800218c <UART_SetConfig+0x290>
 8002116:	9b01      	ldr	r3, [sp, #4]
 8002118:	685b      	ldr	r3, [r3, #4]
 800211a:	085b      	lsrs	r3, r3, #1
 800211c:	4a23      	ldr	r2, [pc, #140]	@ (80021ac <UART_SetConfig+0x2b0>)
 800211e:	189a      	adds	r2, r3, r2
 8002120:	9b01      	ldr	r3, [sp, #4]
 8002122:	685b      	ldr	r3, [r3, #4]
 8002124:	0019      	movs	r1, r3
 8002126:	0010      	movs	r0, r2
 8002128:	f7fe f82e 	bl	8000188 <__udivsi3>
 800212c:	0003      	movs	r3, r0
 800212e:	b29a      	uxth	r2, r3
 8002130:	9b01      	ldr	r3, [sp, #4]
 8002132:	681b      	ldr	r3, [r3, #0]
 8002134:	60da      	str	r2, [r3, #12]
 8002136:	e029      	b.n	800218c <UART_SetConfig+0x290>
 8002138:	f7ff f91a 	bl	8001370 <HAL_RCC_GetSysClockFreq>
 800213c:	0002      	movs	r2, r0
 800213e:	9b01      	ldr	r3, [sp, #4]
 8002140:	685b      	ldr	r3, [r3, #4]
 8002142:	085b      	lsrs	r3, r3, #1
 8002144:	18d2      	adds	r2, r2, r3
 8002146:	9b01      	ldr	r3, [sp, #4]
 8002148:	685b      	ldr	r3, [r3, #4]
 800214a:	0019      	movs	r1, r3
 800214c:	0010      	movs	r0, r2
 800214e:	f7fe f81b 	bl	8000188 <__udivsi3>
 8002152:	0003      	movs	r3, r0
 8002154:	b29a      	uxth	r2, r3
 8002156:	9b01      	ldr	r3, [sp, #4]
 8002158:	681b      	ldr	r3, [r3, #0]
 800215a:	60da      	str	r2, [r3, #12]
 800215c:	e016      	b.n	800218c <UART_SetConfig+0x290>
 800215e:	9b01      	ldr	r3, [sp, #4]
 8002160:	685b      	ldr	r3, [r3, #4]
 8002162:	085b      	lsrs	r3, r3, #1
 8002164:	2280      	movs	r2, #128	@ 0x80
 8002166:	0212      	lsls	r2, r2, #8
 8002168:	189a      	adds	r2, r3, r2
 800216a:	9b01      	ldr	r3, [sp, #4]
 800216c:	685b      	ldr	r3, [r3, #4]
 800216e:	0019      	movs	r1, r3
 8002170:	0010      	movs	r0, r2
 8002172:	f7fe f809 	bl	8000188 <__udivsi3>
 8002176:	0003      	movs	r3, r0
 8002178:	b29a      	uxth	r2, r3
 800217a:	9b01      	ldr	r3, [sp, #4]
 800217c:	681b      	ldr	r3, [r3, #0]
 800217e:	60da      	str	r2, [r3, #12]
 8002180:	e004      	b.n	800218c <UART_SetConfig+0x290>
 8002182:	2313      	movs	r3, #19
 8002184:	446b      	add	r3, sp
 8002186:	2201      	movs	r2, #1
 8002188:	701a      	strb	r2, [r3, #0]
 800218a:	46c0      	nop			@ (mov r8, r8)
 800218c:	2313      	movs	r3, #19
 800218e:	446b      	add	r3, sp
 8002190:	781b      	ldrb	r3, [r3, #0]
 8002192:	0018      	movs	r0, r3
 8002194:	b007      	add	sp, #28
 8002196:	bd00      	pop	{pc}
 8002198:	ffff69f3 	.word	0xffff69f3
 800219c:	ffffcfff 	.word	0xffffcfff
 80021a0:	fffff4ff 	.word	0xfffff4ff
 80021a4:	40021000 	.word	0x40021000
 80021a8:	01e84800 	.word	0x01e84800
 80021ac:	00f42400 	.word	0x00f42400

080021b0 <HAL_UART_Init>:
 80021b0:	b500      	push	{lr}
 80021b2:	b083      	sub	sp, #12
 80021b4:	9001      	str	r0, [sp, #4]
 80021b6:	9b01      	ldr	r3, [sp, #4]
 80021b8:	2b00      	cmp	r3, #0
 80021ba:	d101      	bne.n	80021c0 <HAL_UART_Init+0x10>
 80021bc:	2301      	movs	r3, #1
 80021be:	e03b      	b.n	8002238 <HAL_UART_Init+0x88>
 80021c0:	9b01      	ldr	r3, [sp, #4]
 80021c2:	2269      	movs	r2, #105	@ 0x69
 80021c4:	5c9b      	ldrb	r3, [r3, r2]
 80021c6:	b2db      	uxtb	r3, r3
 80021c8:	2b00      	cmp	r3, #0
 80021ca:	d103      	bne.n	80021d4 <HAL_UART_Init+0x24>
 80021cc:	9b01      	ldr	r3, [sp, #4]
 80021ce:	2268      	movs	r2, #104	@ 0x68
 80021d0:	2100      	movs	r1, #0
 80021d2:	5499      	strb	r1, [r3, r2]
 80021d4:	9b01      	ldr	r3, [sp, #4]
 80021d6:	2269      	movs	r2, #105	@ 0x69
 80021d8:	2124      	movs	r1, #36	@ 0x24
 80021da:	5499      	strb	r1, [r3, r2]
 80021dc:	9b01      	ldr	r3, [sp, #4]
 80021de:	681b      	ldr	r3, [r3, #0]
 80021e0:	681a      	ldr	r2, [r3, #0]
 80021e2:	9b01      	ldr	r3, [sp, #4]
 80021e4:	681b      	ldr	r3, [r3, #0]
 80021e6:	2101      	movs	r1, #1
 80021e8:	438a      	bics	r2, r1
 80021ea:	601a      	str	r2, [r3, #0]
 80021ec:	9b01      	ldr	r3, [sp, #4]
 80021ee:	0018      	movs	r0, r3
 80021f0:	f7ff fe84 	bl	8001efc <UART_SetConfig>
 80021f4:	0003      	movs	r3, r0
 80021f6:	2b01      	cmp	r3, #1
 80021f8:	d101      	bne.n	80021fe <HAL_UART_Init+0x4e>
 80021fa:	2301      	movs	r3, #1
 80021fc:	e01c      	b.n	8002238 <HAL_UART_Init+0x88>
 80021fe:	9b01      	ldr	r3, [sp, #4]
 8002200:	681b      	ldr	r3, [r3, #0]
 8002202:	685a      	ldr	r2, [r3, #4]
 8002204:	9b01      	ldr	r3, [sp, #4]
 8002206:	681b      	ldr	r3, [r3, #0]
 8002208:	490d      	ldr	r1, [pc, #52]	@ (8002240 <HAL_UART_Init+0x90>)
 800220a:	400a      	ands	r2, r1
 800220c:	605a      	str	r2, [r3, #4]
 800220e:	9b01      	ldr	r3, [sp, #4]
 8002210:	681b      	ldr	r3, [r3, #0]
 8002212:	689a      	ldr	r2, [r3, #8]
 8002214:	9b01      	ldr	r3, [sp, #4]
 8002216:	681b      	ldr	r3, [r3, #0]
 8002218:	2108      	movs	r1, #8
 800221a:	438a      	bics	r2, r1
 800221c:	609a      	str	r2, [r3, #8]
 800221e:	9b01      	ldr	r3, [sp, #4]
 8002220:	681b      	ldr	r3, [r3, #0]
 8002222:	681a      	ldr	r2, [r3, #0]
 8002224:	9b01      	ldr	r3, [sp, #4]
 8002226:	681b      	ldr	r3, [r3, #0]
 8002228:	2101      	movs	r1, #1
 800222a:	430a      	orrs	r2, r1
 800222c:	601a      	str	r2, [r3, #0]
 800222e:	9b01      	ldr	r3, [sp, #4]
 8002230:	0018      	movs	r0, r3
 8002232:	f7ff fe4d 	bl	8001ed0 <UART_CheckIdleState>
 8002236:	0003      	movs	r3, r0
 8002238:	0018      	movs	r0, r3
 800223a:	b003      	add	sp, #12
 800223c:	bd00      	pop	{pc}
 800223e:	46c0      	nop			@ (mov r8, r8)
 8002240:	fffff7ff 	.word	0xfffff7ff

08002244 <HAL_UART_Receive>:
 8002244:	b500      	push	{lr}
 8002246:	b08b      	sub	sp, #44	@ 0x2c
 8002248:	9005      	str	r0, [sp, #20]
 800224a:	9104      	str	r1, [sp, #16]
 800224c:	9302      	str	r3, [sp, #8]
 800224e:	230e      	movs	r3, #14
 8002250:	446b      	add	r3, sp
 8002252:	801a      	strh	r2, [r3, #0]
 8002254:	2300      	movs	r3, #0
 8002256:	9309      	str	r3, [sp, #36]	@ 0x24
 8002258:	9b05      	ldr	r3, [sp, #20]
 800225a:	226a      	movs	r2, #106	@ 0x6a
 800225c:	5c9b      	ldrb	r3, [r3, r2]
 800225e:	b2db      	uxtb	r3, r3
 8002260:	2b20      	cmp	r3, #32
 8002262:	d000      	beq.n	8002266 <HAL_UART_Receive+0x22>
 8002264:	e0b7      	b.n	80023d6 <HAL_UART_Receive+0x192>
 8002266:	9b04      	ldr	r3, [sp, #16]
 8002268:	2b00      	cmp	r3, #0
 800226a:	d004      	beq.n	8002276 <HAL_UART_Receive+0x32>
 800226c:	230e      	movs	r3, #14
 800226e:	446b      	add	r3, sp
 8002270:	881b      	ldrh	r3, [r3, #0]
 8002272:	2b00      	cmp	r3, #0
 8002274:	d101      	bne.n	800227a <HAL_UART_Receive+0x36>
 8002276:	2301      	movs	r3, #1
 8002278:	e0ae      	b.n	80023d8 <HAL_UART_Receive+0x194>
 800227a:	9b05      	ldr	r3, [sp, #20]
 800227c:	689a      	ldr	r2, [r3, #8]
 800227e:	2380      	movs	r3, #128	@ 0x80
 8002280:	015b      	lsls	r3, r3, #5
 8002282:	429a      	cmp	r2, r3
 8002284:	d109      	bne.n	800229a <HAL_UART_Receive+0x56>
 8002286:	9b05      	ldr	r3, [sp, #20]
 8002288:	691b      	ldr	r3, [r3, #16]
 800228a:	2b00      	cmp	r3, #0
 800228c:	d105      	bne.n	800229a <HAL_UART_Receive+0x56>
 800228e:	9b04      	ldr	r3, [sp, #16]
 8002290:	2201      	movs	r2, #1
 8002292:	4013      	ands	r3, r2
 8002294:	d001      	beq.n	800229a <HAL_UART_Receive+0x56>
 8002296:	2301      	movs	r3, #1
 8002298:	e09e      	b.n	80023d8 <HAL_UART_Receive+0x194>
 800229a:	9b05      	ldr	r3, [sp, #20]
 800229c:	2268      	movs	r2, #104	@ 0x68
 800229e:	5c9b      	ldrb	r3, [r3, r2]
 80022a0:	2b01      	cmp	r3, #1
 80022a2:	d101      	bne.n	80022a8 <HAL_UART_Receive+0x64>
 80022a4:	2302      	movs	r3, #2
 80022a6:	e097      	b.n	80023d8 <HAL_UART_Receive+0x194>
 80022a8:	9b05      	ldr	r3, [sp, #20]
 80022aa:	2268      	movs	r2, #104	@ 0x68
 80022ac:	2101      	movs	r1, #1
 80022ae:	5499      	strb	r1, [r3, r2]
 80022b0:	9b05      	ldr	r3, [sp, #20]
 80022b2:	2200      	movs	r2, #0
 80022b4:	66da      	str	r2, [r3, #108]	@ 0x6c
 80022b6:	9b05      	ldr	r3, [sp, #20]
 80022b8:	226a      	movs	r2, #106	@ 0x6a
 80022ba:	2122      	movs	r1, #34	@ 0x22
 80022bc:	5499      	strb	r1, [r3, r2]
 80022be:	f7ff f84d 	bl	800135c <HAL_GetTick>
 80022c2:	0003      	movs	r3, r0
 80022c4:	9309      	str	r3, [sp, #36]	@ 0x24
 80022c6:	9b05      	ldr	r3, [sp, #20]
 80022c8:	220e      	movs	r2, #14
 80022ca:	446a      	add	r2, sp
 80022cc:	2158      	movs	r1, #88	@ 0x58
 80022ce:	8812      	ldrh	r2, [r2, #0]
 80022d0:	525a      	strh	r2, [r3, r1]
 80022d2:	9b05      	ldr	r3, [sp, #20]
 80022d4:	220e      	movs	r2, #14
 80022d6:	446a      	add	r2, sp
 80022d8:	215a      	movs	r1, #90	@ 0x5a
 80022da:	8812      	ldrh	r2, [r2, #0]
 80022dc:	525a      	strh	r2, [r3, r1]
 80022de:	9b05      	ldr	r3, [sp, #20]
 80022e0:	689a      	ldr	r2, [r3, #8]
 80022e2:	2380      	movs	r3, #128	@ 0x80
 80022e4:	015b      	lsls	r3, r3, #5
 80022e6:	429a      	cmp	r2, r3
 80022e8:	d10d      	bne.n	8002306 <HAL_UART_Receive+0xc2>
 80022ea:	9b05      	ldr	r3, [sp, #20]
 80022ec:	691b      	ldr	r3, [r3, #16]
 80022ee:	2b00      	cmp	r3, #0
 80022f0:	d104      	bne.n	80022fc <HAL_UART_Receive+0xb8>
 80022f2:	9b05      	ldr	r3, [sp, #20]
 80022f4:	225c      	movs	r2, #92	@ 0x5c
 80022f6:	493a      	ldr	r1, [pc, #232]	@ (80023e0 <HAL_UART_Receive+0x19c>)
 80022f8:	5299      	strh	r1, [r3, r2]
 80022fa:	e015      	b.n	8002328 <HAL_UART_Receive+0xe4>
 80022fc:	9b05      	ldr	r3, [sp, #20]
 80022fe:	225c      	movs	r2, #92	@ 0x5c
 8002300:	21ff      	movs	r1, #255	@ 0xff
 8002302:	5299      	strh	r1, [r3, r2]
 8002304:	e010      	b.n	8002328 <HAL_UART_Receive+0xe4>
 8002306:	9b05      	ldr	r3, [sp, #20]
 8002308:	689b      	ldr	r3, [r3, #8]
 800230a:	2b00      	cmp	r3, #0
 800230c:	d10c      	bne.n	8002328 <HAL_UART_Receive+0xe4>
 800230e:	9b05      	ldr	r3, [sp, #20]
 8002310:	691b      	ldr	r3, [r3, #16]
 8002312:	2b00      	cmp	r3, #0
 8002314:	d104      	bne.n	8002320 <HAL_UART_Receive+0xdc>
 8002316:	9b05      	ldr	r3, [sp, #20]
 8002318:	225c      	movs	r2, #92	@ 0x5c
 800231a:	21ff      	movs	r1, #255	@ 0xff
 800231c:	5299      	strh	r1, [r3, r2]
 800231e:	e003      	b.n	8002328 <HAL_UART_Receive+0xe4>
 8002320:	9b05      	ldr	r3, [sp, #20]
 8002322:	225c      	movs	r2, #92	@ 0x5c
 8002324:	217f      	movs	r1, #127	@ 0x7f
 8002326:	5299      	strh	r1, [r3, r2]
 8002328:	2322      	movs	r3, #34	@ 0x22
 800232a:	446b      	add	r3, sp
 800232c:	9a05      	ldr	r2, [sp, #20]
 800232e:	215c      	movs	r1, #92	@ 0x5c
 8002330:	5a52      	ldrh	r2, [r2, r1]
 8002332:	801a      	strh	r2, [r3, #0]
 8002334:	e03f      	b.n	80023b6 <HAL_UART_Receive+0x172>
 8002336:	9b05      	ldr	r3, [sp, #20]
 8002338:	225a      	movs	r2, #90	@ 0x5a
 800233a:	5a9b      	ldrh	r3, [r3, r2]
 800233c:	b29b      	uxth	r3, r3
 800233e:	3b01      	subs	r3, #1
 8002340:	b299      	uxth	r1, r3
 8002342:	9b05      	ldr	r3, [sp, #20]
 8002344:	225a      	movs	r2, #90	@ 0x5a
 8002346:	5299      	strh	r1, [r3, r2]
 8002348:	9a09      	ldr	r2, [sp, #36]	@ 0x24
 800234a:	9805      	ldr	r0, [sp, #20]
 800234c:	9b02      	ldr	r3, [sp, #8]
 800234e:	9300      	str	r3, [sp, #0]
 8002350:	0013      	movs	r3, r2
 8002352:	2200      	movs	r2, #0
 8002354:	2120      	movs	r1, #32
 8002356:	f7ff fd6f 	bl	8001e38 <UART_WaitOnFlagUntilTimeout>
 800235a:	1e03      	subs	r3, r0, #0
 800235c:	d001      	beq.n	8002362 <HAL_UART_Receive+0x11e>
 800235e:	2303      	movs	r3, #3
 8002360:	e03a      	b.n	80023d8 <HAL_UART_Receive+0x194>
 8002362:	9b05      	ldr	r3, [sp, #20]
 8002364:	689a      	ldr	r2, [r3, #8]
 8002366:	2380      	movs	r3, #128	@ 0x80
 8002368:	015b      	lsls	r3, r3, #5
 800236a:	429a      	cmp	r2, r3
 800236c:	d114      	bne.n	8002398 <HAL_UART_Receive+0x154>
 800236e:	9b05      	ldr	r3, [sp, #20]
 8002370:	691b      	ldr	r3, [r3, #16]
 8002372:	2b00      	cmp	r3, #0
 8002374:	d110      	bne.n	8002398 <HAL_UART_Receive+0x154>
 8002376:	9b04      	ldr	r3, [sp, #16]
 8002378:	9307      	str	r3, [sp, #28]
 800237a:	9b05      	ldr	r3, [sp, #20]
 800237c:	681b      	ldr	r3, [r3, #0]
 800237e:	8c9b      	ldrh	r3, [r3, #36]	@ 0x24
 8002380:	b29b      	uxth	r3, r3
 8002382:	2222      	movs	r2, #34	@ 0x22
 8002384:	446a      	add	r2, sp
 8002386:	8812      	ldrh	r2, [r2, #0]
 8002388:	4013      	ands	r3, r2
 800238a:	b29a      	uxth	r2, r3
 800238c:	9b07      	ldr	r3, [sp, #28]
 800238e:	801a      	strh	r2, [r3, #0]
 8002390:	9b04      	ldr	r3, [sp, #16]
 8002392:	3302      	adds	r3, #2
 8002394:	9304      	str	r3, [sp, #16]
 8002396:	e00e      	b.n	80023b6 <HAL_UART_Receive+0x172>
 8002398:	9b05      	ldr	r3, [sp, #20]
 800239a:	681b      	ldr	r3, [r3, #0]
 800239c:	8c9b      	ldrh	r3, [r3, #36]	@ 0x24
 800239e:	b29b      	uxth	r3, r3
 80023a0:	b2da      	uxtb	r2, r3
 80023a2:	2322      	movs	r3, #34	@ 0x22
 80023a4:	446b      	add	r3, sp
 80023a6:	881b      	ldrh	r3, [r3, #0]
 80023a8:	b2d9      	uxtb	r1, r3
 80023aa:	9b04      	ldr	r3, [sp, #16]
 80023ac:	1c58      	adds	r0, r3, #1
 80023ae:	9004      	str	r0, [sp, #16]
 80023b0:	400a      	ands	r2, r1
 80023b2:	b2d2      	uxtb	r2, r2
 80023b4:	701a      	strb	r2, [r3, #0]
 80023b6:	9b05      	ldr	r3, [sp, #20]
 80023b8:	225a      	movs	r2, #90	@ 0x5a
 80023ba:	5a9b      	ldrh	r3, [r3, r2]
 80023bc:	b29b      	uxth	r3, r3
 80023be:	2b00      	cmp	r3, #0
 80023c0:	d1b9      	bne.n	8002336 <HAL_UART_Receive+0xf2>
 80023c2:	9b05      	ldr	r3, [sp, #20]
 80023c4:	226a      	movs	r2, #106	@ 0x6a
 80023c6:	2120      	movs	r1, #32
 80023c8:	5499      	strb	r1, [r3, r2]
 80023ca:	9b05      	ldr	r3, [sp, #20]
 80023cc:	2268      	movs	r2, #104	@ 0x68
 80023ce:	2100      	movs	r1, #0
 80023d0:	5499      	strb	r1, [r3, r2]
 80023d2:	2300      	movs	r3, #0
 80023d4:	e000      	b.n	80023d8 <HAL_UART_Receive+0x194>
 80023d6:	2302      	movs	r3, #2
 80023d8:	0018      	movs	r0, r3
 80023da:	b00b      	add	sp, #44	@ 0x2c
 80023dc:	bd00      	pop	{pc}
 80023de:	46c0      	nop			@ (mov r8, r8)
 80023e0:	000001ff 	.word	0x000001ff

080023e4 <HAL_UART_Transmit>:
 80023e4:	b500      	push	{lr}
 80023e6:	b089      	sub	sp, #36	@ 0x24
 80023e8:	9005      	str	r0, [sp, #20]
 80023ea:	9104      	str	r1, [sp, #16]
 80023ec:	9302      	str	r3, [sp, #8]
 80023ee:	230e      	movs	r3, #14
 80023f0:	446b      	add	r3, sp
 80023f2:	801a      	strh	r2, [r3, #0]
 80023f4:	2300      	movs	r3, #0
 80023f6:	9307      	str	r3, [sp, #28]
 80023f8:	9b05      	ldr	r3, [sp, #20]
 80023fa:	2269      	movs	r2, #105	@ 0x69
 80023fc:	5c9b      	ldrb	r3, [r3, r2]
 80023fe:	b2db      	uxtb	r3, r3
 8002400:	2b20      	cmp	r3, #32
 8002402:	d000      	beq.n	8002406 <HAL_UART_Transmit+0x22>
 8002404:	e08e      	b.n	8002524 <HAL_UART_Transmit+0x140>
 8002406:	9b04      	ldr	r3, [sp, #16]
 8002408:	2b00      	cmp	r3, #0
 800240a:	d004      	beq.n	8002416 <HAL_UART_Transmit+0x32>
 800240c:	230e      	movs	r3, #14
 800240e:	446b      	add	r3, sp
 8002410:	881b      	ldrh	r3, [r3, #0]
 8002412:	2b00      	cmp	r3, #0
 8002414:	d101      	bne.n	800241a <HAL_UART_Transmit+0x36>
 8002416:	2301      	movs	r3, #1
 8002418:	e085      	b.n	8002526 <HAL_UART_Transmit+0x142>
 800241a:	9b05      	ldr	r3, [sp, #20]
 800241c:	689a      	ldr	r2, [r3, #8]
 800241e:	2380      	movs	r3, #128	@ 0x80
 8002420:	015b      	lsls	r3, r3, #5
 8002422:	429a      	cmp	r2, r3
 8002424:	d109      	bne.n	800243a <HAL_UART_Transmit+0x56>
 8002426:	9b05      	ldr	r3, [sp, #20]
 8002428:	691b      	ldr	r3, [r3, #16]
 800242a:	2b00      	cmp	r3, #0
 800242c:	d105      	bne.n	800243a <HAL_UART_Transmit+0x56>
 800242e:	9b04      	ldr	r3, [sp, #16]
 8002430:	2201      	movs	r2, #1
 8002432:	4013      	ands	r3, r2
 8002434:	d001      	beq.n	800243a <HAL_UART_Transmit+0x56>
 8002436:	2301      	movs	r3, #1
 8002438:	e075      	b.n	8002526 <HAL_UART_Transmit+0x142>
 800243a:	9b05      	ldr	r3, [sp, #20]
 800243c:	2268      	movs	r2, #104	@ 0x68
 800243e:	5c9b      	ldrb	r3, [r3, r2]
 8002440:	2b01      	cmp	r3, #1
 8002442:	d101      	bne.n	8002448 <HAL_UART_Transmit+0x64>
 8002444:	2302      	movs	r3, #2
 8002446:	e06e      	b.n	8002526 <HAL_UART_Transmit+0x142>
 8002448:	9b05      	ldr	r3, [sp, #20]
 800244a:	2268      	movs	r2, #104	@ 0x68
 800244c:	2101      	movs	r1, #1
 800244e:	5499      	strb	r1, [r3, r2]
 8002450:	9b05      	ldr	r3, [sp, #20]
 8002452:	2200      	movs	r2, #0
 8002454:	66da      	str	r2, [r3, #108]	@ 0x6c
 8002456:	9b05      	ldr	r3, [sp, #20]
 8002458:	2269      	movs	r2, #105	@ 0x69
 800245a:	2121      	movs	r1, #33	@ 0x21
 800245c:	5499      	strb	r1, [r3, r2]
 800245e:	f7fe ff7d 	bl	800135c <HAL_GetTick>
 8002462:	0003      	movs	r3, r0
 8002464:	9307      	str	r3, [sp, #28]
 8002466:	9b05      	ldr	r3, [sp, #20]
 8002468:	220e      	movs	r2, #14
 800246a:	446a      	add	r2, sp
 800246c:	2150      	movs	r1, #80	@ 0x50
 800246e:	8812      	ldrh	r2, [r2, #0]
 8002470:	525a      	strh	r2, [r3, r1]
 8002472:	9b05      	ldr	r3, [sp, #20]
 8002474:	220e      	movs	r2, #14
 8002476:	446a      	add	r2, sp
 8002478:	2152      	movs	r1, #82	@ 0x52
 800247a:	8812      	ldrh	r2, [r2, #0]
 800247c:	525a      	strh	r2, [r3, r1]
 800247e:	e034      	b.n	80024ea <HAL_UART_Transmit+0x106>
 8002480:	9b05      	ldr	r3, [sp, #20]
 8002482:	2252      	movs	r2, #82	@ 0x52
 8002484:	5a9b      	ldrh	r3, [r3, r2]
 8002486:	b29b      	uxth	r3, r3
 8002488:	3b01      	subs	r3, #1
 800248a:	b299      	uxth	r1, r3
 800248c:	9b05      	ldr	r3, [sp, #20]
 800248e:	2252      	movs	r2, #82	@ 0x52
 8002490:	5299      	strh	r1, [r3, r2]
 8002492:	9a07      	ldr	r2, [sp, #28]
 8002494:	9805      	ldr	r0, [sp, #20]
 8002496:	9b02      	ldr	r3, [sp, #8]
 8002498:	9300      	str	r3, [sp, #0]
 800249a:	0013      	movs	r3, r2
 800249c:	2200      	movs	r2, #0
 800249e:	2180      	movs	r1, #128	@ 0x80
 80024a0:	f7ff fcca 	bl	8001e38 <UART_WaitOnFlagUntilTimeout>
 80024a4:	1e03      	subs	r3, r0, #0
 80024a6:	d001      	beq.n	80024ac <HAL_UART_Transmit+0xc8>
 80024a8:	2303      	movs	r3, #3
 80024aa:	e03c      	b.n	8002526 <HAL_UART_Transmit+0x142>
 80024ac:	9b05      	ldr	r3, [sp, #20]
 80024ae:	689a      	ldr	r2, [r3, #8]
 80024b0:	2380      	movs	r3, #128	@ 0x80
 80024b2:	015b      	lsls	r3, r3, #5
 80024b4:	429a      	cmp	r2, r3
 80024b6:	d111      	bne.n	80024dc <HAL_UART_Transmit+0xf8>
 80024b8:	9b05      	ldr	r3, [sp, #20]
 80024ba:	691b      	ldr	r3, [r3, #16]
 80024bc:	2b00      	cmp	r3, #0
 80024be:	d10d      	bne.n	80024dc <HAL_UART_Transmit+0xf8>
 80024c0:	9b04      	ldr	r3, [sp, #16]
 80024c2:	9306      	str	r3, [sp, #24]
 80024c4:	9b06      	ldr	r3, [sp, #24]
 80024c6:	881a      	ldrh	r2, [r3, #0]
 80024c8:	9b05      	ldr	r3, [sp, #20]
 80024ca:	681b      	ldr	r3, [r3, #0]
 80024cc:	05d2      	lsls	r2, r2, #23
 80024ce:	0dd2      	lsrs	r2, r2, #23
 80024d0:	b292      	uxth	r2, r2
 80024d2:	851a      	strh	r2, [r3, #40]	@ 0x28
 80024d4:	9b04      	ldr	r3, [sp, #16]
 80024d6:	3302      	adds	r3, #2
 80024d8:	9304      	str	r3, [sp, #16]
 80024da:	e006      	b.n	80024ea <HAL_UART_Transmit+0x106>
 80024dc:	9b04      	ldr	r3, [sp, #16]
 80024de:	1c5a      	adds	r2, r3, #1
 80024e0:	9204      	str	r2, [sp, #16]
 80024e2:	781a      	ldrb	r2, [r3, #0]
 80024e4:	9b05      	ldr	r3, [sp, #20]
 80024e6:	681b      	ldr	r3, [r3, #0]
 80024e8:	851a      	strh	r2, [r3, #40]	@ 0x28
 80024ea:	9b05      	ldr	r3, [sp, #20]
 80024ec:	2252      	movs	r2, #82	@ 0x52
 80024ee:	5a9b      	ldrh	r3, [r3, r2]
 80024f0:	b29b      	uxth	r3, r3
 80024f2:	2b00      	cmp	r3, #0
 80024f4:	d1c4      	bne.n	8002480 <HAL_UART_Transmit+0x9c>
 80024f6:	9a07      	ldr	r2, [sp, #28]
 80024f8:	9805      	ldr	r0, [sp, #20]
 80024fa:	9b02      	ldr	r3, [sp, #8]
 80024fc:	9300      	str	r3, [sp, #0]
 80024fe:	0013      	movs	r3, r2
 8002500:	2200      	movs	r2, #0
 8002502:	2140      	movs	r1, #64	@ 0x40
 8002504:	f7ff fc98 	bl	8001e38 <UART_WaitOnFlagUntilTimeout>
 8002508:	1e03      	subs	r3, r0, #0
 800250a:	d001      	beq.n	8002510 <HAL_UART_Transmit+0x12c>
 800250c:	2303      	movs	r3, #3
 800250e:	e00a      	b.n	8002526 <HAL_UART_Transmit+0x142>
 8002510:	9b05      	ldr	r3, [sp, #20]
 8002512:	2269      	movs	r2, #105	@ 0x69
 8002514:	2120      	movs	r1, #32
 8002516:	5499      	strb	r1, [r3, r2]
 8002518:	9b05      	ldr	r3, [sp, #20]
 800251a:	2268      	movs	r2, #104	@ 0x68
 800251c:	2100      	movs	r1, #0
 800251e:	5499      	strb	r1, [r3, r2]
 8002520:	2300      	movs	r3, #0
 8002522:	e000      	b.n	8002526 <HAL_UART_Transmit+0x142>
 8002524:	2302      	movs	r3, #2
 8002526:	0018      	movs	r0, r3
 8002528:	b009      	add	sp, #36	@ 0x24
 800252a:	bd00      	pop	{pc}

0800252c <aes_indep_enc_pretrigger>:
 800252c:	b082      	sub	sp, #8
 800252e:	9001      	str	r0, [sp, #4]
 8002530:	46c0      	nop			@ (mov r8, r8)
 8002532:	b002      	add	sp, #8
 8002534:	4770      	bx	lr

08002536 <aes_indep_enc_posttrigger>:
 8002536:	b082      	sub	sp, #8
 8002538:	9001      	str	r0, [sp, #4]
 800253a:	46c0      	nop			@ (mov r8, r8)
 800253c:	b002      	add	sp, #8
 800253e:	4770      	bx	lr

08002540 <Reset_Handler>:
 8002540:	2100      	movs	r1, #0
 8002542:	e003      	b.n	800254c <LoopCopyDataInit>

08002544 <CopyDataInit>:
 8002544:	4b0b      	ldr	r3, [pc, #44]	@ (8002574 <LoopForever+0x2>)
 8002546:	585b      	ldr	r3, [r3, r1]
 8002548:	5043      	str	r3, [r0, r1]
 800254a:	3104      	adds	r1, #4

0800254c <LoopCopyDataInit>:
 800254c:	480a      	ldr	r0, [pc, #40]	@ (8002578 <LoopForever+0x6>)
 800254e:	4b0b      	ldr	r3, [pc, #44]	@ (800257c <LoopForever+0xa>)
 8002550:	1842      	adds	r2, r0, r1
 8002552:	429a      	cmp	r2, r3
 8002554:	d3f6      	bcc.n	8002544 <CopyDataInit>
 8002556:	4a0a      	ldr	r2, [pc, #40]	@ (8002580 <LoopForever+0xe>)
 8002558:	e002      	b.n	8002560 <LoopFillZerobss>

0800255a <FillZerobss>:
 800255a:	2300      	movs	r3, #0
 800255c:	6013      	str	r3, [r2, #0]
 800255e:	3204      	adds	r2, #4

08002560 <LoopFillZerobss>:
 8002560:	4b08      	ldr	r3, [pc, #32]	@ (8002584 <LoopForever+0x12>)
 8002562:	429a      	cmp	r2, r3
 8002564:	d3f9      	bcc.n	800255a <FillZerobss>
 8002566:	e000      	b.n	800256a <LoopFillZerobss+0xa>
 8002568:	bf00      	nop
 800256a:	f000 f817 	bl	800259c <__libc_init_array>
 800256e:	f7fe faa5 	bl	8000abc <main>

08002572 <LoopForever>:
 8002572:	e7fe      	b.n	8002572 <LoopForever>
 8002574:	08002714 	.word	0x08002714
 8002578:	20000000 	.word	0x20000000
 800257c:	20000014 	.word	0x20000014
 8002580:	20000014 	.word	0x20000014
 8002584:	200002e8 	.word	0x200002e8

08002588 <BusFault_Handler>:
 8002588:	e7fe      	b.n	8002588 <BusFault_Handler>

0800258a <memset>:
 800258a:	0003      	movs	r3, r0
 800258c:	1882      	adds	r2, r0, r2
 800258e:	4293      	cmp	r3, r2
 8002590:	d100      	bne.n	8002594 <memset+0xa>
 8002592:	4770      	bx	lr
 8002594:	7019      	strb	r1, [r3, #0]
 8002596:	3301      	adds	r3, #1
 8002598:	e7f9      	b.n	800258e <memset+0x4>
 800259a:	0000      	movs	r0, r0

0800259c <__libc_init_array>:
 800259c:	b570      	push	{r4, r5, r6, lr}
 800259e:	2600      	movs	r6, #0
 80025a0:	4c0c      	ldr	r4, [pc, #48]	@ (80025d4 <__libc_init_array+0x38>)
 80025a2:	4d0d      	ldr	r5, [pc, #52]	@ (80025d8 <__libc_init_array+0x3c>)
 80025a4:	1b64      	subs	r4, r4, r5
 80025a6:	10a4      	asrs	r4, r4, #2
 80025a8:	42a6      	cmp	r6, r4
 80025aa:	d109      	bne.n	80025c0 <__libc_init_array+0x24>
 80025ac:	2600      	movs	r6, #0
 80025ae:	f000 f819 	bl	80025e4 <_init>
 80025b2:	4c0a      	ldr	r4, [pc, #40]	@ (80025dc <__libc_init_array+0x40>)
 80025b4:	4d0a      	ldr	r5, [pc, #40]	@ (80025e0 <__libc_init_array+0x44>)
 80025b6:	1b64      	subs	r4, r4, r5
 80025b8:	10a4      	asrs	r4, r4, #2
 80025ba:	42a6      	cmp	r6, r4
 80025bc:	d105      	bne.n	80025ca <__libc_init_array+0x2e>
 80025be:	bd70      	pop	{r4, r5, r6, pc}
 80025c0:	00b3      	lsls	r3, r6, #2
 80025c2:	58eb      	ldr	r3, [r5, r3]
 80025c4:	4798      	blx	r3
 80025c6:	3601      	adds	r6, #1
 80025c8:	e7ee      	b.n	80025a8 <__libc_init_array+0xc>
 80025ca:	00b3      	lsls	r3, r6, #2
 80025cc:	58eb      	ldr	r3, [r5, r3]
 80025ce:	4798      	blx	r3
 80025d0:	3601      	adds	r6, #1
 80025d2:	e7f2      	b.n	80025ba <__libc_init_array+0x1e>
 80025d4:	0800270c 	.word	0x0800270c
 80025d8:	0800270c 	.word	0x0800270c
 80025dc:	08002710 	.word	0x08002710
 80025e0:	0800270c 	.word	0x0800270c

080025e4 <_init>:
 80025e4:	b5f8      	push	{r3, r4, r5, r6, r7, lr}
 80025e6:	46c0      	nop			@ (mov r8, r8)
 80025e8:	bcf8      	pop	{r3, r4, r5, r6, r7}
 80025ea:	bc08      	pop	{r3}
 80025ec:	469e      	mov	lr, r3
 80025ee:	4770      	bx	lr

080025f0 <_fini>:
 80025f0:	b5f8      	push	{r3, r4, r5, r6, r7, lr}
 80025f2:	46c0      	nop			@ (mov r8, r8)
 80025f4:	bcf8      	pop	{r3, r4, r5, r6, r7}
 80025f6:	bc08      	pop	{r3}
 80025f8:	469e      	mov	lr, r3
 80025fa:	4770      	bx	lr
